# Blender v3.4.1 OBJ File: ''
# www.blender.org
mtllib bitch.mtl
o Object_62.003_Twins.003_g1_mesh_10.3125_0.002
v -0.879608 1.298353 4.616045
v -0.881813 1.294290 4.629720
v -0.892341 1.279594 4.637268
v -0.868778 1.291936 4.643826
v -0.893693 1.299709 4.663412
v -0.873072 1.300077 4.659433
v -0.875256 1.313977 4.674799
v -0.872662 1.319697 4.650260
v -0.892786 1.327133 4.650989
v -0.875452 1.323265 4.636132
v -0.895461 1.339616 4.635771
v -0.889447 1.332013 4.616981
v -0.904192 1.301693 4.609182
v -0.885127 1.310735 4.619804
v -0.877864 1.308542 4.631399
v -0.885864 1.290956 4.628006
v -0.847328 1.084262 4.586676
v -0.858430 1.081276 4.619759
v -0.829483 0.916692 4.565422
v -0.839676 0.896416 4.591580
v -0.808420 0.932180 4.590127
v -0.817113 0.929618 4.608276
v -0.803112 1.019237 4.609462
v -0.822733 0.995066 4.621336
v -0.817541 1.117861 4.628506
v -0.842164 1.107881 4.635558
v -0.883814 1.294616 4.647139
v -0.890512 1.299018 4.624117
v -0.850019 1.075813 4.582424
v -0.869857 1.072272 4.548274
v -0.846160 0.994644 4.552935
v -0.860466 0.995676 4.532840
v -0.830622 1.024475 4.530797
v -0.850910 1.025270 4.520680
v -0.836388 1.097446 4.531700
v -0.855361 1.067082 4.522742
v -0.885670 1.178788 4.561737
v -0.859878 1.189891 4.573983
v -0.840013 1.115043 4.567629
v -0.830023 1.049891 4.560522
v -0.835114 1.027504 4.567209
v -0.876447 1.288732 4.637875
v -0.831431 1.144698 4.611286
v -0.810394 1.039808 4.591578
v -0.814599 0.960045 4.574190
v -0.863223 1.305294 4.642998
v -0.817553 0.579812 4.456099
v -0.854091 0.929830 4.528316
v -0.800398 0.578683 4.484289
v -0.852428 0.928767 4.558280
v -0.896829 1.174515 4.566479
v -0.879507 1.175163 4.597471
v -0.889302 1.308035 4.616876
v -0.910052 1.302228 4.624949
v -0.827503 0.578006 4.485073
v -0.860637 0.921556 4.554051
v -0.850657 0.901819 4.577371
v -0.894320 1.206737 4.590928
v -0.895697 1.175642 4.621459
v -0.908038 1.297426 4.616968
v -0.850220 0.581626 4.441838
v -0.877742 0.920102 4.514419
v -0.882331 1.294052 4.629526
v -0.861236 1.196385 4.596115
v -0.822368 0.563664 4.514115
v -0.834339 0.553417 4.547941
v -0.866400 0.892201 4.603939
v -0.821712 0.964657 4.563234
v -0.895407 1.297600 4.620511
v -0.829710 1.382710 4.530186
v -0.813532 1.390878 4.513421
v -0.798130 1.380443 4.544493
v -0.785647 1.381484 4.533264
v -0.772421 1.377976 4.567413
v -0.755277 1.386060 4.552313
v -0.746390 1.387022 4.565554
v -0.743762 1.393381 4.545888
v -0.740157 1.398973 4.569989
v -0.737464 1.401884 4.551601
v -0.731555 1.404972 4.561818
v -0.729550 1.411112 4.556521
v -0.728191 1.411687 4.565383
v -0.727393 1.417288 4.569722
v -0.728169 1.423182 4.599610
v -0.734746 1.423201 4.578501
v -0.743259 1.428706 4.594865
v -0.739656 1.426245 4.568888
v -0.724726 1.424882 4.584778
v -0.722466 1.421153 4.573426
v -0.717600 1.423066 4.587020
v -0.718466 1.423752 4.571615
v -0.711245 1.427358 4.591605
v -0.716412 1.427804 4.568585
v -0.707306 1.433784 4.587052
v -0.713592 1.434811 4.568615
v -0.706728 1.441036 4.590243
v -0.712403 1.449098 4.575149
v -0.707645 1.449451 4.590647
v -0.697311 1.457557 4.592867
v -0.698300 1.456044 4.579992
v -0.690735 1.458986 4.586430
v -0.696078 1.460943 4.575430
v -0.688643 1.468546 4.584349
v -0.695727 1.467401 4.573734
v -0.699154 1.477946 4.571089
v -0.702903 1.473073 4.566390
v -0.702970 1.483160 4.568167
v -0.706886 1.474077 4.550862
v -0.702885 1.457047 4.545222
v -0.700284 1.468381 4.538654
v -0.699556 1.452112 4.524802
v -0.700219 1.463255 4.522990
v -0.705920 1.463896 4.498528
v -0.702023 1.470608 4.522294
v -0.706233 1.475469 4.499231
v -0.701009 1.477071 4.514995
v -0.707984 1.483323 4.499762
v -0.698858 1.485125 4.511455
v -0.699703 1.491497 4.507457
v -0.695883 1.495583 4.510961
v -0.690935 1.498165 4.518135
v -0.686182 1.501821 4.526472
v -0.683841 1.504235 4.526820
v -0.686170 1.503614 4.536408
v -0.680330 1.506371 4.538617
v -0.686494 1.506224 4.551918
v -0.683742 1.512289 4.558958
v -0.696073 1.496349 4.567824
v -0.697950 1.498085 4.575394
v -0.698538 1.487278 4.572667
v -0.695848 1.489747 4.578390
v -0.692830 1.476079 4.582169
v -0.688359 1.479978 4.587632
v -0.683994 1.468831 4.590405
v -0.687006 1.480651 4.594625
v -0.683379 1.470305 4.598217
v -0.687245 1.472802 4.604925
v -0.684368 1.462916 4.600238
v -0.690251 1.462913 4.607578
v -0.686724 1.458875 4.600636
v -0.694827 1.455643 4.599833
v -0.686794 1.458588 4.592158
v -0.823330 1.388941 4.755206
v -0.834428 1.427623 4.718599
v -0.814944 1.404083 4.738048
v -0.804035 1.411638 4.727861
v -0.786407 1.392289 4.753883
v -0.771747 1.408147 4.743640
v -0.760732 1.403090 4.754323
v -0.761141 1.418448 4.740590
v -0.752570 1.411135 4.764160
v -0.753746 1.423544 4.749507
v -0.744343 1.420902 4.759709
v -0.743093 1.428966 4.758274
v -0.739066 1.424941 4.766562
v -0.736852 1.427408 4.773150
v -0.735764 1.427223 4.781971
v -0.732767 1.417480 4.802899
v -0.741752 1.427278 4.784868
v -0.747883 1.423156 4.802777
v -0.750303 1.434781 4.777642
v -0.735192 1.426942 4.789191
v -0.731141 1.433563 4.776441
v -0.722460 1.427038 4.794434
v -0.730141 1.438766 4.775685
v -0.719827 1.434956 4.793356
v -0.728477 1.444994 4.778500
v -0.719224 1.439838 4.799463
v -0.727352 1.454017 4.791274
v -0.720777 1.446992 4.804112
v -0.721517 1.452631 4.806149
v -0.712880 1.458801 4.797629
v -0.704718 1.458312 4.803888
v -0.711328 1.465304 4.796069
v -0.702777 1.468040 4.806710
v -0.711308 1.471609 4.797882
v -0.715248 1.481605 4.801113
v -0.719407 1.479655 4.795117
v -0.719432 1.487605 4.802097
v -0.726294 1.479793 4.791706
v -0.725325 1.488247 4.783072
v -0.721686 1.476868 4.769032
v -0.719914 1.490130 4.768704
v -0.720926 1.483011 4.748882
v -0.721769 1.493546 4.752916
v -0.730621 1.505901 4.732919
v -0.723900 1.499882 4.756213
v -0.730922 1.515466 4.739401
v -0.723634 1.508998 4.753260
v -0.732828 1.521782 4.744276
v -0.722378 1.518224 4.754440
v -0.733911 1.530020 4.745899
v -0.723620 1.525500 4.754402
v -0.724815 1.527777 4.753612
v -0.719397 1.527587 4.758842
v -0.719712 1.530241 4.757807
v -0.713702 1.526364 4.765876
v -0.708021 1.525707 4.774530
v -0.705930 1.527829 4.775745
v -0.706948 1.522084 4.783988
v -0.700849 1.524051 4.786610
v -0.705204 1.516701 4.798342
v -0.701869 1.518432 4.807423
v -0.712797 1.507389 4.814162
v -0.713802 1.497077 4.815410
v -0.714434 1.489265 4.807473
v -0.711186 1.488499 4.813191
v -0.707481 1.475080 4.809021
v -0.702590 1.475942 4.815578
v -0.697570 1.465072 4.811686
v -0.700220 1.473087 4.821703
v -0.695776 1.462568 4.819075
v -0.699093 1.461033 4.826338
v -0.696547 1.455624 4.817174
v -0.701337 1.451161 4.823805
v -0.698799 1.451425 4.815770
v -0.706961 1.448560 4.813925
v -0.699893 1.455571 4.808241
v -0.703839 1.472528 4.827784
v -0.709748 1.468802 4.831922
v -0.713215 1.482757 4.834579
v -0.717638 1.480281 4.839202
v -0.715716 1.491053 4.836778
v -0.716562 1.489123 4.844736
v -0.706778 1.504441 4.856852
v -0.711648 1.498644 4.862733
v -0.709636 1.498432 4.877240
v -0.716022 1.495812 4.877374
v -0.719139 1.494202 4.886837
v -0.725385 1.493124 4.894648
v -0.726254 1.490484 4.893437
v -0.733721 1.489923 4.901244
v -0.733212 1.488265 4.898921
v -0.739567 1.485749 4.902518
v -0.737809 1.484214 4.900886
v -0.749963 1.484469 4.908257
v -0.736479 1.478250 4.897275
v -0.748961 1.476602 4.905720
v -0.737567 1.469966 4.893360
v -0.747521 1.468666 4.906650
v -0.747925 1.456944 4.907483
v -0.734880 1.456388 4.885679
v -0.734194 1.444939 4.884070
v -0.730043 1.461441 4.870939
v -0.730995 1.450054 4.863930
v -0.732749 1.467409 4.857225
v -0.723378 1.476376 4.842075
v -0.724107 1.466152 4.843656
v -0.719287 1.470719 4.840489
v -0.715291 1.460297 4.838793
v -0.705263 1.461240 4.830812
v -0.715481 1.453579 4.836936
v -0.706915 1.451629 4.828012
v -0.716253 1.448876 4.832094
v -0.716888 1.452959 4.823323
v -0.724182 1.447089 4.825959
v -0.722182 1.442664 4.818743
v -0.731231 1.442389 4.832475
v -0.721205 1.434213 4.819608
v -0.734374 1.428188 4.838001
v -0.722558 1.427050 4.822061
v -0.736287 1.421389 4.837008
v -0.726695 1.536318 4.746438
v -0.734073 1.544363 4.743076
v -0.724231 1.541589 4.748260
v -0.728201 1.554362 4.750479
v -0.737837 1.560929 4.735904
v -0.730701 1.585312 4.748082
v -0.765942 1.617040 4.736869
v -0.735928 1.630413 4.764089
v -0.758853 1.652721 4.756320
v -0.723800 1.645766 4.793886
v -0.746530 1.674369 4.803322
v -0.720663 1.655104 4.818388
v -0.747972 1.679788 4.837650
v -0.719251 1.659303 4.848330
v -0.749788 1.674118 4.873496
v -0.719872 1.654061 4.870762
v -0.723704 1.646905 4.892266
v -0.706375 1.624277 4.886589
v -0.730207 1.627747 4.914798
v -0.704231 1.601614 4.894098
v -0.737391 1.607489 4.929985
v -0.708317 1.567654 4.905691
v -0.733604 1.564263 4.931666
v -0.728735 1.521749 4.919954
v -0.749058 1.532281 4.935745
v -0.744866 1.506840 4.917975
v -0.757356 1.505797 4.932126
v -0.751285 1.495062 4.918242
v -0.759920 1.480351 4.923182
v -0.750955 1.488425 4.913589
v -0.743126 1.489337 4.912422
v -0.735308 1.487333 4.904717
v -0.740480 1.495049 4.913976
v -0.731987 1.493512 4.908225
v -0.728891 1.502000 4.911299
v -0.718264 1.502069 4.900126
v -0.710811 1.524263 4.902076
v -0.705183 1.507311 4.882602
v -0.699510 1.529210 4.878488
v -0.699544 1.514753 4.858059
v -0.695365 1.530893 4.859654
v -0.698787 1.526082 4.845902
v -0.694612 1.534287 4.849624
v -0.696287 1.527377 4.837328
v -0.692909 1.537653 4.840571
v -0.692696 1.539775 4.831034
v -0.692554 1.552732 4.844741
v -0.691473 1.555733 4.832491
v -0.690175 1.578866 4.852481
v -0.691183 1.587566 4.824321
v -0.693035 1.603932 4.859284
v -0.697618 1.620612 4.826971
v -0.702169 1.636104 4.844476
v -0.695778 1.494596 4.504750
v -0.701229 1.496635 4.494994
v -0.698605 1.502465 4.494174
v -0.707532 1.501941 4.487125
v -0.701632 1.513953 4.489295
v -0.709239 1.512531 4.472047
v -0.701002 1.539190 4.470845
v -0.732618 1.561588 4.440916
v -0.704683 1.586449 4.461104
v -0.724574 1.601910 4.440276
v -0.694175 1.614628 4.480126
v -0.715103 1.644249 4.470757
v -0.692538 1.635289 4.496700
v -0.719328 1.666890 4.497046
v -0.693599 1.654193 4.520082
v -0.725083 1.680406 4.530151
v -0.696823 1.661046 4.541945
v -0.703165 1.666502 4.563316
v -0.687175 1.643580 4.572071
v -0.713325 1.661834 4.591374
v -0.687554 1.627986 4.590158
v -0.723360 1.652139 4.613832
v -0.695758 1.604888 4.617213
v -0.723254 1.615876 4.637867
v -0.720807 1.573476 4.649976
v -0.741500 1.591194 4.655649
v -0.737738 1.560128 4.653839
v -0.751671 1.566323 4.665042
v -0.745230 1.549984 4.659255
v -0.755470 1.539945 4.670081
v -0.744773 1.541939 4.658937
v -0.743621 1.535687 4.656663
v -0.736978 1.542147 4.658359
v -0.728300 1.536152 4.653907
v -0.734204 1.547669 4.657262
v -0.725270 1.543282 4.653974
v -0.721474 1.551957 4.652739
v -0.710025 1.546381 4.644414
v -0.701338 1.565928 4.635904
v -0.694873 1.541182 4.628214
v -0.687415 1.557940 4.614764
v -0.686387 1.535026 4.604568
v -0.681213 1.549852 4.597976
v -0.683468 1.538268 4.588550
v -0.679277 1.547524 4.587937
v -0.680250 1.535036 4.580894
v -0.676414 1.545322 4.578601
v -0.675294 1.542395 4.569477
v -0.674991 1.560555 4.574790
v -0.672684 1.556823 4.562999
v -0.671463 1.586981 4.568151
v -0.669198 1.580036 4.539918
v -0.673014 1.611835 4.560858
v -0.673248 1.609375 4.524212
v -0.678018 1.631972 4.530637
v -0.845663 1.454283 4.707300
v -0.876278 1.468632 4.700710
v -0.866125 1.495519 4.704442
v -0.891261 1.490520 4.701709
v -0.793020 1.373291 4.821010
v -0.776418 1.376688 4.806922
v -0.768413 1.381648 4.830610
v -0.762654 1.381500 4.813566
v -0.759002 1.393105 4.828240
v -0.754754 1.389948 4.811496
v -0.755485 1.420165 4.829516
v -0.739530 1.414791 4.830328
v -0.747842 1.413414 4.844620
v -0.736767 1.417388 4.833496
v -0.723971 1.486134 4.882158
v -0.724054 1.482510 4.880266
v -0.719756 1.488588 4.867164
v -0.724152 1.478866 4.878685
v -0.719513 1.489109 4.861254
v -0.718733 1.486907 4.853870
v -0.720811 1.491349 4.884005
v -0.717185 1.493007 4.872055
v -0.721827 1.489480 4.880658
v -0.846107 1.509914 4.944530
v -0.849500 1.484200 4.934587
v -0.836213 1.537965 4.954319
v -0.820162 1.515110 4.944488
v -0.825247 1.446099 4.919982
v -0.790404 1.450242 4.923981
v -0.819045 1.460821 4.924675
v -0.807874 1.488458 4.933225
v -0.834331 1.487160 4.932648
v -0.672452 1.575531 4.511959
v -0.688630 1.571481 4.479668
v -0.711019 1.453708 4.605135
v -0.709739 1.451738 4.597843
v -0.708948 1.443233 4.600264
v -0.711251 1.446375 4.609881
v -0.708408 1.434677 4.602539
v -0.728343 1.418370 4.559681
v -0.726209 1.419749 4.557140
v -0.691970 1.493537 4.529703
v -0.692454 1.495729 4.545228
v -0.692187 1.489881 4.531522
v -0.692661 1.486077 4.533015
v -0.694085 1.496355 4.551014
v -0.695294 1.494256 4.558294
v -0.688498 1.499015 4.528671
v -0.688462 1.500417 4.541155
v -0.690448 1.496812 4.531803
v -0.804156 1.544319 4.414711
v -0.805360 1.572893 4.408752
v -0.771139 1.563493 4.419410
v -0.762078 1.593471 4.420241
v -0.787010 1.396455 4.633343
v -0.768772 1.391809 4.621720
v -0.763288 1.407979 4.640388
v -0.756411 1.399013 4.625998
v -0.753778 1.416132 4.632883
v -0.748682 1.405215 4.620429
v -0.743302 1.441626 4.637715
v -0.750839 1.438367 4.645865
v -0.747731 1.433981 4.640980
v -0.758641 1.428544 4.647056
v -0.715129 1.523132 4.636526
v -0.715373 1.518960 4.636807
v -0.715479 1.515213 4.637385
v -0.708474 1.515034 4.617891
v -0.707032 1.509275 4.612776
v -0.710356 1.532442 4.637219
v -0.711811 1.528925 4.635772
v -0.706337 1.529090 4.628385
v -0.706915 1.523746 4.625576
v -0.712703 1.524933 4.634095
v -0.742977 1.433271 4.764938
v -0.751478 1.435239 4.759737
v -0.723619 1.496879 4.466869
v -0.713656 1.487213 4.479785
v -0.717130 1.469145 4.481418
v -0.709420 1.443474 4.500643
v -0.702615 1.437524 4.528421
v -0.710293 1.441177 4.551063
v -0.708870 1.455116 4.557096
v -0.803287 1.479684 4.438990
v -0.818560 1.463858 4.438778
v -0.823767 1.466935 4.446583
v -0.834598 1.480988 4.427294
v -0.831458 1.512691 4.411114
v -0.827152 1.510004 4.404144
v -0.803521 1.527927 4.409354
v -0.806953 1.531162 4.414789
v -0.811366 1.527745 4.416531
v -0.823594 1.503500 4.427269
v -0.721117 1.497727 4.792873
v -0.712950 1.502346 4.798641
v -0.716906 1.500132 4.773792
v -0.713396 1.508433 4.772471
v -0.716529 1.512272 4.762319
v -0.713377 1.512449 4.773140
v -0.716049 1.517394 4.764360
v -0.713349 1.516499 4.773498
v -0.715492 1.522152 4.767315
v -0.717901 1.609553 4.770842
v -0.712760 1.567136 4.759463
v -0.698045 1.597759 4.798563
v -0.699836 1.572421 4.787778
v -0.691792 1.564455 4.812839
v -0.691458 1.542041 4.820610
v -0.697001 1.530711 4.829115
v -0.702278 1.513727 4.833052
v -0.704424 1.509860 4.841727
v -0.703035 1.487440 4.554638
v -0.696574 1.479499 4.538177
v -0.694551 1.484039 4.521985
v -0.693766 1.489406 4.521035
v -0.693239 1.495164 4.521607
v -0.685925 1.529228 4.492103
v -0.675402 1.548262 4.514936
v -0.670567 1.553998 4.541688
v -0.672895 1.538946 4.559875
v -0.679896 1.533846 4.571889
v -0.686781 1.521536 4.583179
v -0.690106 1.522483 4.592251
v -0.695985 1.526131 4.595551
v -0.694464 1.525743 4.607667
v -0.707246 1.486572 4.824800
v -0.709352 1.496373 4.827148
v -0.702405 1.515039 4.823429
v -0.693169 1.493861 4.589654
v -0.691400 1.496542 4.520728
v -0.689301 1.502573 4.545327
v -0.795511 1.514236 4.427421
v -0.790299 1.514045 4.433248
v -0.795820 1.488010 4.441883
v -0.791552 1.490802 4.447408
v -0.794083 1.474483 4.454974
v -0.764217 1.383591 4.524642
v -0.722830 1.426938 4.555314
v -0.725092 1.419132 4.547634
v -0.688113 1.509698 4.500247
v -0.691992 1.501091 4.502414
v -0.681662 1.510278 4.514307
v -0.756430 1.440070 4.636593
v -0.746924 1.438077 4.633901
v -0.736498 1.432642 4.619095
v -0.718392 1.532787 4.643712
v -0.718251 1.530298 4.642333
v -0.712016 1.520029 4.611865
v -0.705804 1.523371 4.620984
v -0.700182 1.523774 4.615165
v -0.708042 1.520357 4.605589
v -0.849643 1.589244 4.662812
v -0.840354 1.578168 4.662559
v -0.829446 1.606970 4.657979
v -0.814470 1.582171 4.663005
v -0.829582 1.552336 4.665398
v -0.768332 1.554381 4.671344
v -0.759853 1.523358 4.676243
v -0.787989 1.515025 4.682517
v -0.802520 1.390520 4.757459
v -0.751395 1.399846 4.777342
v -0.745883 1.407253 4.781048
v -0.744449 1.402276 4.797309
v -0.745670 1.433031 4.752875
v -0.846263 1.594165 4.706424
v -0.842557 1.598396 4.706322
v -0.694868 1.527666 4.812922
v -0.695756 1.533837 4.787683
v -0.692153 1.550447 4.803112
v -0.698781 1.558948 4.778784
v -0.740978 1.534714 4.729695
v -0.734289 1.536476 4.743313
v -0.727426 1.466317 4.789215
v -0.732440 1.463461 4.781535
v -0.726335 1.459826 4.791513
v -0.739400 1.463471 4.722536
v -0.761030 1.459834 4.706567
v -0.755466 1.482649 4.707866
v -0.779236 1.485369 4.699591
v -0.860689 1.547951 4.688253
v -0.835028 1.542370 4.700121
v -0.852175 1.554016 4.699500
v -0.769058 1.592000 4.728567
v -0.813102 1.604073 4.719653
v -0.745080 1.416893 4.821178
v -0.750346 1.412007 4.840625
v -0.739997 1.415341 4.824705
v -0.749489 1.410088 4.843945
v -0.824514 1.376671 4.835081
v -0.808119 1.374393 4.813891
v -0.828761 1.373226 4.811682
v -0.755264 1.405565 4.850530
v -0.751449 1.404878 4.844033
v -0.763039 1.396222 4.846874
v -0.877357 1.481796 4.927262
v -0.878323 1.513175 4.946630
v -0.881422 1.525881 4.964264
v -0.870963 1.524417 4.954518
v -0.867149 1.527796 4.957486
v -0.732569 1.451784 4.840156
v -0.730488 1.447572 4.835161
v -0.756169 1.415729 4.892520
v -0.775422 1.425415 4.912047
v -0.780258 1.405348 4.900031
v -0.800744 1.424578 4.916268
v -0.858033 1.475945 4.935078
v -0.875689 1.486423 4.938414
v -0.753884 1.579401 4.944725
v -0.731686 1.418328 4.559232
v -0.788870 1.378639 4.569357
v -0.691268 1.483490 4.599700
v -0.700298 1.495628 4.599270
v -0.741310 1.396018 4.586880
v -0.737280 1.404105 4.586445
v -0.738174 1.407921 4.602446
v -0.733796 1.411310 4.602315
v -0.729875 1.411916 4.550024
v -0.676830 1.522906 4.560061
v -0.674474 1.515329 4.535028
v -0.670904 1.536952 4.540380
v -0.674801 1.532069 4.514594
v -0.711325 1.458609 4.567319
v -0.710757 1.454292 4.572402
v -0.717016 1.422097 4.510013
v -0.737343 1.411089 4.495787
v -0.729895 1.431314 4.485859
v -0.752782 1.429748 4.474179
v -0.819418 1.489590 4.430540
v -0.819093 1.407311 4.639757
v -0.800841 1.394034 4.625050
v -0.729566 1.465914 4.639082
v -0.729290 1.469734 4.623101
v -0.724681 1.474974 4.627850
v -0.722404 1.472726 4.617207
v -0.720172 1.466292 4.615357
v -0.753931 1.468943 4.677581
v -0.779121 1.464524 4.686035
v -0.760410 1.448842 4.675633
v -0.784505 1.437313 4.677466
v -0.740722 1.423643 4.803743
v -0.738123 1.418583 4.818475
v -0.696585 1.571899 4.880175
v -0.696955 1.528179 4.789019
v -0.705284 1.539488 4.767694
v -0.713541 1.545388 4.756258
v -0.702400 1.503967 4.596274
v -0.694906 1.503718 4.586581
v -0.686304 1.517691 4.574379
v -0.689999 1.518433 4.567704
v -0.676342 1.511229 4.539248
v -0.733348 1.448335 4.850809
v -0.736714 1.434739 4.856065
v -0.736457 1.430467 4.879561
v -0.751083 1.436951 4.904020
v -0.763458 1.462876 4.920239
v -0.773010 1.490901 4.932679
v -0.793252 1.506058 4.936321
v -0.790645 1.529930 4.948581
v -0.811921 1.414945 4.653054
v -0.776403 1.412518 4.647592
v -0.795325 1.423610 4.666802
v -0.767567 1.423520 4.653872
v -0.760733 1.434186 4.661885
v -0.746927 1.447231 4.661225
v -0.738119 1.458635 4.658980
v -0.731880 1.474556 4.661211
v -0.723410 1.483193 4.638376
v -0.713389 1.486145 4.613890
v -0.844433 1.430005 4.652833
v -0.821317 1.449235 4.674888
v -0.807584 1.466516 4.684923
v -0.799201 1.489215 4.687481
v -0.774195 1.487569 4.686687
v -0.747999 1.492977 4.676992
v -0.743441 1.511607 4.670068
v -0.742188 1.521334 4.663496
v -0.742949 1.527639 4.658566
v -0.836107 1.521118 4.702599
v -0.836557 1.499034 4.701260
v -0.821468 1.467175 4.698444
v -0.804979 1.446076 4.704484
v -0.783625 1.419549 4.719666
v -0.769554 1.432906 4.712632
v -0.751825 1.429081 4.735004
v -0.743705 1.435345 4.745938
v -0.838456 1.442919 4.462746
v -0.808563 1.443380 4.461920
v -0.821851 1.408494 4.488749
v -0.795886 1.414646 4.477407
v -0.781932 1.399067 4.495513
v -0.748483 1.391206 4.513854
v -0.733210 1.399324 4.536961
v -0.725843 1.409918 4.543998
v -0.693857 1.548624 4.856884
v -0.698144 1.546055 4.877831
v -0.710904 1.540497 4.901620
v -0.733214 1.418572 4.789790
v -0.736776 1.419102 4.776189
v -0.740304 1.416375 4.770465
v -0.718869 1.428260 4.807248
v -0.721886 1.445001 4.811426
v -0.705915 1.503275 4.878135
v -0.830535 1.558856 4.964245
v -0.864039 1.540843 4.958450
v -0.907575 1.503413 4.930121
v -0.885261 1.440160 4.901287
v -0.857168 1.439752 4.911513
v -0.731210 1.424031 4.612293
v -0.726907 1.418536 4.601231
v -0.726304 1.417921 4.588291
v -0.727653 1.411528 4.576799
v -0.730313 1.406379 4.573127
v -0.704714 1.454271 4.598107
v -0.695412 1.535619 4.626368
v -0.712741 1.507893 4.793173
v -0.863132 1.584176 4.688207
v -0.867147 1.546922 4.694176
v -0.854216 1.525938 4.701963
v -0.736030 1.454882 4.772153
v -0.738451 1.443972 4.764184
v -0.737782 1.447807 4.761724
v -0.741958 1.441250 4.753752
v -0.719726 1.458486 4.796063
v -0.721881 1.462991 4.791662
v -0.721085 1.472815 4.791306
v -0.716952 1.536728 4.753783
v -0.720282 1.529986 4.753366
v -0.852960 1.510204 4.948669
v -0.890251 1.507230 4.961627
v -0.891275 1.478478 4.936758
v -0.743489 1.433955 4.847239
v -0.746548 1.420489 4.847809
v -0.746658 1.422525 4.851752
v -0.752010 1.412726 4.854121
v -0.723440 1.448334 4.831750
v -0.726293 1.450140 4.837444
v -0.726268 1.458199 4.843179
v -0.734332 1.686083 4.564774
v -0.743217 1.680149 4.598071
v -0.768299 1.657868 4.639288
v -0.743372 1.636041 4.638696
v -0.779681 1.621592 4.655380
v -0.853168 1.505329 4.428900
v -0.843587 1.537264 4.417683
v -0.797296 1.522670 4.424132
v -0.779005 1.542163 4.427178
v -0.736691 1.535804 4.446201
v -0.719075 1.440143 4.557274
v -0.721158 1.428968 4.551770
v -0.705028 1.455310 4.577872
v -0.706467 1.457080 4.571638
v -0.704872 1.465057 4.566482
v -0.703978 1.506548 4.604125
v -0.712964 1.460806 4.608850
v -0.721327 1.460329 4.615373
v -0.726480 1.450996 4.626961
v -0.735435 1.460800 4.631057
v -0.740569 1.449598 4.637290
v -0.740525 1.453553 4.640047
v -0.746960 1.446435 4.646484
v -0.712703 1.465140 4.612962
v -0.705741 1.465498 4.613872
v -0.716199 1.469524 4.616735
v -0.705002 1.472174 4.615654
v -0.716031 1.479234 4.617302
v -0.704651 1.478632 4.613958
v -0.730968 1.417196 4.802948
v -0.727952 1.415881 4.810178
v -0.731095 1.417042 4.818628
v -0.724685 1.420836 4.816401
v -0.854446 1.581055 4.705873
v -0.856782 1.566996 4.704536
v -0.885952 1.565572 4.709175
v -0.901861 1.511512 4.711915
v -0.787399 1.555829 4.955080
v -0.820802 1.588714 4.966651
v -0.778851 1.595940 4.958656
v -0.808340 1.610186 4.959953
v -0.759329 1.637918 4.932706
v -0.732561 1.429291 4.597978
v -0.722374 1.423388 4.602144
v -0.731074 1.432559 4.613849
v -0.716112 1.433333 4.613062
v -0.677913 1.563348 4.586594
v -0.684433 1.571879 4.605524
v -0.820206 1.515996 4.421944
v -0.873522 1.460681 4.456753
v -0.863534 1.437335 4.460285
v -0.733162 1.487790 4.896369
v -0.728747 1.482283 4.889786
v -0.729147 1.476790 4.888657
v -0.726434 1.472266 4.872671
v -0.742637 1.417456 4.869996
v -0.718113 1.422815 4.603306
v -0.712495 1.426740 4.603410
v -0.713604 1.441286 4.615176
v -0.680698 1.637642 4.552005
v -0.681372 1.595239 4.594662
v -0.699960 1.579568 4.627172
v -0.696268 1.495352 4.513460
v -0.703841 1.478476 4.541692
v -0.710883 1.424194 4.535887
v -0.741342 1.455735 4.469851
v -0.775584 1.450550 4.463398
v -0.763721 1.410445 4.484358
v -0.781989 1.433474 4.466898
v -0.801564 1.458496 4.457041
v -0.800350 1.472639 4.447314
v -0.741821 1.432299 4.614397
v -0.761318 1.438466 4.616683
v -0.750279 1.439730 4.619854
v -0.730504 1.439380 4.627595
v -0.729611 1.444574 4.629079
v -0.725963 1.533841 4.648622
v -0.725441 1.532129 4.646591
v -0.731007 1.531681 4.651789
v -0.720620 1.523708 4.644487
v -0.729584 1.524466 4.652126
v -0.721586 1.518680 4.646025
v -0.731089 1.515329 4.652656
v -0.718112 1.506664 4.635255
v -0.730014 1.506223 4.649639
v -0.723142 1.503235 4.630023
v -0.750276 1.440600 4.653658
v -0.735427 1.411868 4.814226
v -0.731828 1.412886 4.801591
v -0.765722 1.520042 4.441296
v -0.756627 1.493402 4.455683
v -0.782055 1.491586 4.448513
v -0.769037 1.465676 4.460366
v -0.837282 1.393689 4.501345
v -0.850303 1.417996 4.471993
v -0.725763 1.404970 4.518970
v -0.719281 1.412083 4.536333
v -0.742191 1.511753 4.457210
v -0.699715 1.531198 4.627878
v -0.711807 1.494318 4.607460
v -0.716406 1.504546 4.615744
v -0.723017 1.494386 4.623756
v -0.722373 1.496366 4.639083
v -0.728761 1.499690 4.653686
v -0.728852 1.489174 4.657902
v -0.822437 1.510193 4.676963
v -0.815891 1.525320 4.673931
v -0.803428 1.553008 4.668626
v -0.787537 1.569603 4.664120
v -0.784070 1.596252 4.662807
v -0.823319 1.629931 4.656227
v -0.811293 1.656352 4.644370
v -0.720383 1.436617 4.809493
v -0.739707 1.436450 4.762841
v -0.710005 1.522148 4.775076
v -0.708723 1.516778 4.786586
v -0.711332 1.518450 4.776579
v -0.711260 1.514746 4.786303
v -0.859204 1.434215 4.711880
v -0.830481 1.429128 4.914502
v -0.851684 1.455053 4.918112
v -0.844717 1.470434 4.922582
v -0.789799 1.375467 4.785227
v -0.777780 1.375544 4.786671
v -0.772666 1.386921 4.770302
v -0.765796 1.378941 4.788720
v -0.758200 1.393898 4.769630
v -0.756935 1.385746 4.791569
v -0.748662 1.393988 4.794521
v -0.749097 1.398234 4.813088
v -0.745941 1.400166 4.827831
v -0.752302 1.398841 4.838442
v -0.745943 1.405352 4.835824
v -0.829173 1.578421 4.707309
v -0.822946 1.575603 4.711399
v -0.798004 1.578492 4.718961
v -0.772641 1.565339 4.726068
v -0.752558 1.549275 4.724851
v -0.743863 1.518173 4.722152
v -0.733362 1.487420 4.724896
v -0.723190 1.468539 4.744373
v -0.728139 1.459878 4.766325
v -0.726175 1.468610 4.778480
v -0.830897 1.532320 4.703487
v -0.855841 1.544271 4.706025
v -0.857771 1.459413 4.921700
v -0.879825 1.500490 4.940426
v -0.793150 1.379793 4.599404
v -0.780072 1.379937 4.602448
v -0.768331 1.380116 4.604741
v -0.760731 1.381625 4.585807
v -0.757120 1.384054 4.606145
v -0.746861 1.387139 4.583132
v -0.748914 1.391362 4.605659
v -0.741576 1.399709 4.604517
v -0.743805 1.412577 4.617939
v -0.742326 1.421545 4.629506
v -0.748265 1.426104 4.639292
v -0.742533 1.429992 4.633605
v -0.739873 1.405737 4.798745
v -0.741370 1.405283 4.825017
v -0.742552 1.411061 4.832072
v -0.812718 1.549285 4.712011
v -0.786786 1.549395 4.716857
v -0.797638 1.521922 4.707708
v -0.769092 1.510573 4.707883
v -0.803726 1.506918 4.702994
v -0.723314 1.496922 4.777327
v -0.746852 1.443567 4.721729
v -0.738359 1.441684 4.739810
v -0.730349 1.452746 4.744569
v -0.727117 1.480700 4.854862
v -0.762328 1.398785 4.881352
v -0.750898 1.405831 4.867060
v -0.841558 1.410738 4.900178
v -0.808668 1.405710 4.902974
v -0.823013 1.394900 4.886987
v -0.786013 1.385878 4.879239
v -0.737726 1.424198 4.624733
v -0.739025 1.432464 4.627740
v -0.726139 1.489026 4.890801
v -0.727599 1.487831 4.889694
v -0.716623 1.494869 4.868161
v -0.754391 1.403722 4.857625
v -0.764062 1.393372 4.861965
v -0.771697 1.387685 4.850474
v -0.797974 1.379005 4.864325
v -0.848188 1.387875 4.860212
v -0.726756 1.419721 4.796437
v -0.727079 1.416745 4.803069
v -0.721637 1.420555 4.804571
v -0.702270 1.629824 4.865582
v -0.754662 1.660625 4.906643
v -0.719593 1.526006 4.760892
v -0.788737 1.462889 4.699415
v -0.808986 1.489892 4.698136
v -0.830474 1.515165 4.704503
v -0.823823 1.530375 4.709572
v -0.827175 1.548523 4.706325
v -0.735234 1.408214 4.800097
v -0.862956 1.405353 4.881553
v -0.729828 1.414154 4.602197
v -0.794787 1.601598 4.410755
v -0.753118 1.615486 4.429821
v -0.781404 1.629210 4.419693
v -0.763044 1.651518 4.441730
v -0.781015 1.380880 4.840384
v -0.815827 1.377489 4.849640
v -0.697801 1.482211 4.604243
v -0.705198 1.496081 4.603833
v -0.707663 1.488464 4.609514
v -0.693589 1.475202 4.607959
v -0.695995 1.465540 4.610334
v -0.699551 1.460509 4.603462
v -0.714099 1.523746 4.767199
v -0.708916 1.516367 4.791252
v -0.822165 1.548504 4.711554
v -0.759916 1.411530 4.844584
v -0.852713 1.469165 4.927792
v -0.761375 1.693918 4.518381
v -0.757097 1.684906 4.494568
v -0.751488 1.668398 4.468901
v -0.840179 1.532953 4.664288
v -0.739267 1.417825 4.552832
v -0.803715 1.367858 4.600587
v -0.803345 1.375771 4.784068
v -0.813237 1.364250 4.779819
v -0.746167 1.438292 4.638313
v -0.716733 1.496496 4.887452
v -0.865531 1.524309 4.963524
v -0.872827 1.460765 4.930304
v -0.738531 1.445658 4.844394
v -0.708179 1.455557 4.589211
v -0.731435 1.464724 4.845426
v -0.723813 1.431218 4.616073
v -0.751510 1.425658 4.567783
v -0.726301 1.474100 4.790890
v -0.689902 1.500585 4.517422
v -0.700588 1.492974 4.505697
v -0.695446 1.497229 4.508678
v -0.708574 1.491304 4.496928
v -0.715406 1.457451 4.806826
v -0.691009 1.498356 4.541707
v -0.723924 1.496250 4.859190
v -0.755305 1.436171 4.591142
v -0.824389 1.484802 4.440510
v -0.715741 1.452296 4.561407
v -0.712807 1.529059 4.766465
v -0.740993 1.433420 4.764719
v -0.715931 1.513524 4.805155
v -0.727821 1.421520 4.576887
v -0.744443 1.438657 4.635429
v -0.731496 1.459457 4.843075
v -0.686277 1.500095 4.517467
v -0.766248 1.419661 4.827144
v -0.707446 1.453860 4.583424
v -0.701818 1.459893 4.588206
v -0.855302 1.518878 4.951221
v -0.761326 1.433679 4.777405
v -0.762455 1.430681 4.803468
v -0.709382 1.471222 4.562486
v -0.720982 1.486129 4.615416
v -0.717026 1.422170 4.595927
v -0.734297 1.429517 4.777209
v -0.721340 1.454136 4.800323
v -0.885792 1.476191 4.943375
v -0.831489 1.587150 4.709239
v -0.709992 1.466071 4.564693
v -0.728338 1.425002 4.789302
v -0.711063 1.459593 4.602816
v -0.736831 1.463693 4.885929
v -0.732182 1.471673 4.867044
v -0.695946 1.506817 4.569276
v -0.712798 1.499384 4.807805
v -0.728810 1.416432 4.556785
v -0.697839 1.507154 4.558073
v -0.809273 1.376612 4.565482
v -0.705331 1.464262 4.604247
v -0.733652 1.435297 4.625808
v -0.691257 1.496570 4.535838
v -0.710205 1.453321 4.809187
v -0.709255 1.521332 4.625228
v -0.821368 1.392293 4.621143
v -0.806465 1.462619 4.451586
v -0.818407 1.529119 4.403850
v -0.698970 1.503555 4.551628
v -0.711937 1.515928 4.780099
v -0.709975 1.510968 4.846620
v -0.706978 1.518928 4.818560
v -0.695827 1.500203 4.546175
v -0.726483 1.536461 4.649643
v -0.709425 1.517280 4.623305
v -0.719394 1.491173 4.870861
v -0.711835 1.520226 4.619101
v -0.748414 1.412046 4.841650
v -0.866763 1.582469 4.696070
v -0.855200 1.601317 4.697267
v -0.722729 1.448771 4.820201
v -0.702396 1.514720 4.597695
v -0.849574 1.527760 4.693524
v -0.720024 1.425691 4.609553
v -0.892019 1.509788 4.953617
v -0.722112 1.492357 4.895657
v -0.708419 1.495562 4.491599
v -0.827259 1.478857 4.422756
v -0.714173 1.535446 4.645153
v -0.721305 1.480563 4.615791
v -0.707932 1.534789 4.636635
v -0.715440 1.499146 4.843469
v -0.741430 1.433489 4.761253
v -0.715170 1.513486 4.791054
v -0.716957 1.447594 4.812800
v -0.720512 1.499732 4.853673
v -0.732615 1.533756 4.652123
v -0.717251 1.535662 4.643605
v -0.712062 1.510587 4.787787
v -0.717949 1.513222 4.797824
v -0.839791 1.598633 4.699863
v -0.709287 1.528862 4.765650
v -0.843828 1.486799 4.930655
v -0.721717 1.489149 4.876552
v -0.722592 1.492640 4.865207
v -0.875791 1.463895 4.921666
v -0.711233 1.450422 4.820192
v -0.711919 1.522822 4.630544
v -0.719422 1.528368 4.641739
v -1.208320 0.229395 5.071689
v -1.160360 0.003497 5.030099
v -1.173007 0.232333 5.062459
v -1.223719 0.582627 4.968833
v -1.218948 0.564582 4.976326
v -1.247015 0.567158 4.972747
v -1.187259 0.632801 5.056606
v -1.211184 0.638600 5.078980
v -1.211083 0.593803 5.075484
v -1.201008 0.607976 4.994118
v -1.205439 0.638538 4.995512
v -1.192756 0.629702 5.015986
v -1.088567 0.934898 4.965326
v -1.137005 0.820863 4.950596
v -1.096253 0.925956 4.932312
v -1.154784 0.245275 5.032099
v -1.157382 0.254712 4.999071
v -1.175389 0.502222 5.043207
v -1.284687 0.461349 5.085240
v -1.235761 0.228653 5.061057
v -1.248892 0.418083 5.091466
v -1.297933 0.495359 5.039853
v -1.301244 0.548668 5.027092
v -1.287941 0.840866 4.983228
v -1.284818 0.734418 4.942152
v -1.204354 0.776278 5.094059
v -1.254804 0.646876 5.093112
v -1.256144 0.796650 5.087574
v -1.294183 0.669019 5.079006
v -1.289372 0.828656 5.045422
v -1.311040 0.695726 5.033823
v -1.307244 0.724333 4.982136
v -1.135729 0.109870 4.152178
v -1.165741 0.216218 4.142018
v -1.138248 0.131678 4.177248
v -1.154552 0.232484 4.170827
v -1.181791 0.396925 4.140170
v -1.162925 0.375571 4.161874
v -1.173583 0.465598 4.147052
v -1.176857 0.457286 4.186703
v -1.190226 0.592965 4.136703
v -1.194369 0.591203 4.177742
v -1.199963 0.637987 4.144098
v -1.203607 0.631371 4.170375
v -1.211173 0.650937 4.161925
v -1.223561 0.645221 4.186751
v -1.227980 0.651805 4.184295
v -1.126240 0.993424 4.312043
v -1.178601 0.880981 4.284854
v -1.204116 0.786412 4.258950
v -1.226774 0.690817 4.211098
v -1.254434 0.662661 4.208908
v -1.279273 0.670032 4.205615
v -1.253952 0.650834 4.209362
v -1.248019 0.630616 4.213219
v -1.279034 0.624760 4.212007
v -1.278717 0.596138 4.215103
v -1.134758 0.020040 4.945790
v -1.161758 0.039955 4.932425
v -1.155301 0.128833 4.970584
v -1.174943 0.143084 4.945470
v -1.171683 0.309360 4.978097
v -1.179274 0.286499 4.951588
v -1.176956 0.377375 4.964798
v -1.212044 0.366479 4.947414
v -1.183550 0.505249 4.979331
v -1.221086 0.501021 4.961349
v -1.197988 0.549999 4.980978
v -1.221935 0.543011 4.968576
v -1.246742 0.559409 4.969802
v -1.164950 0.945582 4.901707
v -1.212649 0.828992 4.917705
v -1.225936 0.977994 4.917130
v -1.267067 0.844294 4.938701
v -1.235177 0.730456 4.924622
v -1.248710 0.621666 4.948439
v -1.286711 0.629249 4.964299
v -1.280348 0.584908 4.967227
v -1.296473 0.590981 4.986429
v -1.283505 0.567770 4.973500
v -1.297050 0.567380 4.992968
v -1.283484 0.543003 4.975088
v -1.301248 0.535710 5.002184
v -1.300578 0.505202 5.006906
v -1.188228 0.187714 4.206589
v -1.211533 0.124033 4.202028
v -1.197537 0.389453 4.210419
v -1.224041 0.472612 4.222833
v -1.192678 0.463172 4.209313
v -1.243000 0.595450 4.219719
v -1.213266 0.594568 4.200982
v -1.219639 0.632138 4.193348
v -1.218461 0.089074 4.123834
v -1.254115 0.316796 4.102751
v -1.207419 0.188451 4.104415
v -1.218788 0.329941 4.102053
v -1.275510 0.579884 4.087018
v -1.240557 0.586988 4.096855
v -1.253396 0.663412 4.086380
v -1.233262 0.642088 4.106794
v -1.242298 0.699182 4.093123
v -1.222834 0.663178 4.111830
v -1.228709 0.707070 4.107761
v -1.204623 0.667093 4.132174
v -1.223224 0.062607 4.146360
v -1.226926 0.040630 4.168688
v -1.225426 0.049738 4.144392
v -1.242178 0.045397 4.163437
v -1.232233 0.078067 4.181959
v -1.275223 0.337128 4.186628
v -1.244249 0.366395 4.210042
v -1.305952 0.522240 4.198658
v -1.304397 0.586008 4.194489
v -1.202019 0.069633 4.121605
v -1.216552 0.055848 4.127924
v -1.232942 0.050145 4.136104
v -1.242004 0.062332 4.139380
v -1.245044 0.081281 4.142382
v -1.220192 0.078680 4.118930
v -1.189606 0.078429 4.113078
v -1.154819 0.091987 4.136704
v -1.185290 0.205561 4.115378
v -1.191960 0.340804 4.120732
v -1.191233 0.478603 4.128230
v -1.210213 0.594759 4.107359
v -1.206873 0.630746 4.118853
v -1.212915 0.663793 4.149264
v -1.213750 0.664358 4.171640
v -1.201858 0.685381 4.163221
v -1.203317 0.695648 4.186219
v -1.195730 0.717068 4.171812
v -1.172925 0.797949 4.221360
v -1.162066 0.805747 4.193913
v -1.146348 0.875432 4.251663
v -1.128879 0.892594 4.219564
v -1.095065 0.987208 4.291244
v -1.081751 0.992554 4.248315
v -1.154734 -0.049949 5.053772
v -1.185916 -0.056210 5.031886
v -1.164192 -0.048253 5.049161
v -1.183238 -0.054361 5.037781
v -1.177777 -0.042691 5.046752
v -1.204066 -0.041924 5.032331
v -1.184602 -0.025346 5.046371
v -1.189445 -0.004789 5.043555
v -1.155155 -0.007042 5.038278
v -1.130008 -0.008925 5.019874
v -1.143360 0.103870 5.026767
v -1.124997 0.000572 4.976826
v -1.142145 0.120079 5.001500
v -1.170748 0.391706 4.989109
v -1.168978 0.509104 5.011527
v -1.179359 0.544052 5.001345
v -1.191144 0.579457 4.991322
v -1.209913 0.576558 4.987101
v -1.204756 0.603580 4.972015
v -1.214502 0.620581 4.957505
v -1.198014 0.637326 4.970638
v -1.188750 0.730443 4.943687
v -1.165327 0.729545 4.963249
v -1.169619 0.814160 4.927761
v -1.128783 0.933968 4.901876
v -1.187197 0.079587 4.115014
v -1.140124 0.090377 4.179603
v -1.144626 0.083784 4.197949
v -1.156386 0.137596 4.201190
v -1.165699 0.245429 4.191319
v -1.173791 0.368952 4.191168
v -1.232337 0.662757 4.194306
v -1.125705 -0.017963 5.044152
v -1.106015 -0.003470 5.010865
v -1.131447 -0.005339 4.938859
v -1.163644 -0.012728 4.924051
v -1.193625 0.044362 4.934458
v -1.198900 0.154715 4.943884
v -1.209553 0.278029 4.945984
v -1.239856 0.370956 4.949008
v -1.251316 0.503781 4.962981
v -1.250154 0.544439 4.966050
v -1.253389 0.583850 4.963481
v -1.323234 0.775251 4.194898
v -1.342052 0.723329 4.146608
v -1.318234 0.693660 4.181056
v -1.325536 0.667798 4.186439
v -1.352269 0.653523 4.158823
v -1.323062 0.622125 4.191946
v -1.349850 0.599384 4.165223
v -1.333574 0.550837 4.165329
v -1.335516 0.614215 4.136997
v -1.319369 0.504954 4.139715
v -1.311169 0.576790 4.122043
v -1.301061 0.574963 4.109641
v -1.310574 0.623830 4.108148
v -1.285262 0.656147 4.089675
v -1.270907 0.693741 4.088303
v -1.232214 0.735528 4.095960
v -1.214931 0.721903 4.130759
v -1.211571 0.695053 4.143418
v -1.308958 0.608587 5.032868
v -1.305501 0.630095 5.076714
v -1.315841 0.579522 5.043554
v -1.308496 0.561533 5.089167
v -1.310914 0.531695 5.051432
v -1.301793 0.508673 5.092407
v -1.271564 0.523896 5.096259
v -1.238093 0.489050 5.088605
v -1.219707 0.488809 5.087879
v -1.233843 0.534085 5.092686
v -1.185768 0.495606 5.078331
v -1.209686 0.563858 5.082854
v -1.185946 0.572434 5.060111
v -1.192108 0.601109 5.054020
v -1.191457 0.611013 5.036371
v -1.215067 0.723675 4.155900
v -1.193381 0.805356 4.169079
v -1.181548 0.836946 4.143310
v -1.210701 0.860988 4.117534
v -1.264188 0.743818 4.092179
v -1.258766 0.882203 4.118906
v -1.308210 0.750074 4.106134
v -1.300300 0.892878 4.155081
v -1.332846 0.763499 4.143353
v -1.307897 0.906890 4.215505
v -1.275973 0.900977 4.269958
v -1.294267 0.788188 4.243420
v -1.255878 0.788622 4.269099
v -1.265775 0.698344 4.220557
v -1.181003 0.720621 4.998915
v -1.154385 0.742856 5.023386
v -1.164511 0.756892 5.065727
v -1.225346 0.033165 4.982337
v -1.220540 0.096258 4.957531
v -1.239391 0.297357 4.955512
v -1.268167 0.379676 4.968451
v -1.283808 0.504268 4.976038
v -1.185091 0.555209 5.029982
v -1.184791 0.575571 5.018490
v -1.201510 -0.057093 5.017495
v -1.216511 -0.011242 5.012238
v -1.256609 0.247209 5.036304
v -1.262076 0.274667 4.996553
v -1.294164 0.431381 5.047554
v -1.170396 0.046378 4.239860
v -1.175573 0.072455 4.225980
v -1.193537 0.038738 4.222042
v -1.195567 0.067953 4.218128
v -1.175718 0.058033 4.203175
v -1.318515 0.702680 4.121756
v -1.296175 0.693175 4.105858
v -1.328086 0.651780 4.125074
v -1.309349 0.642260 4.120640
v -1.152128 0.934786 4.175702
v -1.202675 0.972545 4.150654
v -1.249201 0.968444 4.153237
v -1.246943 1.048742 4.211080
v -1.263677 1.048099 4.251530
v -1.126987 -0.048403 4.922200
v -1.144948 -0.031022 4.929149
v -1.175488 -0.042327 4.938012
v -1.193896 -0.041146 4.947063
v -1.270374 0.605839 5.081439
v -1.242147 0.595059 5.078556
v -1.266671 0.558928 5.092398
v -1.248707 0.550647 5.081737
v -1.131073 0.846632 5.010141
v -1.158397 0.873380 5.066231
v -1.200739 0.869117 5.085649
v -1.215417 0.963502 5.059678
v -1.249144 0.975114 5.034295
v -1.285451 0.316520 4.157261
v -1.299844 0.637783 4.194654
v -1.207361 1.051083 4.177413
v -1.145010 1.061770 4.176617
v -1.116657 1.047446 4.195216
v -1.090940 1.011452 4.220256
v -1.137004 0.919480 4.185644
v -1.164729 0.956203 5.068793
v -1.108555 0.967671 5.042047
v -1.094468 0.960599 5.008783
v -1.124578 0.835587 4.990199
v -1.280307 0.315380 4.128299
v -1.220046 0.066272 4.172231
v -1.196055 0.043239 4.184287
v -1.301668 0.722379 4.213102
v -1.276622 0.651970 4.206406
v -1.193232 -0.054715 4.978949
v -1.309898 0.649142 4.995920
v -1.179420 0.086240 4.114075
v -1.210466 0.065565 4.118429
v -1.217699 0.058127 4.194509
v -1.215903 0.045398 4.157743
v -1.210554 0.039249 4.183826
v -1.186151 1.020550 4.338164
v -1.234869 1.036513 4.313200
v -1.235938 0.894309 4.297936
v -1.129361 -0.028095 5.060673
v -1.146688 -0.024551 5.041083
v -1.174236 -0.060419 4.996662
v -1.165896 -0.063685 4.973663
v -1.254576 0.984119 4.966054
v -1.266018 0.493832 4.219396
v -1.288144 0.401339 5.005272
v -0.935640 -0.012148 4.347532
v -0.921442 -0.014771 4.348197
v -0.937024 0.005298 4.332497
v -0.859889 -0.032908 4.338497
v -0.866618 -0.041516 4.331729
v -0.844196 -0.037593 4.333717
v -1.011611 0.026413 4.102203
v -1.000884 0.018539 4.098583
v -1.007525 0.027890 4.086730
v -0.908439 0.022197 4.108681
v -0.893748 0.015945 4.099465
v -0.898785 0.010248 4.093185
v -0.972480 -0.011277 4.947860
v -0.966960 -0.022413 4.938277
v -0.988559 -0.013192 4.929196
v -0.998247 -0.063720 4.890824
v -0.751953 -0.032934 5.089290
v -0.769779 -0.040937 5.077749
v -0.695171 -0.021708 4.939575
v -0.725173 -0.016463 4.933733
v -0.714461 -0.010764 4.956633
v -0.904831 -0.031937 5.119950
v -0.915934 -0.032453 5.119199
v -0.905515 -0.043663 5.127631
v -0.837554 -0.019626 4.943756
v -0.849920 -0.045546 4.936078
v -0.864090 -0.024478 4.943625
v -1.014214 -0.097772 4.882447
v -0.943131 -0.027060 4.823907
v -0.927987 -0.028849 4.824699
v -0.926986 -0.045158 4.812622
v -0.986790 -0.073973 4.926807
v -1.010618 -0.082595 4.961027
v -0.982508 -0.081714 4.967192
v -0.960844 -0.093075 5.048967
v -1.000005 -0.110174 5.087502
v -0.967525 -0.085628 5.098169
v -0.725428 -0.034252 4.973230
v -0.874448 -0.046614 5.079997
v -0.949279 -0.054073 5.080947
v -0.942533 -0.057949 5.061295
v -0.968842 -0.013282 5.073840
v -0.998659 -0.028209 5.082499
v -0.988196 -0.031057 5.084291
v -0.748614 -0.001863 5.070430
v -0.744614 -0.011533 5.086920
v -0.726069 -0.012000 5.068500
v -0.961367 -0.073743 4.940763
v -0.973898 -0.047373 4.928561
v -0.936918 -0.069942 4.943929
v -0.833445 -0.015665 4.961870
v -0.847100 -0.013951 4.962678
v -0.848973 -0.019663 4.974845
v -0.957033 -0.022818 4.849092
v -0.956994 -0.026541 4.826648
v -0.864914 -0.049342 4.814794
v -0.887074 -0.054893 4.815244
v -0.880966 -0.043585 4.815288
v -0.947262 -0.020900 5.041183
v -0.944401 -0.040343 5.040864
v -0.865197 -0.053137 5.045803
v -0.996225 -0.027874 5.097087
v -0.862521 -0.046224 4.994386
v -0.859889 -0.024232 5.004013
v -0.847874 -0.046039 4.996278
v -0.879252 -0.020556 5.097505
v -0.875361 -0.008897 5.090650
v -0.893822 -0.005975 5.086987
v -0.992641 -0.018287 4.049862
v -0.931503 -0.021045 4.050294
v -0.910237 -0.023109 4.062640
v -0.910824 -0.018843 4.050630
v -0.847034 -0.009615 4.057664
v -0.831002 -0.005373 4.041749
v -0.803554 -0.000068 4.044151
v -0.818906 0.014695 4.042241
v -0.827773 0.025214 4.060029
v -0.908240 0.011579 4.075660
v -0.930561 0.013377 4.074684
v -0.975425 -0.003967 4.089758
v -0.972141 -0.010447 4.098170
v -0.980474 0.013600 4.102057
v -0.915720 -0.006777 4.090542
v -0.913349 0.009833 4.093310
v -0.895150 -0.016211 4.092369
v -0.886516 -0.003932 4.088211
v -0.817686 -0.009632 4.091445
v -0.811944 0.012706 4.091735
v -0.764379 0.010262 4.093466
v -0.815102 0.023115 4.112240
v -0.767752 0.020050 4.110026
v -0.786929 0.008719 4.126519
v -1.020910 -0.070561 5.114183
v -1.010027 -0.100017 5.111803
v -0.997488 -0.063995 5.117969
v -0.980949 -0.086428 5.113761
v -0.981187 -0.065913 5.119395
v -0.971397 -0.079480 5.115969
v -0.915706 -0.067170 5.125319
v -0.895870 -0.068904 5.112329
v -0.895242 -0.064124 5.124118
v -0.832028 -0.059615 5.110710
v -0.814471 -0.055114 5.125288
v -0.787164 -0.052127 5.119896
v -0.801560 -0.036545 5.122594
v -0.811443 -0.026155 5.105273
v -0.893749 -0.034828 5.097612
v -0.915810 -0.032056 5.100444
v -0.956839 -0.049796 5.086397
v -0.963065 -0.033034 5.085923
v -0.894485 -0.039716 5.094476
v -0.895047 -0.023871 5.096877
v -0.874007 -0.041920 5.092663
v -0.865653 -0.029345 5.097589
v -0.797574 -0.032082 5.090646
v -0.792112 -0.009676 5.090166
v -0.796142 0.000780 5.069646
v -0.768160 -0.013494 5.054592
v -0.907265 0.014841 4.052845
v -0.909138 -0.002854 4.045379
v -0.922191 0.000978 4.047189
v -0.932586 -0.006041 4.047135
v -0.932296 0.012139 4.056045
v -0.993920 0.015281 4.063647
v -0.989085 0.020786 4.077904
v -0.983605 0.015415 4.089118
v -0.984031 0.014131 4.099366
v -0.982554 0.028423 4.122415
v -0.879778 0.014174 4.097038
v -0.880836 0.018997 4.116273
v -0.893992 0.006148 4.130692
v -0.895530 -0.010391 4.126463
v -0.890629 -0.030681 5.120090
v -0.892503 -0.047990 5.128472
v -0.916280 -0.050981 5.128913
v -0.979887 -0.044715 5.114326
v -0.977073 -0.033357 5.103286
v -0.970481 -0.033147 5.092109
v -0.891646 -0.053855 4.863728
v -0.925592 -0.049292 4.867201
v -0.913108 -0.060942 4.865457
v -0.940829 -0.002286 5.022066
v -0.954768 -0.015257 5.041192
v -0.964607 -0.016906 5.050364
v -0.905160 -0.031520 5.107574
v -0.783717 -0.035366 5.108306
v -0.800505 -0.051738 5.101390
v -0.829283 -0.036839 5.097619
v -0.838792 -0.053200 5.098409
v -0.895169 -0.054028 5.092205
v -0.967996 -0.033084 5.085900
v -0.748853 -0.030594 5.063637
v -0.794095 -0.033250 5.060270
v -0.758683 -0.050596 4.945774
v -0.730901 -0.045801 4.965590
v -0.713531 -0.041953 4.946706
v -0.694692 -0.031968 4.962778
v -0.839887 -0.063983 5.001157
v -0.928574 -0.061252 4.994428
v -0.897282 -0.037712 4.859890
v -0.908145 -0.030334 4.853395
v -0.913064 -0.037911 4.862306
v -0.936997 -0.033676 4.860761
v -0.918792 -0.027405 4.846085
v -1.000728 -0.061563 4.255167
v -1.009791 -0.042390 4.227113
v -0.987171 -0.039610 4.261076
v -1.006804 -0.031601 4.234600
v -1.020035 0.023129 4.267397
v -1.054787 0.032144 4.258849
v -1.091759 0.036809 4.260571
v -1.089762 0.054073 4.250596
v -1.082695 -0.011737 4.172916
v -1.131375 -0.005255 4.149082
v -1.072999 -0.004686 4.152031
v -1.132467 -0.008568 4.134538
v -0.855192 -0.047995 4.323548
v -0.839054 -0.038172 4.326511
v -1.011248 0.044142 4.236264
v -1.069525 0.069041 4.227055
v -1.047945 0.046381 4.253636
v -1.081708 0.063066 4.239962
v -1.162956 -0.002650 4.147886
v -1.189726 0.025603 4.154099
v -1.164178 -0.000246 4.127359
v -1.194455 0.034901 4.108708
v -0.993039 0.034420 4.147391
v -0.995697 0.036715 4.128604
v -1.000326 0.047659 4.154842
v -1.007083 0.046077 4.132154
v -1.017034 -0.105020 4.895726
v -1.003828 -0.084662 4.894526
v -1.009149 -0.093332 4.931785
v -1.002667 -0.081508 4.928672
v -0.860074 -0.009546 5.089735
v -0.862684 -0.002471 5.071635
v -0.877538 -0.009729 5.058814
v -0.877304 -0.027461 5.056362
v -0.733728 -0.037935 4.222888
v -0.745633 -0.010798 4.223059
v -0.764197 -0.032997 4.212574
v -0.801419 -0.014323 4.208457
v -0.885434 -0.013375 4.208004
v -0.900107 -0.010990 4.207444
v -0.970366 -0.005797 4.205250
v -0.965908 -0.027240 4.191304
v -0.970162 -0.008972 4.197891
v -0.900072 -0.020880 4.194515
v -0.975642 0.014515 4.203826
v -0.897879 0.002957 4.193900
v -0.974448 0.029795 4.185519
v -0.894315 0.020124 4.176442
v -0.978814 0.015326 4.158054
v -0.901075 0.011603 4.155003
v -0.902269 -0.010798 4.144332
v -0.883729 -0.013432 4.144566
v -0.874544 -0.037313 4.156679
v -0.765713 -0.030495 4.975984
v -0.848212 -0.047459 4.984532
v -0.850200 -0.061928 4.973328
v -0.863231 -0.045834 4.986715
v -0.934842 -0.045490 4.989140
v -0.934472 -0.046472 4.995020
v -0.944612 -0.020583 4.999518
v -0.856272 -0.014591 5.026340
v -0.863154 -0.030114 5.043434
v -0.845615 -0.054792 5.045104
v -0.838321 -0.071747 5.031092
v -0.750142 0.005569 4.179286
v -0.745737 0.008276 4.154397
v -0.795731 0.010833 4.187191
v -0.796154 0.016550 4.159045
v -0.870648 0.008638 4.187350
v -0.864835 0.016904 4.166482
v -0.884114 0.010069 4.186651
v -0.879353 0.018943 4.171777
v -0.884949 0.014180 4.156559
v -0.869576 0.002507 4.148767
v -0.803224 -0.006271 4.146468
v -0.758616 -0.013117 4.143977
v -0.726353 -0.015288 4.148630
v -0.993281 -0.034535 4.238080
v -1.001083 -0.025463 4.243066
v -0.999475 -0.008060 4.256153
v -1.007764 -0.020244 4.909512
v -1.059928 -0.024547 4.911636
v -1.024731 -0.022110 4.920536
v -1.051596 -0.014299 4.922877
v -1.024524 -0.097925 4.996260
v -1.008954 -0.095413 5.020517
v -1.066423 -0.110470 5.017580
v -1.064064 -0.117999 5.031641
v -0.874972 -0.064464 4.816436
v -0.859156 -0.054164 4.819516
v -0.859442 -0.061860 4.825986
v -0.971619 -0.008284 4.957755
v -1.010461 -0.011864 4.931475
v -1.025734 -0.006000 4.955813
v -1.040320 -0.008836 4.936305
v -1.097506 -0.116086 5.016165
v -1.097059 -0.119560 5.036932
v -1.127193 -0.096664 5.012363
v -1.138189 -0.095720 5.058179
v -0.975577 -0.010377 5.051068
v -0.967088 -0.014578 5.039043
v -0.982657 -0.011748 5.067969
v -0.981015 -0.019173 5.059341
v -1.017447 0.033947 4.258350
v -0.996461 0.014127 4.258410
v -1.002669 0.029552 4.250046
v -0.984425 -0.016964 4.270938
v -0.772037 -0.011062 4.091427
v -0.756303 -0.007091 4.246384
v -0.896066 0.016009 4.241262
v -0.884126 0.011107 4.247524
v -0.881110 0.018193 4.233922
v -0.921337 0.013051 4.054293
v -0.898869 0.000495 4.255684
v -0.885494 -0.012821 4.255435
v -0.868707 0.012069 4.248272
v -0.993366 -0.057187 4.268369
v -1.009501 -0.067503 4.284589
v -1.028185 -0.073857 4.280850
v -0.905641 -0.035849 4.343552
v -0.906513 -0.015609 4.345102
v -1.013063 -0.021741 4.126283
v -1.009626 -0.033162 4.207544
v -1.026905 -0.025491 4.205813
v -0.991824 -0.028961 4.065215
v -1.037947 -0.035366 4.072198
v -0.968057 -0.022261 4.116547
v -0.895313 -0.021919 4.103815
v -0.876869 -0.032510 4.186704
v -0.974853 -0.005660 4.148611
v -0.984506 0.019645 4.145962
v -0.983340 0.021553 4.158936
v -0.975729 -0.035503 4.240146
v -1.004662 -0.005679 4.260927
v -1.112105 0.079646 4.220010
v -1.126327 0.095632 4.195174
v -1.062081 0.081542 4.189541
v -1.137198 0.098675 4.156079
v -1.059581 0.086061 4.155595
v -1.160379 0.094192 4.125866
v -1.061421 0.079666 4.134732
v -1.080629 0.076242 4.108051
v -0.714195 -0.028487 5.005904
v -0.685228 -0.033934 5.017297
v -0.709187 -0.018314 5.028656
v -0.760230 -0.026810 4.998921
v -0.760053 -0.014433 5.024441
v -0.832936 -0.022903 5.004346
v -0.827444 -0.016638 5.025744
v -0.847712 -0.019985 5.011567
v -0.842961 -0.015537 5.027391
v -0.847889 -0.025221 5.041700
v -0.832653 -0.033299 5.043426
v -0.764949 -0.033902 5.043437
v -0.720341 -0.036301 5.045514
v -1.000399 -0.054186 4.909178
v -1.071513 -0.004918 4.945895
v -1.085941 0.000556 4.965823
v -1.016881 -0.003687 4.996880
v -1.092008 -0.001370 5.004589
v -1.021176 -0.004636 5.033793
v -1.110686 -0.013360 5.043224
v -1.024336 -0.013193 5.053962
v -1.042545 -0.027265 5.076846
v -0.799978 0.017246 4.054856
v -0.815247 0.000344 4.063740
v -0.853024 -0.003029 4.070259
v -0.908386 -0.007365 4.081954
v -0.978792 -0.028107 4.057596
v -0.974438 -0.019060 4.081885
v -0.984056 -0.027144 4.100691
v -1.000746 -0.032824 4.169521
v -0.990247 -0.035698 4.212758
v -0.956643 -0.083116 5.107347
v -0.953399 -0.065779 5.087409
v -0.955729 -0.073395 5.072209
v -0.968040 -0.081450 5.008715
v -0.955306 -0.079715 4.966656
v -0.874835 -0.051349 4.305608
v -0.874984 -0.052524 4.322143
v -0.890589 -0.054821 4.318414
v -0.888817 -0.048467 4.332614
v -0.916527 -0.048931 4.334285
v -0.898554 -0.036361 4.339872
v -0.897376 -0.016943 4.341550
v -0.907291 0.000257 4.332798
v -0.920873 0.003632 4.332735
v -0.871845 -0.072282 4.826627
v -0.894564 -0.069946 4.815875
v -0.909779 -0.075003 4.818242
v -0.909266 -0.060864 4.811534
v -0.937015 -0.061720 4.811829
v -0.919602 -0.047529 4.814593
v -0.918573 -0.031643 4.825901
v -0.927673 -0.024846 4.844387
v -0.941186 -0.023108 4.847532
v -0.988421 0.028540 4.215944
v -0.983112 0.026893 4.206045
v -0.994607 0.037862 4.219587
v -0.987235 0.040719 4.195660
v -0.990054 0.035945 4.171270
v -0.992858 0.030040 4.155437
v -1.022400 0.035560 4.105840
v -0.794308 0.006772 4.245419
v -0.793364 0.003832 4.220634
v -0.867443 0.009704 4.213562
v -0.894491 0.012398 4.220722
v -0.976844 0.020397 4.218207
v -0.955084 -0.012658 4.989366
v -0.959166 -0.008020 4.982256
v -0.951150 -0.009405 5.000789
v -0.958704 -0.000572 5.011272
v -0.963734 -0.005693 5.032287
v -0.972500 -0.014150 5.043410
v -1.006801 -0.028077 5.080950
v -0.734878 -0.029381 4.930592
v -0.765472 -0.015104 4.933902
v -0.764137 -0.011397 4.958822
v -0.832722 -0.023841 4.978503
v -0.860292 -0.022863 4.980511
v -0.945734 -0.019179 4.987232
v -1.011387 0.007101 4.282218
v -1.091887 0.022359 4.272502
v -1.134532 0.030749 4.260663
v -1.141689 0.080004 4.224578
v -0.965887 -0.020049 4.147265
v -0.978418 -0.002977 4.143626
v -0.974707 0.016548 4.141407
v -0.903874 0.016235 4.127562
v -0.894232 0.019614 4.113839
v -0.835442 -0.023540 4.325799
v -0.837938 -0.032195 4.330051
v -0.845559 -0.040686 4.331950
v -0.864000 -0.044415 4.330809
v -0.874314 -0.044287 4.334064
v -0.877114 -0.039471 4.337126
v -0.879879 -0.033091 4.338979
v -0.879817 -0.018170 4.339666
v -1.026518 -0.027178 4.883130
v -1.070959 -0.029375 4.897199
v -1.097436 -0.042769 4.902037
v -1.106279 -0.011871 4.932718
v -0.954087 -0.035809 5.044740
v -0.957849 -0.016357 5.053288
v -0.889352 -0.003250 5.067416
v -0.877140 -0.002247 5.077127
v -0.855492 -0.043320 4.829347
v -0.858355 -0.047269 4.820661
v -0.866115 -0.052917 4.814205
v -0.884385 -0.057539 4.813874
v -0.894947 -0.055921 4.812191
v -0.898004 -0.050440 4.813204
v -0.900921 -0.044557 4.816146
v -0.900917 -0.032790 4.825346
v -0.865114 0.016443 4.230430
v -0.979103 0.013091 4.252491
v -0.973700 0.024532 4.241370
v -0.994337 0.025940 4.252047
v -0.992819 0.039884 4.240657
v -0.876309 -0.019107 4.337110
v -0.876647 -0.006913 4.330726
v -0.880133 -0.005227 4.333120
v -0.877752 -0.002669 4.329070
v -0.874345 -0.003320 4.325427
v -0.876419 -0.000006 4.324157
v -0.867035 -0.003625 4.323310
v -0.864624 -0.001233 4.321463
v -0.847839 -0.008897 4.326416
v -0.843070 -0.006455 4.324541
v -0.839682 -0.013736 4.328154
v -0.838502 -0.014011 4.325899
v -0.836652 -0.022500 4.330328
v -0.850264 -0.019174 4.948743
v -0.862703 -0.013735 4.962668
v -0.948225 -0.019576 4.951307
v -0.943167 -0.010182 4.967144
v -0.963641 -0.011495 4.949692
v -0.960674 -0.000711 4.964693
v -0.897197 -0.034959 4.826432
v -0.900649 -0.027243 4.838748
v -0.896967 -0.029873 4.839224
v -0.897921 -0.027793 4.843315
v -0.894206 -0.030455 4.845415
v -0.896159 -0.028885 4.848673
v -0.886737 -0.031642 4.846325
v -0.884172 -0.030888 4.849117
v -0.867892 -0.032524 4.839254
v -0.862975 -0.031616 4.841942
v -0.859921 -0.034598 4.834241
v -0.858547 -0.036203 4.835686
v -0.857097 -0.039662 4.826684
v -1.129804 0.000093 4.087687
v -1.162644 0.017243 4.094574
v -1.122401 0.029465 4.066047
v -1.158650 0.044413 4.080195
v -1.125194 0.068981 4.089325
v -1.174508 0.072270 4.099393
v -0.729747 -0.022695 4.242781
v -0.753813 -0.037297 4.240467
v -0.769329 -0.015153 4.252401
v -0.798586 -0.029735 4.242312
v -0.886502 -0.028526 4.219522
v -0.970965 -0.030045 4.216932
v -0.965835 -0.022447 4.201082
v -0.965647 -0.035265 4.165126
v -0.745277 0.009658 4.111303
v -0.768113 -0.008646 4.116961
v -0.746428 -0.008999 4.098400
v -0.789587 -0.018804 4.103554
v -0.813283 -0.010779 4.121784
v -1.069302 -0.116013 5.078567
v -1.102450 -0.109484 5.071725
v -1.072267 -0.090557 5.105404
v -1.106544 -0.083250 5.090891
v -1.080002 -0.047435 5.088197
v -1.125829 -0.052076 5.075716
v -0.854141 -0.059017 4.944499
v -0.933021 -0.071274 4.968036
v -0.929006 -0.063313 4.986759
v -0.930045 -0.069164 5.015620
v -0.726599 -0.030606 5.081515
v -0.938958 -0.051593 5.044942
v -0.933242 -0.055277 5.037116
v -1.064316 -0.077349 4.234965
v -1.132478 -0.063105 4.214807
v -1.174683 -0.031745 4.200122
v -1.181668 -0.016354 4.225145
v -1.075755 0.038961 4.068961
v -1.084562 0.008632 4.056587
v -1.083004 -0.016105 4.083030
v -1.077847 -0.016776 4.131419
v -1.138904 -0.059777 4.251580
v -1.079625 -0.081161 4.272860
v -1.086803 -0.051869 4.289404
v -1.038908 -0.062147 4.298388
v -1.022793 -0.034363 4.310338
v -1.016924 -0.058802 4.302424
v -0.936596 -0.035833 4.340470
v -0.934424 -0.047420 4.329305
v -0.920690 -0.036980 4.343624
v -0.871325 -0.032058 4.294615
v -0.874366 -0.009134 4.296175
v -0.896266 -0.013389 4.292162
v -0.897441 -0.050708 4.299983
v -0.915406 -0.013796 4.294340
v -0.927364 -0.028939 4.298665
v -1.059446 -0.128841 4.914208
v -1.089192 -0.140765 4.937845
v -1.115599 -0.129622 4.957070
v -1.127021 -0.109851 4.934369
v -1.135252 -0.101360 4.968877
v -1.036456 -0.064877 5.109046
v -1.035881 -0.099046 5.113656
v -1.025447 -0.116854 5.083429
v -1.012355 -0.111031 5.038158
v -1.109961 -0.123714 4.900150
v -1.086151 -0.088911 4.864212
v -1.080032 -0.122222 4.874818
v -1.054832 -0.091588 4.852702
v -1.043657 -0.059865 4.845968
v -1.039779 -0.086749 4.848519
v -0.957620 -0.049532 4.816866
v -0.954648 -0.065474 4.817915
v -0.941982 -0.046839 4.812840
v -0.888485 -0.072082 4.849764
v -0.914978 -0.084241 4.835308
v -0.932362 -0.060942 4.864830
v -0.944674 -0.070311 4.852486
v -1.036397 0.032904 4.081208
v -1.012309 0.023530 4.068810
v -0.999430 -0.001964 4.050956
v -0.856034 -0.002694 4.313702
v -0.878796 0.000608 4.310050
v -0.894691 0.002028 4.309489
v -0.908150 -0.003418 4.299508
v -0.918184 0.004227 4.315518
v -0.937836 0.002078 4.314241
v -0.926393 -0.045908 4.307780
v -0.913274 -0.053430 4.317945
v -1.021479 -0.039331 5.102030
v -0.999554 -0.039600 5.111529
v -0.874859 -0.036571 4.853150
v -0.956565 -0.036940 4.861338
v -1.045016 -0.108171 4.867739
v -1.031143 -0.101373 4.864436
v -0.944590 -0.077258 4.834498
v -0.932333 -0.075557 4.821026
v -0.982201 -0.010101 4.255116
v -0.901127 -0.019666 4.256200
v -0.889993 -0.025557 4.247641
v -1.062497 -0.061303 4.203372
v -1.005175 -0.031541 4.231090
v -0.873594 -0.039593 4.333522
v -0.877082 -0.033189 4.337159
v -0.860597 -0.007157 4.332483
v -0.949999 -0.042888 4.938044
v -0.864666 -0.045385 4.936495
v -1.045061 -0.123366 4.950823
v -0.985837 -0.078161 4.940133
v -0.894180 -0.052671 4.815610
v -0.897974 -0.045653 4.817270
v -0.881135 -0.027997 4.836660
v -1.146293 0.087739 4.210461
v -1.139616 0.099750 4.174167
v -1.158965 0.090935 4.127604
v -1.197597 0.064493 4.104502
v -1.219785 0.060389 4.129833
v -0.884791 -0.019189 4.192851
v -0.722089 -0.004818 4.169106
v -0.746528 -0.021824 4.169127
v -0.760449 -0.007159 4.185561
v -0.787090 -0.023042 4.178458
v -0.920604 0.014004 4.066621
v -0.853628 -0.010274 4.304006
v -0.838170 -0.010633 4.321718
v -0.999180 0.048305 4.189305
v -1.005676 0.048284 4.217959
v -0.907011 -0.002720 4.134478
v -0.965661 -0.020638 4.136444
v -0.836789 -0.031106 4.334551
v -0.834306 -0.020905 4.331967
v -0.837343 -0.012107 4.329352
v -0.844649 -0.006833 4.326749
v -0.840401 -0.012267 4.332927
v -0.840190 -0.029608 4.336705
v -1.121017 -0.009169 4.932160
v -1.108166 -0.001448 4.962247
v -1.148967 -0.065503 5.068937
v -1.172970 -0.071663 5.041271
v -1.160357 -0.083838 5.008710
v -0.688168 -0.038082 5.040127
v -0.708520 -0.051423 5.023465
v -0.728126 -0.047647 5.038964
v -0.749216 -0.057445 5.016760
v -0.871680 -0.048447 4.855678
v -0.857846 -0.036336 4.841024
v -0.959892 -0.009371 5.007522
v -0.964840 -0.006988 4.977901
v -0.890403 -0.016582 5.055262
v -0.857608 -0.043455 4.817895
v -0.854904 -0.037253 4.826328
v -0.857696 -0.032451 4.834240
v -0.864743 -0.030560 4.840134
v -0.861058 -0.030427 4.831640
v -0.861185 -0.041116 4.817471
v -1.040136 -0.019849 4.050454
v -1.004879 -0.020249 4.049720
v -1.174285 0.003635 4.246895
v -1.140834 -0.028816 4.269950
v -1.092130 -0.002679 4.289695
v -1.027328 -0.008510 4.304103
v -0.853209 -0.047284 4.310497
v -0.847788 -0.029491 4.304239
v -0.840213 -0.039793 4.316652
v -0.836583 -0.026742 4.314711
v -0.987285 -0.037132 4.165396
v -1.183281 -0.001983 4.170231
v -1.146023 -0.037257 4.174900
v -1.126942 -0.083585 4.913322
v -1.108065 -0.092209 4.888618
v -1.083765 -0.043126 4.874497
v -1.045418 -0.035332 4.857479
v -0.892956 -0.079779 4.829123
v -0.865889 -0.062537 4.842587
v -0.855650 -0.053012 4.835715
v -0.952514 -0.074263 5.014496
v -1.119774 -0.114487 4.992015
v -1.086014 -0.134320 4.983523
v -0.915266 -0.047754 4.300403
v -0.845406 -0.036272 4.331839
v -0.838149 -0.030990 4.331920
v -0.932767 -0.082756 4.838111
v -0.865953 -0.049629 4.817155
v -0.858731 -0.045154 4.820048
v -1.042759 0.009260 4.058577
v -1.015185 0.005094 4.054248
v -0.925909 -0.009199 4.297285
v -0.839592 -0.013988 4.311067
v -0.766648 -0.021520 4.153832
v -0.883780 0.014011 4.222433
v -1.196535 0.009665 4.194469
v -0.898706 -0.000576 4.329070
v -0.888758 0.001969 4.320706
v -0.844312 0.013849 4.069629
v -0.772533 -0.040025 4.222712
v -1.142371 -0.067262 4.942314
v -0.943119 -0.056123 4.866343
v -0.858324 -0.045877 4.846980
v -0.723862 -0.043017 5.004154
v -1.149583 -0.083410 4.983306
v -1.042133 1.272587 4.839330
v -0.767324 1.598764 4.704638
v -0.725552 1.612806 4.738401
v -0.773945 1.629810 4.699893
v -0.748997 1.681003 4.643157
v -0.716706 1.678139 4.553553
v -0.715682 1.665316 4.874620
v -0.889417 1.464338 4.911842
v -0.880369 1.542838 4.754057
v -0.730092 1.718039 4.760981
v -0.742154 1.734234 4.846241
v -0.706910 1.699066 4.868541
v -0.740910 1.710311 4.919755
v -0.783188 1.622152 4.974289
v -0.801777 1.650394 4.988887
v -0.838145 1.562464 5.007029
v -0.888981 1.258163 4.489354
v -0.951976 1.148300 4.473580
v -0.974888 0.996866 4.408028
v -0.988916 0.898863 4.379141
v -0.941489 1.750449 4.560414
v -0.854581 1.751814 4.581112
v -0.849497 1.732640 4.465121
v -0.775933 1.737651 4.550878
v -0.781320 1.711655 4.468997
v -0.730872 1.696758 4.560872
v -0.725821 1.685555 4.486199
v -0.979324 1.190050 4.683022
v -1.006962 1.198520 4.699934
v -0.922854 1.024000 4.619244
v -0.933200 1.008200 4.675824
v -0.909597 0.888653 4.548712
v -0.916745 0.872292 4.643112
v -0.776471 1.659346 4.682106
v -0.752849 1.695416 4.706965
v -0.730839 1.656590 4.707432
v -0.702038 1.679528 4.772123
v -0.812777 1.742261 4.728745
v -0.896708 1.747335 4.804614
v -0.818720 1.757706 4.790847
v -0.813742 1.746110 4.876283
v -0.920873 1.740791 4.879896
v -0.845485 1.693833 4.973648
v -1.159515 1.701730 4.703667
v -1.163054 1.649448 4.765724
v -1.130480 1.715983 4.770288
v -1.151090 1.606389 4.830501
v -1.107045 1.661320 4.852677
v -1.109936 1.607716 4.868639
v -1.251210 1.613025 4.603449
v -1.254710 1.620454 4.698702
v -1.205927 1.650985 4.700384
v -1.251611 1.580618 4.788429
v -1.193224 1.606754 4.776330
v -1.237706 1.530033 4.891635
v -1.308618 1.542601 4.782700
v -1.382799 1.452639 4.876211
v -1.292015 1.507739 4.876319
v -1.243124 1.458725 4.985033
v -1.337709 1.403795 5.000031
v -1.164375 1.405711 5.043656
v -0.824911 1.548370 4.494970
v -0.866129 1.445209 4.591925
v -0.745162 1.629393 4.672196
v -0.807628 1.552025 4.403728
v -0.852791 1.456659 4.416176
v -0.889157 1.534121 4.400133
v -0.915704 1.440326 4.392553
v -0.977099 1.540464 4.419372
v -1.018928 1.476515 4.416595
v -1.452039 1.433578 4.587296
v -1.390275 1.486194 4.502541
v -1.431478 1.390741 4.473692
v -1.360668 1.445022 4.369514
v -1.299356 1.505027 4.387596
v -1.251187 1.424087 4.272754
v -1.266135 1.309064 4.228008
v -1.188293 1.298993 4.217947
v -1.213442 1.182406 4.204699
v -1.043370 1.140524 4.192764
v -1.160311 1.102369 4.164461
v -1.050673 1.010485 4.167763
v -1.035505 1.343770 4.872147
v -0.996010 1.251938 4.905819
v -0.995117 1.292721 4.976460
v -0.981511 1.204449 4.995668
v -1.012285 1.279981 5.057515
v -1.025583 1.160337 5.055895
v -1.107779 1.276149 5.101340
v -1.126988 1.191777 5.107648
v -1.227404 1.350367 5.075001
v -1.197981 1.138535 5.099823
v -1.320648 1.257674 5.069030
v -1.390939 1.138497 5.047232
v -1.351540 1.329667 5.020972
v -1.456378 1.267287 4.900419
v -1.425147 1.350085 4.911199
v -1.446639 1.399548 4.798814
v -1.390670 1.463681 4.791555
v -1.327248 1.580729 4.697263
v -1.320391 1.558346 4.611117
v -1.282881 1.567897 4.503920
v -1.216008 1.582164 4.489879
v -1.220480 1.554442 4.424105
v -1.136626 1.540727 4.415798
v -1.202298 1.491241 4.328334
v -1.071554 1.481138 4.353249
v -1.114961 1.442777 4.282773
v -1.001194 1.409603 4.303025
v -1.038023 1.364580 4.252810
v -0.954456 1.342327 4.344754
v -0.954795 1.256044 4.312653
v -0.923331 1.279057 4.413624
v -0.951594 1.121672 4.312237
v -0.954128 1.113054 4.398100
v -1.009099 0.981368 4.290359
v -1.017127 0.986589 4.355986
v -1.033414 0.886104 4.305683
v -1.041439 0.897050 4.353880
v -1.027580 1.353958 4.846735
v -1.014639 1.363004 4.921668
v -1.050145 1.389873 4.917511
v -1.044103 1.410196 4.950766
v -1.073894 1.460306 4.936010
v -0.950222 1.540266 4.979392
v -0.993050 1.595329 4.970459
v -0.868763 1.593839 5.010141
v -0.936783 1.646529 4.990329
v -1.005739 1.683938 4.907720
v -0.985739 1.750484 4.789071
v -0.889116 1.713002 4.657628
v -0.818590 1.697293 4.663407
v -0.777609 1.662815 4.414381
v -0.845146 1.645640 4.411619
v -0.909086 1.654626 4.456306
v -1.032513 1.581694 4.474354
v -1.084759 1.637366 4.495108
v -1.106554 1.545073 4.476675
v -1.153354 1.649047 4.548277
v -0.895909 1.369369 4.904791
v -0.985174 1.378004 4.902972
v -0.947542 1.444626 4.947721
v -0.994148 1.430691 4.948994
v -0.925810 1.514380 4.989646
v -0.701520 1.644356 4.788110
v -0.835000 1.540204 4.967313
v -1.062164 0.894778 4.236556
v -1.039045 1.225995 4.195238
v -1.165620 1.373855 4.232599
v -1.337871 1.335113 4.292722
v -1.397887 1.368442 4.367594
v -1.438160 1.293675 4.472093
v -1.486436 1.339295 4.590004
v -1.465926 1.441666 4.689901
v -1.516613 1.349338 4.683115
v -1.500553 1.324512 4.782000
v -1.616575 1.124553 4.665899
v -1.565936 1.093271 4.797740
v -1.640865 0.957912 4.717728
v -1.598219 0.934725 4.818852
v -1.080637 1.476194 4.916593
v -1.101974 1.525056 4.883542
v -1.048010 1.598174 4.920156
v -1.065126 1.681391 4.847653
v -1.020948 1.727757 4.741075
v -1.058749 1.732828 4.718964
v -1.045195 1.739016 4.576890
v -1.081104 1.738901 4.599960
v -1.106606 1.705606 4.532279
v -1.126259 1.743327 4.662014
v -1.169869 1.690223 4.635808
v -1.181909 1.680163 4.702315
v -0.866487 1.388348 4.832981
v -0.804607 1.365738 4.772349
v -0.781701 1.430493 4.791033
v -0.829154 1.394762 4.735162
v -0.841070 1.549361 4.647779
v -0.836668 1.364747 4.711584
v -0.817603 1.333288 4.643140
v -0.795867 1.339195 4.567235
v -0.848749 1.309275 4.625027
v -0.818747 1.308147 4.547361
v -0.885837 1.300526 4.600717
v -0.863511 1.294959 4.536974
v -0.907003 1.172855 4.590240
v -0.927072 1.141528 4.526524
v -0.931653 1.024708 4.508449
v -0.943405 0.896592 4.421297
v -1.203780 1.632811 4.624891
v -1.192382 1.609331 4.534899
v -0.958911 1.371742 4.379673
v -0.991098 1.147851 4.448611
v -0.997342 1.024327 4.397281
v -0.847962 1.358812 4.871509
v -0.827841 1.335844 4.825476
v -0.875463 1.304120 4.822424
v -0.829586 1.330459 4.758628
v -0.902000 1.274301 4.732797
v -0.887086 1.287530 4.712175
v -0.976389 1.242161 4.667808
v -0.945050 1.193758 4.643656
v -0.919191 1.022875 4.572423
v -0.919488 0.902483 4.494192
v -1.482744 0.924949 4.993971
v -1.521135 1.070676 4.928576
v -1.554203 0.918226 4.886996
v -1.410319 1.521965 4.695461
v -1.399745 1.498271 4.609114
v -1.084587 1.363733 5.061399
v -1.020618 1.347756 5.028042
v -1.038491 1.353716 4.921056
v -1.404908 1.008433 5.048298
v -1.252603 1.027988 5.100163
v -1.144043 1.089327 5.084540
v -1.047174 1.034609 5.012237
v -1.002790 1.075572 4.930625
v -1.083520 0.839151 4.833261
v -1.066129 0.949987 4.867224
v -1.023661 1.086904 4.870249
v -1.058377 0.930821 4.918617
v -1.061814 0.876487 5.027583
v -1.112869 0.905021 5.078892
v -1.339923 0.887407 5.137743
v -1.190164 0.950395 5.086106
v -1.091438 1.710574 4.799446
v -1.013416 0.987394 4.822875
v -1.063496 0.983182 4.836922
v -1.055948 1.165611 4.823970
v -1.023347 1.164703 4.806919
v -1.049325 1.268677 4.822189
v -0.971037 1.323016 4.844739
v -0.934599 1.322819 4.859913
v -0.893309 1.269888 4.682754
v -0.876481 1.295882 4.696348
v -0.855464 1.331847 4.718875
v -1.102149 0.907675 4.167253
v -1.154145 0.951384 4.150454
v -1.207334 1.082831 4.176711
v -1.298100 1.171140 4.233081
v -1.407369 1.218419 4.352822
v -1.041375 0.841232 4.812532
v -0.973452 0.841677 4.777239
v -0.960150 0.990036 4.745298
v -0.988691 1.176384 4.775665
v -0.928864 1.298813 4.803121
v -1.006313 1.705000 4.495460
v -1.077703 1.429835 5.003355
v -1.152135 1.489439 4.979239
v -0.942541 1.273943 4.471616
v -0.903262 1.294178 4.479670
v -0.835074 1.368512 4.482549
v -0.786507 1.387422 4.507508
v -0.837364 1.412528 4.542611
v -0.782602 1.536705 4.431787
v -0.822294 1.463731 4.439466
v -0.864942 1.377756 4.419122
v -0.971545 1.416541 4.387337
v -1.039828 1.480491 4.436074
v -1.194719 1.578305 4.838755
v -1.138136 1.544856 4.869540
v -1.089785 1.481643 4.929893
v -0.929491 0.853922 4.709651
v -1.004533 1.747232 4.572270
v -0.862095 1.430787 4.491003
v -0.802765 1.467918 4.465557
v -0.766617 1.553484 4.429165
v -0.733936 1.627141 4.441784
v -1.632782 0.964203 4.597775
v -1.579475 1.127985 4.550066
v -1.610205 0.965265 4.518339
v -1.586532 0.965851 4.447961
v -1.517141 1.124035 4.426964
v -1.498236 0.971302 4.335640
v -1.447283 1.094674 4.290533
v -1.375498 0.961075 4.227176
v -1.327907 1.047203 4.220359
v -0.920957 1.425508 4.938810
v -0.893062 1.486187 4.941709
v -0.879449 1.519827 4.948289
v -1.073597 0.839367 4.890601
v -1.064721 0.810829 4.952290
v -1.091175 0.794285 5.032933
v -1.322075 0.818786 5.126208
v -0.920433 1.333477 4.460659
v -0.870066 1.321234 4.471584
v -0.808427 1.450303 4.456959
v -1.078313 1.137868 4.827282
v -0.784643 1.591393 4.718204
v -0.876179 1.398615 4.899418
v -0.902305 1.427429 4.914713
v -1.312984 0.925801 5.090509
v -1.386854 0.906995 5.032369
v -1.266598 0.922965 4.168682
v -1.273046 1.050813 4.196949
v -0.801560 1.600973 4.687085
v -1.380557 0.834031 5.128229
v -1.392463 0.646648 4.496560
v -1.418837 0.733661 4.340294
v -1.358129 0.519250 4.439234
v -1.372614 0.514444 4.320486
v -1.434478 1.050301 4.924485
v -1.472624 0.769463 4.881220
v -1.465191 1.094830 4.666299
v -1.537737 0.755697 4.645227
v -1.477234 0.806147 4.416124
v -1.354193 0.888175 5.054328
v -1.290250 0.835092 5.111603
v -1.313757 0.902723 5.115584
v -1.248083 0.858000 5.133181
v -1.234299 0.667555 5.119981
v -1.179841 0.666973 5.157762
v -1.241011 0.593220 5.122165
v -1.286409 0.912303 5.130464
v -1.233430 0.838155 5.126402
v -1.192486 0.806757 5.131239
v -1.156091 0.713862 5.118609
v -1.139116 0.656832 5.115870
v -1.202972 0.364217 4.394573
v -1.236537 0.576597 4.435176
v -1.295675 0.356551 4.399399
v -1.211338 0.616104 4.436693
v -1.131760 0.764738 4.327431
v -1.141816 0.724983 4.383945
v -1.095928 0.912324 4.336709
v -0.993542 1.000652 4.360941
v -1.542923 0.969368 4.448114
v -1.524110 0.858007 4.362226
v -1.568937 0.830335 4.471582
v -1.610873 0.620938 4.437188
v -1.572033 0.632131 4.335651
v -1.579561 0.418378 4.417439
v -1.534980 0.432326 4.310957
v -1.097065 0.473137 4.695862
v -1.062880 0.483803 4.622365
v -1.050021 0.674369 4.621669
v -1.084247 0.491271 4.551520
v -1.081346 0.691447 4.547514
v -1.141428 0.482059 4.512203
v -1.170064 0.717921 5.017511
v -1.316309 0.512970 4.972128
v -1.212322 0.556181 4.986973
v -1.219531 0.405038 4.946431
v -1.338703 0.296372 4.934475
v -1.237607 0.279449 4.920004
v -1.530984 0.794844 4.918178
v -1.457911 0.816898 4.986166
v -1.544030 0.575616 4.915326
v -1.469773 0.577222 4.955678
v -1.441162 0.373804 4.930076
v -1.564323 0.948389 4.819004
v -1.630693 0.793472 4.739230
v -1.563670 0.782526 4.847060
v -1.632758 0.590456 4.717606
v -1.561945 0.582396 4.829036
v -1.523816 0.361184 4.781043
v -1.171501 1.130919 4.358466
v -1.381063 1.230242 4.386059
v -1.432537 1.302054 4.474838
v -1.494383 1.121794 4.433924
v -1.393329 1.068081 4.329730
v -1.435195 0.974777 4.337129
v -1.155771 0.595757 4.182203
v -1.220393 0.604555 4.123011
v -1.167625 0.742729 4.160794
v -1.218957 0.759646 4.123988
v -1.191254 0.809010 4.170725
v -1.219616 0.896229 4.182978
v -0.987918 0.905026 4.409066
v -0.946650 1.035522 4.458992
v -1.069592 1.042347 4.602837
v -1.295628 0.690128 5.125336
v -1.292718 0.608465 5.096525
v -1.242952 0.520298 5.114069
v -1.175622 0.517958 5.134952
v -1.129325 0.516278 5.067996
v -1.561514 0.969169 4.511415
v -1.546554 1.116458 4.549540
v -1.461393 1.323078 4.594712
v -1.230125 1.109338 4.641660
v -1.020901 1.035405 4.341833
v -1.196687 1.075157 4.632667
v -1.592680 1.106787 4.664165
v -1.534832 1.082488 4.802451
v -1.635294 0.963666 4.719809
v -1.639457 0.976756 4.591469
v -1.653966 0.808164 4.644561
v -1.634699 0.819494 4.547699
v -1.648319 0.606789 4.620345
v -1.624463 0.622887 4.523774
v -1.563219 0.384394 4.494886
v -1.534741 0.394209 4.413309
v -1.580699 0.987502 4.474861
v -1.554786 0.844772 4.427686
v -1.562758 0.645363 4.410016
v -1.512932 0.928147 4.879987
v -1.473134 1.056809 4.930188
v -1.378767 1.011831 5.037056
v -1.344549 1.135386 5.032768
v -1.257581 1.034511 5.094698
v -1.154681 1.094158 5.068244
v -1.112561 0.919723 5.083861
v -1.077740 0.889643 5.042465
v -1.102835 0.808221 5.050032
v -1.025270 0.809215 4.590245
v -1.124660 0.632206 4.603492
v -1.201924 0.577059 4.612014
v -1.281240 0.619941 4.541785
v -1.271326 0.550882 4.621063
v -1.399616 0.596042 4.632756
v -1.407695 0.650697 4.789134
v -1.440715 1.275492 4.902995
v -1.488002 1.315252 4.784865
v -1.288718 1.130388 4.651012
v -1.204779 1.090128 4.922912
v -1.055996 0.974734 4.858675
v -1.002105 0.963755 4.820837
v -1.115486 0.839489 4.859955
v -1.340404 1.119431 4.303514
v -1.245808 1.172445 4.278730
v -1.063738 1.143931 4.267852
v -1.047894 0.996708 4.298498
v -1.065464 1.007871 4.228522
v -1.093956 0.897649 4.290810
v -1.198248 1.112159 4.156852
v -1.285596 1.064095 4.210216
v -1.280476 1.145555 4.238510
v -1.294988 1.044434 4.234408
v -1.309984 0.935758 4.218639
v -1.377700 0.943805 4.253618
v -1.279558 0.878834 4.185221
v -1.252507 0.844964 4.194390
v -1.268521 0.756647 4.168169
v -1.248680 0.661465 4.167533
v -1.306193 0.696526 4.186661
v -1.418182 0.933566 4.985040
v -1.385336 0.626684 4.963844
v -1.397243 0.733917 4.943465
v -1.397335 0.511930 4.826304
v -1.285882 0.565440 4.846521
v -1.149029 0.705688 4.889692
v -0.936770 0.983891 4.722020
v -0.919024 1.005199 4.643131
v -0.957258 0.848553 4.706644
v -0.939105 0.866479 4.634511
v -1.103721 0.653009 4.767649
v -1.102992 0.673276 4.692534
v -1.165225 0.450050 4.755661
v -1.579863 0.374796 4.597476
v -1.157615 0.243629 4.714620
v -1.058249 0.265947 4.660204
v -1.029499 0.286711 4.607793
v -1.060592 0.294711 4.535260
v -1.151513 0.282096 4.509340
v -1.458416 0.876252 4.301130
v -1.483212 0.619348 4.281013
v -1.439106 0.433208 4.273345
v -1.275199 0.948363 4.221195
v -1.283967 0.593844 4.177821
v -1.385072 0.317333 4.852196
v -1.429525 0.459441 4.889145
v -1.368613 0.593984 4.995947
v -1.056610 1.060965 4.953006
v -1.063341 0.948231 4.889324
v -1.066756 0.933195 4.939730
v -1.095258 0.843518 4.908680
v -1.081314 0.823440 4.973766
v -1.414698 0.813990 4.965589
v -1.003453 0.833679 4.782408
v -1.144479 0.638980 4.842772
v -1.166743 0.467810 4.833643
v -1.171782 0.217338 4.805449
v -1.394215 0.333692 4.950790
v -1.387690 0.475902 4.979251
v -1.295013 0.535924 5.040685
v -1.304748 0.623151 5.055223
v -1.316626 0.708368 5.074758
v -1.170034 0.748382 4.836262
v -1.059568 0.834969 4.815829
v -1.309781 0.612261 4.717275
v -1.206802 0.788467 4.271592
v -1.168499 0.608811 4.346918
v -1.271153 0.621096 4.316163
v -1.255588 0.407135 4.316783
v -1.195729 0.368403 4.332057
v -1.116395 0.924542 4.216740
v -1.140817 0.941000 4.149667
v -1.121634 1.040451 4.144509
v -0.910814 1.024366 4.580413
v -0.938005 0.886612 4.540399
v -0.922446 1.028120 4.525909
v -0.942755 0.910927 4.476157
v -1.136942 0.723206 4.425819
v -1.098873 0.701014 4.469346
v -1.134892 0.793155 4.395324
v -1.553478 0.362188 4.704482
v -1.369609 0.367334 4.349825
v -1.128717 1.155031 4.182254
v -1.447710 1.102099 4.446111
v -1.333017 0.853904 4.244631
v -1.210440 0.273576 4.397119
v -1.188156 0.515296 4.436991
v -1.151521 0.711093 4.471861
v -1.212843 0.299008 4.847342
v -1.293700 0.310455 4.821947
v -1.194615 0.564180 4.890413
v -1.050228 0.861658 4.414923
v -1.492304 1.329627 4.684271
v -1.523932 0.371935 4.898152
v -1.046899 0.811603 4.776211
v -1.173116 0.691192 4.767475
v -1.414421 0.697580 4.289567
v -1.426238 0.859999 4.320326
v -1.353909 0.389536 4.245446
v -1.037866 0.903234 4.371998
v -1.542825 0.397235 4.766953
v -1.600225 0.579382 4.788155
v -1.585042 0.784508 4.810246
v -1.566007 0.940229 4.812338
v -1.122458 0.709750 4.994782
v -1.293014 0.541781 4.834158
v -1.394827 0.679071 4.241531
v -1.352759 0.553044 4.243133
v -1.355561 0.828251 5.056509
vt 0.067627 0.131104
vt 0.050049 0.150391
vt 0.033447 0.174316
vt 0.033936 0.155273
vt 0.008301 0.148926
vt 0.007080 0.104004
vt 0.002930 0.048828
vt 0.020996 0.030029
vt 0.025391 0.062500
vt 0.042725 0.021240
vt 0.051758 0.078369
vt 0.070801 0.026123
vt 0.075439 0.122070
vt 0.067627 0.089355
vt 0.043213 0.092773
vt 0.001709 0.958252
vt 0.001709 0.843262
vt 0.075928 0.827637
vt 0.037354 0.659912
vt 0.075928 0.631592
vt 0.036377 0.535889
vt 0.075928 0.501953
vt 0.035156 0.414795
vt 0.075928 0.418213
vt 0.034668 0.278076
vt 0.075928 0.263428
vt 0.075928 0.046631
vt 0.001709 0.984863
vt 0.041260 0.984863
vt 0.001709 0.769043
vt 0.074219 0.765381
vt 0.039307 0.607422
vt 0.074219 0.609619
vt 0.038574 0.434570
vt 0.074219 0.409424
vt 0.037354 0.283691
vt 0.074219 0.317383
vt 0.074219 0.167480
vt 0.074219 0.003174
vt 0.036865 0.160156
vt 0.001709 0.266602
vt 0.001709 0.408691
vt 0.001709 0.569580
vt 0.001709 0.046631
vt 0.034424 0.046631
vt 0.001709 0.260010
vt 0.001709 0.399658
vt 0.001709 0.509521
vt 0.023438 0.094971
vt 0.040527 0.996582
vt 0.047119 0.554688
vt 0.002930 0.996582
vt 0.002930 0.553711
vt 0.077637 0.152588
vt 0.002930 0.165039
vt 0.002930 0.000000
vt 0.061523 0.162354
vt 0.002930 0.996582
vt 0.002930 0.455566
vt 0.045654 0.472656
vt 0.002930 0.165039
vt 0.077637 0.149170
vt 0.060791 0.000000
vt 0.077637 0.996582
vt 0.077637 0.566162
vt 0.001709 0.003174
vt 0.001709 0.138184
vt 0.036621 0.003174
vt 0.040527 0.996582
vt 0.077637 0.996582
vt 0.077637 0.475830
vt 0.039551 0.958252
vt 0.075928 0.958252
vt 0.001709 0.686523
vt 0.074219 0.984863
vt 0.423340 0.995850
vt 0.549561 0.975342
vt 0.423340 0.963135
vt 0.423340 0.995850
vt 0.549561 0.975342
vt 0.423340 0.963135
vt 0.297119 0.975342
vt 0.297119 0.975342
vt 0.680420 0.984619
vt 0.708252 0.922363
vt 0.581787 0.944824
vt 0.617920 0.908691
vt 0.516357 0.916260
vt 0.570557 0.877686
vt 0.528809 0.863037
vt 0.583496 0.845947
vt 0.512207 0.826904
vt 0.547119 0.806152
vt 0.528076 0.795166
vt 0.541504 0.775635
vt 0.514160 0.779785
vt 0.539062 0.759766
vt 0.492676 0.765381
vt 0.479492 0.759277
vt 0.423340 0.760498
vt 0.468750 0.759033
vt 0.423340 0.759033
vt 0.473633 0.760498
vt 0.423340 0.755859
vt 0.483887 0.755127
vt 0.458984 0.751465
vt 0.504150 0.741943
vt 0.461426 0.739502
vt 0.508301 0.729980
vt 0.452637 0.728271
vt 0.513672 0.716064
vt 0.462646 0.708984
vt 0.515381 0.693604
vt 0.456787 0.689941
vt 0.499512 0.663086
vt 0.452148 0.665283
vt 0.475342 0.652100
vt 0.454102 0.646973
vt 0.461426 0.632080
vt 0.449951 0.623047
vt 0.481445 0.619385
vt 0.463379 0.604492
vt 0.491211 0.602295
vt 0.464355 0.578857
vt 0.491699 0.583740
vt 0.493652 0.561035
vt 0.508301 0.575928
vt 0.489502 0.528809
vt 0.526123 0.574707
vt 0.538574 0.549316
vt 0.572266 0.593506
vt 0.573730 0.551758
vt 0.615967 0.578857
vt 0.611084 0.550293
vt 0.658691 0.534424
vt 0.605225 0.529297
vt 0.653076 0.499268
vt 0.608398 0.487549
vt 0.647461 0.463379
vt 0.615234 0.460693
vt 0.642578 0.437988
vt 0.613281 0.442871
vt 0.618652 0.436523
vt 0.599121 0.433838
vt 0.599854 0.427002
vt 0.575684 0.429199
vt 0.577637 0.415283
vt 0.557617 0.419922
vt 0.552002 0.411133
vt 0.536621 0.421387
vt 0.527344 0.417725
vt 0.497803 0.428711
vt 0.473877 0.422852
vt 0.478760 0.447266
vt 0.457520 0.461914
vt 0.470215 0.488770
vt 0.451660 0.495361
vt 0.467773 0.521240
vt 0.446777 0.516357
vt 0.465332 0.565674
vt 0.444092 0.549072
vt 0.446289 0.578613
vt 0.423340 0.548584
vt 0.423340 0.575439
vt 0.400391 0.578613
vt 0.423340 0.596436
vt 0.398926 0.601074
vt 0.423340 0.608398
vt 0.423340 0.624023
vt 0.447754 0.601074
vt 0.708252 0.922363
vt 0.581787 0.944824
vt 0.617920 0.908691
vt 0.516357 0.916260
vt 0.570557 0.877686
vt 0.528809 0.863037
vt 0.583496 0.845947
vt 0.512207 0.826904
vt 0.547119 0.806152
vt 0.528076 0.795166
vt 0.541504 0.775635
vt 0.514160 0.779785
vt 0.539062 0.759766
vt 0.492676 0.765381
vt 0.479492 0.759277
vt 0.423340 0.760498
vt 0.468750 0.759033
vt 0.423340 0.759033
vt 0.473633 0.760498
vt 0.423340 0.755859
vt 0.483887 0.755127
vt 0.458984 0.751465
vt 0.504150 0.741943
vt 0.461426 0.739502
vt 0.508301 0.729980
vt 0.452637 0.728271
vt 0.513672 0.716064
vt 0.462646 0.708984
vt 0.515381 0.693604
vt 0.456787 0.689941
vt 0.499512 0.663086
vt 0.452148 0.665283
vt 0.475342 0.652100
vt 0.454102 0.646973
vt 0.461426 0.632080
vt 0.449951 0.623047
vt 0.481445 0.619385
vt 0.463379 0.604492
vt 0.491211 0.602295
vt 0.464355 0.578857
vt 0.491699 0.583740
vt 0.493652 0.561035
vt 0.508301 0.575928
vt 0.489502 0.528809
vt 0.526123 0.574707
vt 0.538574 0.549316
vt 0.572266 0.593506
vt 0.573730 0.551758
vt 0.615967 0.578857
vt 0.611084 0.550293
vt 0.658691 0.534424
vt 0.605225 0.529297
vt 0.653076 0.499268
vt 0.608398 0.487549
vt 0.647461 0.463379
vt 0.615234 0.460693
vt 0.642578 0.437988
vt 0.613281 0.442871
vt 0.618652 0.436523
vt 0.599121 0.433838
vt 0.599854 0.427002
vt 0.575684 0.429199
vt 0.577637 0.415283
vt 0.557617 0.419922
vt 0.552002 0.411133
vt 0.536621 0.421387
vt 0.527344 0.417725
vt 0.497803 0.428711
vt 0.473877 0.422852
vt 0.478760 0.447266
vt 0.457520 0.461914
vt 0.470215 0.488770
vt 0.451660 0.495361
vt 0.467773 0.521240
vt 0.446777 0.516357
vt 0.465332 0.565674
vt 0.444092 0.549072
vt 0.446289 0.578613
vt 0.423340 0.548584
vt 0.423340 0.575439
vt 0.400391 0.578613
vt 0.423340 0.596436
vt 0.398926 0.601074
vt 0.423340 0.608398
vt 0.423340 0.624023
vt 0.447754 0.601074
vt 0.402588 0.549072
vt 0.381348 0.565674
vt 0.399902 0.516357
vt 0.378906 0.521240
vt 0.395020 0.495361
vt 0.376465 0.488770
vt 0.389404 0.461914
vt 0.367920 0.447266
vt 0.372803 0.422852
vt 0.348877 0.428711
vt 0.319336 0.417725
vt 0.310059 0.421387
vt 0.294678 0.411133
vt 0.289062 0.419922
vt 0.269287 0.415283
vt 0.270996 0.429199
vt 0.247070 0.427002
vt 0.247559 0.433838
vt 0.228271 0.436523
vt 0.233398 0.442871
vt 0.204102 0.437988
vt 0.231445 0.460693
vt 0.199219 0.463379
vt 0.238281 0.487549
vt 0.193604 0.499268
vt 0.241455 0.529297
vt 0.187988 0.534424
vt 0.235596 0.550293
vt 0.228760 0.580811
vt 0.272949 0.551758
vt 0.274658 0.593506
vt 0.308350 0.549316
vt 0.320557 0.574707
vt 0.357422 0.528809
vt 0.338379 0.575928
vt 0.353027 0.561035
vt 0.354980 0.583740
vt 0.382324 0.578857
vt 0.355469 0.602295
vt 0.383301 0.604492
vt 0.365234 0.619385
vt 0.396729 0.623047
vt 0.385498 0.632080
vt 0.392578 0.646973
vt 0.371338 0.652100
vt 0.394531 0.665283
vt 0.347168 0.663086
vt 0.390137 0.689941
vt 0.331543 0.693604
vt 0.384033 0.708984
vt 0.333008 0.716064
vt 0.640869 0.422363
vt 0.669434 0.414795
vt 0.637451 0.407959
vt 0.651611 0.372314
vt 0.713867 0.386719
vt 0.692871 0.317627
vt 0.783203 0.283203
vt 0.712891 0.217041
vt 0.764160 0.179688
vt 0.626221 0.163086
vt 0.636475 0.092773
vt 0.558838 0.122803
vt 0.518066 0.054443
vt 0.473389 0.104492
vt 0.423340 0.052246
vt 0.423340 0.103516
vt 0.373291 0.104492
vt 0.377441 0.144287
vt 0.287842 0.122803
vt 0.340576 0.186523
vt 0.220459 0.163086
vt 0.277100 0.248535
vt 0.184814 0.254395
vt 0.215088 0.340820
vt 0.156006 0.325928
vt 0.195068 0.372314
vt 0.135986 0.382568
vt 0.177246 0.414795
vt 0.157715 0.456299
vt 0.188477 0.430664
vt 0.206055 0.422363
vt 0.242920 0.421631
vt 0.209229 0.407959
vt 0.241455 0.417480
vt 0.238281 0.395264
vt 0.269531 0.394287
vt 0.269531 0.351074
vt 0.320312 0.392578
vt 0.337891 0.354004
vt 0.375488 0.401123
vt 0.380859 0.364502
vt 0.408447 0.398682
vt 0.406250 0.364502
vt 0.423340 0.402832
vt 0.423340 0.364258
vt 0.440430 0.364502
vt 0.423340 0.324951
vt 0.445557 0.325928
vt 0.423340 0.248779
vt 0.494873 0.247803
vt 0.423340 0.191406
vt 0.506104 0.186523
vt 0.469238 0.144287
vt 0.604004 0.421631
vt 0.640869 0.422363
vt 0.637451 0.407959
vt 0.669434 0.414795
vt 0.651611 0.372314
vt 0.713867 0.386719
vt 0.692871 0.317627
vt 0.783203 0.283203
vt 0.712891 0.217041
vt 0.764160 0.179688
vt 0.626221 0.163086
vt 0.636475 0.092773
vt 0.558838 0.122803
vt 0.518066 0.054443
vt 0.473389 0.104492
vt 0.423340 0.052246
vt 0.423340 0.103516
vt 0.373291 0.104492
vt 0.377441 0.144287
vt 0.287842 0.122803
vt 0.340576 0.186523
vt 0.220459 0.163086
vt 0.277100 0.248535
vt 0.184814 0.254395
vt 0.215088 0.340820
vt 0.156006 0.325928
vt 0.195068 0.372314
vt 0.135986 0.382568
vt 0.177246 0.414795
vt 0.157715 0.456299
vt 0.188477 0.430664
vt 0.204102 0.437988
vt 0.206055 0.422363
vt 0.242920 0.421631
vt 0.209229 0.407959
vt 0.241455 0.417480
vt 0.238281 0.395264
vt 0.269531 0.394287
vt 0.269531 0.351074
vt 0.320312 0.392578
vt 0.337891 0.354004
vt 0.375488 0.401123
vt 0.380859 0.364502
vt 0.408447 0.398682
vt 0.406250 0.364502
vt 0.423340 0.402832
vt 0.423340 0.364258
vt 0.440430 0.364502
vt 0.423340 0.324951
vt 0.445557 0.325928
vt 0.423340 0.248779
vt 0.494873 0.247803
vt 0.423340 0.191406
vt 0.506104 0.186523
vt 0.469238 0.144287
vt 0.776855 0.887939
vt 0.873535 0.889404
vt 0.880127 0.792480
vt 0.923828 0.829590
vt 0.330322 0.916260
vt 0.371094 0.895996
vt 0.317871 0.863037
vt 0.367432 0.867676
vt 0.334473 0.826904
vt 0.381348 0.845947
vt 0.362793 0.755127
vt 0.342773 0.741943
vt 0.318848 0.752930
vt 0.305908 0.746582
vt 0.338379 0.729980
vt 0.286133 0.461670
vt 0.288818 0.468018
vt 0.322510 0.461426
vt 0.291748 0.474609
vt 0.337402 0.462158
vt 0.351318 0.467041
vt 0.291016 0.430420
vt 0.312500 0.435547
vt 0.288330 0.441650
vt 0.305664 0.447510
vt 0.879639 0.423828
vt 0.864014 0.450684
vt 0.845215 0.430664
vt 0.856201 0.541748
vt 0.835449 0.501465
vt 0.827637 0.548828
vt 0.838623 0.360352
vt 0.811523 0.426025
vt 0.821289 0.492676
vt 0.049561 0.617432
vt 0.097900 0.583496
vt 0.058350 0.564941
vt 0.069580 0.479736
vt 0.024658 0.496338
vt 0.025146 0.401123
vt 0.569580 0.248535
vt 0.661865 0.254395
vt 0.392578 0.646973
vt 0.394531 0.665283
vt 0.422607 0.665283
vt 0.422852 0.690674
vt 0.390137 0.689941
vt 0.423340 0.716064
vt 0.528076 0.752930
vt 0.540771 0.746582
vt 0.578857 0.412598
vt 0.560547 0.461670
vt 0.524414 0.461426
vt 0.557861 0.468018
vt 0.554932 0.474609
vt 0.509277 0.462158
vt 0.495361 0.467041
vt 0.555664 0.430420
vt 0.534180 0.435547
vt 0.558350 0.441650
vt 0.541016 0.447510
vt 0.880615 0.368164
vt 0.885986 0.307861
vt 0.841309 0.293945
vt 0.839111 0.214355
vt 0.330322 0.916260
vt 0.371094 0.895996
vt 0.317871 0.863037
vt 0.367432 0.867676
vt 0.334473 0.826904
vt 0.381348 0.845947
vt 0.318848 0.752930
vt 0.305908 0.746582
vt 0.307617 0.759766
vt 0.282715 0.771729
vt 0.306885 0.777344
vt 0.294922 0.808105
vt 0.286133 0.461670
vt 0.288818 0.468018
vt 0.322510 0.461426
vt 0.291748 0.474609
vt 0.337402 0.462158
vt 0.351318 0.467041
vt 0.289062 0.419922
vt 0.291016 0.430420
vt 0.310059 0.421387
vt 0.312500 0.435547
vt 0.288330 0.441650
vt 0.305664 0.447510
vt 0.524414 0.762207
vt 0.517822 0.758789
vt 0.725586 0.443115
vt 0.688965 0.456299
vt 0.701416 0.513916
vt 0.680176 0.591309
vt 0.623535 0.627441
vt 0.566406 0.656250
vt 0.547852 0.615967
vt 0.540771 0.644043
vt 0.526123 0.601074
vt 0.846924 0.777100
vt 0.807373 0.867920
vt 0.838623 0.902100
vt 0.822510 0.939209
vt 0.893311 0.971924
vt 0.843506 0.994385
vt 0.940918 0.984131
vt 0.994385 0.995361
vt 0.975586 0.968262
vt 0.992920 0.783203
vt 0.976074 0.797119
vt 0.952148 0.716797
vt 0.905273 0.715332
vt 0.885498 0.721924
vt 0.863281 0.723633
vt 0.912354 0.737305
vt 0.993896 0.699951
vt 0.994873 0.828857
vt 0.516113 0.498047
vt 0.495361 0.467041
vt 0.552490 0.492432
vt 0.554932 0.474609
vt 0.582520 0.469971
vt 0.557861 0.468018
vt 0.583740 0.456055
vt 0.560547 0.461670
vt 0.585205 0.442383
vt 0.545898 0.458740
vt 0.661865 0.254395
vt 0.639893 0.343994
vt 0.569580 0.248535
vt 0.568848 0.316650
vt 0.498047 0.319580
vt 0.465820 0.364502
vt 0.438232 0.398682
vt 0.423340 0.432617
vt 0.405518 0.431885
vt 0.391602 0.430176
vt 0.516113 0.498047
vt 0.552490 0.492432
vt 0.582520 0.469971
vt 0.583740 0.456055
vt 0.585205 0.442383
vt 0.545898 0.458740
vt 0.639893 0.343994
vt 0.568848 0.316650
vt 0.498047 0.319580
vt 0.465820 0.364502
vt 0.438232 0.398682
vt 0.423340 0.432617
vt 0.405518 0.431885
vt 0.391602 0.430176
vt 0.389404 0.461914
vt 0.372803 0.422852
vt 0.423340 0.512939
vt 0.423340 0.490967
vt 0.441162 0.431885
vt 0.455078 0.430176
vt 0.423340 0.512939
vt 0.573486 0.435547
vt 0.511230 0.450439
vt 0.516357 0.433838
vt 0.493408 0.449463
vt 0.864014 0.450684
vt 0.845215 0.430664
vt 0.856201 0.541748
vt 0.835449 0.501465
vt 0.827637 0.548828
vt 0.652100 0.864502
vt 0.556152 0.716797
vt 0.575195 0.734131
vt 0.608398 0.395264
vt 0.605469 0.417480
vt 0.577148 0.394287
vt 0.328857 0.758789
vt 0.322266 0.762207
vt 0.367188 0.759277
vt 0.270996 0.429199
vt 0.273438 0.435547
vt 0.335449 0.450439
vt 0.353271 0.449463
vt 0.330322 0.433838
vt 0.348877 0.428711
vt 0.367920 0.447266
vt 0.879639 0.423828
vt 0.845215 0.430664
vt 0.838623 0.360352
vt 0.811523 0.426025
vt 0.821289 0.492676
vt 0.121338 0.443115
vt 0.143066 0.515137
vt 0.097900 0.583496
vt 0.517334 0.947266
vt 0.465332 0.845947
vt 0.461914 0.821777
vt 0.423340 0.817627
vt 0.422852 0.803467
vt 0.563965 0.771729
vt 0.992920 0.783203
vt 0.912354 0.737305
vt 0.952148 0.716797
vt 0.885498 0.721924
vt 0.471436 0.401123
vt 0.526367 0.392578
vt 0.508789 0.354004
vt 0.577148 0.351074
vt 0.688965 0.456299
vt 0.658447 0.430664
vt 0.526123 0.601074
vt 0.517090 0.631104
vt 0.540771 0.644043
vt 0.505127 0.647949
vt 0.658691 0.693604
vt 0.696045 0.724365
vt 0.716797 0.643799
vt 0.759033 0.672852
vt 0.893311 0.971924
vt 0.940674 0.914307
vt 0.838623 0.902100
vt 0.905273 0.886719
vt 0.777832 0.352051
vt 0.838623 0.360352
vt 0.377930 0.759033
vt 0.322266 0.762207
vt 0.367188 0.759277
vt 0.307617 0.759766
vt 0.265137 0.944824
vt 0.329346 0.947266
vt 0.282715 0.771729
vt 0.306885 0.777344
vt 0.294922 0.808105
vt 0.886475 0.579346
vt 0.907715 0.518311
vt 0.884277 0.473389
vt 0.992920 0.783203
vt 0.952148 0.716797
vt 0.912354 0.737305
vt 0.885498 0.721924
vt 0.267822 0.412598
vt 0.320557 0.601074
vt 0.305908 0.644043
vt 0.329834 0.631104
vt 0.341553 0.647949
vt 0.187988 0.693604
vt 0.139404 0.666504
vt 0.151611 0.738770
vt 0.093750 0.676270
vt 0.893311 0.971924
vt 0.838623 0.902100
vt 0.940674 0.914307
vt 0.905273 0.886719
vt 0.139893 0.221191
vt 0.524414 0.762207
vt 0.517334 0.947266
vt 0.402588 0.549072
vt 0.399902 0.516357
vt 0.465332 0.845947
vt 0.461914 0.821777
vt 0.423340 0.817627
vt 0.422852 0.803467
vt 0.563965 0.771729
vt 0.471436 0.401123
vt 0.526367 0.392578
vt 0.508789 0.354004
vt 0.577148 0.351074
vt 0.658447 0.430664
vt 0.517090 0.631104
vt 0.505127 0.647949
vt 0.658691 0.693604
vt 0.696045 0.724365
vt 0.716797 0.643799
vt 0.759033 0.672852
vt 0.940674 0.914307
vt 0.905273 0.886719
vt 0.265137 0.944824
vt 0.329346 0.947266
vt 0.267822 0.412598
vt 0.280273 0.656250
vt 0.305908 0.644043
vt 0.298828 0.615967
vt 0.320557 0.601074
vt 0.329834 0.631104
vt 0.341553 0.647949
vt 0.187988 0.693604
vt 0.151611 0.738770
vt 0.201416 0.762451
vt 0.182861 0.812744
vt 0.423340 0.753174
vt 0.387695 0.751465
vt 0.351807 0.247803
vt 0.519775 0.407227
vt 0.577148 0.394287
vt 0.608398 0.395264
vt 0.395020 0.495361
vt 0.423340 0.490967
vt 0.441162 0.431885
vt 0.455078 0.430176
vt 0.519775 0.407227
vt 0.298828 0.615967
vt 0.280273 0.656250
vt 0.226074 0.629395
vt 0.162354 0.595459
vt 0.143066 0.515137
vt 0.121338 0.443115
vt 0.083252 0.423584
vt 0.072510 0.357422
vt 0.002441 0.364990
vt 0.229980 0.912842
vt 0.276123 0.877686
vt 0.201904 0.865479
vt 0.263184 0.849121
vt 0.242188 0.807617
vt 0.240967 0.741699
vt 0.242920 0.688477
vt 0.226074 0.629395
vt 0.274658 0.593506
vt 0.320557 0.574707
vt 0.338379 0.575928
vt 0.138428 0.922363
vt 0.123779 0.816162
vt 0.114502 0.754883
vt 0.093750 0.676270
vt 0.139404 0.666504
vt 0.162354 0.595459
vt 0.187988 0.534424
vt 0.193604 0.499268
vt 0.199219 0.463379
vt 0.886475 0.579346
vt 0.864014 0.608887
vt 0.835693 0.693848
vt 0.762939 0.787354
vt 0.722900 0.816162
vt 0.652100 0.864502
vt 0.668945 0.805664
vt 0.604492 0.809570
vt 0.584961 0.780762
vt 0.886475 0.579346
vt 0.864014 0.608887
vt 0.880127 0.792480
vt 0.835693 0.693848
vt 0.776855 0.887939
vt 0.762939 0.787354
vt 0.722900 0.816162
vt 0.668945 0.805664
vt 0.604492 0.809570
vt 0.584961 0.780762
vt 0.401123 0.325928
vt 0.348633 0.319580
vt 0.277832 0.316650
vt 0.457520 0.770020
vt 0.480225 0.783447
vt 0.500244 0.799805
vt 0.423340 0.716064
vt 0.423828 0.690674
vt 0.424072 0.665283
vt 0.423340 0.648682
vt 0.326904 0.407227
vt 0.841309 0.293945
vt 0.880615 0.368164
vt 0.912109 0.528564
vt 0.880127 0.792480
vt 0.864014 0.608887
vt 0.835693 0.693848
vt 0.843994 0.607666
vt 0.391602 0.769287
vt 0.423340 0.772949
vt 0.457520 0.770020
vt 0.480225 0.783447
vt 0.500244 0.799805
vt 0.423828 0.690674
vt 0.424072 0.665283
vt 0.423340 0.648682
vt 0.228271 0.436523
vt 0.247070 0.427002
vt 0.269287 0.415283
vt 0.294678 0.411133
vt 0.326904 0.407227
vt 0.524414 0.461426
vt 0.511230 0.450439
vt 0.509277 0.462158
vt 0.493408 0.449463
vt 0.846924 0.777100
vt 0.905273 0.715332
vt 0.976074 0.797119
vt 0.975586 0.968262
vt 0.940918 0.984131
vt 0.552490 0.680176
vt 0.556152 0.716797
vt 0.570068 0.705566
vt 0.575195 0.734131
vt 0.487061 0.633301
vt 0.506348 0.636230
vt 0.514648 0.600586
vt 0.605469 0.417480
vt 0.604004 0.421631
vt 0.578857 0.412598
vt 0.301025 0.458740
vt 0.335449 0.450439
vt 0.353271 0.449463
vt 0.846924 0.777100
vt 0.905273 0.715332
vt 0.976074 0.797119
vt 0.975586 0.968262
vt 0.940918 0.984131
vt 0.294189 0.680176
vt 0.290527 0.716797
vt 0.276611 0.705566
vt 0.271484 0.734131
vt 0.359619 0.633301
vt 0.340332 0.636230
vt 0.332275 0.600586
vt 0.328857 0.054443
vt 0.210205 0.092773
vt 0.085693 0.180664
vt 0.139893 0.221191
vt 0.072998 0.293701
vt 0.912109 0.528564
vt 0.903809 0.432617
vt 0.879639 0.423828
vt 0.838623 0.360352
vt 0.777832 0.352051
vt 0.552490 0.680176
vt 0.570068 0.705566
vt 0.487061 0.633301
vt 0.506348 0.636230
vt 0.514648 0.600586
vt 0.301025 0.458740
vt 0.376465 0.488770
vt 0.371338 0.652100
vt 0.347168 0.663086
vt 0.331543 0.693604
vt 0.294189 0.680176
vt 0.290527 0.716797
vt 0.276611 0.705566
vt 0.271484 0.734131
vt 0.385498 0.632080
vt 0.359619 0.633301
vt 0.365234 0.619385
vt 0.340332 0.636230
vt 0.355469 0.602295
vt 0.332275 0.600586
vt 0.354980 0.583740
vt 0.423340 0.751465
vt 0.408691 0.744141
vt 0.385254 0.739502
vt 0.394043 0.728271
vt 0.884277 0.473389
vt 0.907715 0.518311
vt 0.879639 0.423828
vt 0.912109 0.528564
vt 0.921387 0.749512
vt 0.005371 0.293945
vt 0.072998 0.293701
vt 0.007568 0.214355
vt 0.085693 0.180664
vt 0.028564 0.163086
vt 0.210205 0.092773
vt 0.423340 0.753174
vt 0.423340 0.751465
vt 0.387695 0.751465
vt 0.408691 0.744141
vt 0.385254 0.739502
vt 0.394043 0.728271
vt 0.401123 0.325928
vt 0.348633 0.319580
vt 0.884277 0.473389
vt 0.907715 0.518311
vt 0.921387 0.749512
vt 0.923828 0.829590
vt 0.261475 0.442383
vt 0.259766 0.442139
vt 0.262939 0.456055
vt 0.264160 0.469971
vt 0.294189 0.492432
vt 0.298828 0.526367
vt 0.242920 0.688477
vt 0.437988 0.744141
vt 0.423340 0.746338
vt 0.423340 0.732910
vt 0.384033 0.708984
vt 0.423340 0.143555
vt 0.351807 0.247803
vt 0.277832 0.316650
vt 0.586914 0.442139
vt 0.547852 0.526367
vt 0.603760 0.688477
vt 0.748779 0.555176
vt 0.793213 0.602051
vt 0.731201 0.755859
vt 0.796387 0.686523
vt 0.843994 0.607666
vt 0.856934 0.562256
vt 0.377930 0.759033
vt 0.373047 0.760498
vt 0.362793 0.755127
vt 0.342773 0.741943
vt 0.338379 0.729980
vt 0.333008 0.716064
vt 0.261475 0.442383
vt 0.247559 0.433838
vt 0.259766 0.442139
vt 0.233398 0.442871
vt 0.262939 0.456055
vt 0.231445 0.460693
vt 0.264160 0.469971
vt 0.238281 0.487549
vt 0.294189 0.492432
vt 0.241455 0.529297
vt 0.298828 0.526367
vt 0.263672 0.769043
vt 0.391602 0.769287
vt 0.423340 0.772949
vt 0.811523 0.426025
vt 0.783203 0.471680
vt 0.821289 0.492676
vt 0.800049 0.540771
vt 0.795166 0.946533
vt 0.873535 0.889404
vt 0.643311 0.762451
vt 0.605713 0.741699
vt 0.771973 0.417236
vt 0.319336 0.417725
vt 0.357422 0.528809
vt 0.330566 0.498047
vt 0.308350 0.549316
vt 0.272949 0.551758
vt 0.235596 0.550293
vt 0.228760 0.580811
vt 0.049561 0.617432
vt 0.058350 0.564941
vt 0.069580 0.479736
vt 0.083252 0.423584
vt 0.025146 0.401123
vt 0.072510 0.357422
vt 0.002441 0.364990
vt 0.005371 0.293945
vt 0.007568 0.214355
vt 0.422607 0.665283
vt 0.422852 0.690674
vt 0.528076 0.752930
vt 0.540771 0.746582
vt 0.555664 0.430420
vt 0.534180 0.435547
vt 0.558350 0.441650
vt 0.541016 0.447510
vt 0.795166 0.946533
vt 0.051270 0.686523
vt 0.002686 0.607666
vt 0.019043 0.548828
vt 0.423340 0.937500
vt 0.423340 0.916504
vt 0.476074 0.896484
vt 0.423340 0.897217
vt 0.479248 0.867676
vt 0.423340 0.870850
vt 0.423340 0.843506
vt 0.384766 0.821777
vt 0.349121 0.799316
vt 0.326904 0.791260
vt 0.343018 0.780273
vt 0.864014 0.450684
vt 0.845215 0.430664
vt 0.811523 0.426025
vt 0.771973 0.417236
vt 0.725586 0.443115
vt 0.701416 0.513916
vt 0.680176 0.591309
vt 0.623535 0.627441
vt 0.566406 0.656250
vt 0.547852 0.615967
vt 0.807373 0.867920
vt 0.822510 0.939209
vt 0.843506 0.994385
vt 0.994385 0.995361
vt 0.863281 0.723633
vt 0.993896 0.699951
vt 0.994873 0.828857
vt 0.807373 0.867920
vt 0.822510 0.939209
vt 0.843506 0.994385
vt 0.994385 0.995361
vt 0.863281 0.723633
vt 0.993896 0.699951
vt 0.994873 0.828857
vt 0.423340 0.937500
vt 0.423340 0.916504
vt 0.476074 0.896484
vt 0.423340 0.897217
vt 0.479248 0.867676
vt 0.423340 0.870850
vt 0.423340 0.843506
vt 0.384766 0.821777
vt 0.349121 0.799316
vt 0.326904 0.791260
vt 0.343018 0.780273
vt 0.423828 0.803467
vt 0.366699 0.783447
vt 0.354004 0.765381
vt 0.821289 0.492676
vt 0.783203 0.471680
vt 0.800049 0.540771
vt 0.748779 0.555176
vt 0.793213 0.602051
vt 0.547852 0.526367
vt 0.643311 0.762451
vt 0.605713 0.741699
vt 0.603760 0.688477
vt 0.330566 0.498047
vt 0.201416 0.762451
vt 0.240967 0.741699
vt 0.010986 0.693848
vt 0.083740 0.787354
vt 0.114502 0.754883
vt 0.123779 0.816162
vt 0.182861 0.812744
vt 0.423828 0.803467
vt 0.366699 0.783447
vt 0.354004 0.765381
vt 0.273438 0.435547
vt 0.267578 0.440674
vt 0.330322 0.433838
vt 0.263672 0.769043
vt 0.242188 0.807617
vt 0.263184 0.849121
vt 0.201904 0.865479
vt 0.138428 0.922363
vt 0.069824 0.887939
vt 0.579102 0.440674
vt 0.267578 0.440674
vt 0.437988 0.744141
vt 0.423340 0.746338
vt 0.423340 0.732910
vt 0.423340 0.143555
vt 0.328857 0.054443
vt 0.586914 0.442139
vt 0.731201 0.755859
vt 0.796387 0.686523
vt 0.843994 0.607666
vt 0.827637 0.548828
vt 0.856934 0.562256
vt 0.856201 0.541748
vt 0.423340 0.788574
vt 0.776855 0.887939
vt 0.423340 0.788574
vt 0.877441 0.232178
vt 0.818359 0.163086
vt 0.872314 0.146484
vt 0.792480 0.056885
vt 0.373047 0.760498
vt 0.276123 0.877686
vt 0.229980 0.912842
vt 0.381348 0.565674
vt 0.378906 0.521240
vt 0.353027 0.561035
vt 0.382324 0.578857
vt 0.383301 0.604492
vt 0.396729 0.623047
vt 0.573486 0.435547
vt 0.516357 0.433838
vt 0.835449 0.501465
vt 0.328857 0.758789
vt 0.856934 0.562256
vt 0.517822 0.758789
vt 0.423340 0.003174
vt 0.512939 0.003174
vt 0.631836 0.026367
vt 0.019043 0.548828
vt 0.024658 0.496338
vt 0.579102 0.440674
vt 0.659912 0.640625
vt 0.595215 0.833252
vt 0.577393 0.647705
vt 0.969727 0.992676
vt 0.893799 0.986816
vt 0.982666 0.948242
vt 0.249512 0.335205
vt 0.249268 0.358398
vt 0.178467 0.352539
vt 0.521729 0.296143
vt 0.603760 0.295166
vt 0.574219 0.337891
vt 0.358643 0.319092
vt 0.364990 0.285156
vt 0.402100 0.293457
vt 0.283936 0.036865
vt 0.256836 0.117920
vt 0.244873 0.046143
vt 0.489990 0.643555
vt 0.398926 0.640137
vt 0.485107 0.419922
vt 0.760742 0.423096
vt 0.741455 0.630371
vt 0.692871 0.463623
vt 0.850098 0.405029
vt 0.872070 0.365479
vt 0.917969 0.394287
vt 0.907471 0.111816
vt 0.986328 0.114502
vt 0.960938 0.206299
vt 0.581055 0.156494
vt 0.680176 0.287109
vt 0.678711 0.145020
vt 0.754883 0.265381
vt 0.799805 0.123291
vt 0.828125 0.236816
vt 0.908936 0.217041
vt 0.972412 0.310059
vt 0.331299 0.868408
vt 0.329346 0.756104
vt 0.253174 0.831055
vt 0.254639 0.739746
vt 0.354980 0.593506
vt 0.299805 0.610107
vt 0.315186 0.541016
vt 0.225098 0.548340
vt 0.326416 0.404785
vt 0.225342 0.414307
vt 0.302490 0.379150
vt 0.238281 0.384277
vt 0.249268 0.358398
vt 0.183594 0.373291
vt 0.178467 0.352539
vt 0.150391 0.032715
vt 0.060059 0.006348
vt 0.119385 0.125000
vt 0.020752 0.118164
vt 0.150635 0.204102
vt 0.019775 0.210449
vt 0.175537 0.304688
vt 0.022217 0.305176
vt 0.096191 0.339844
vt 0.016846 0.335938
vt 0.091309 0.364014
vt 0.016113 0.361816
vt 0.084473 0.397461
vt 0.018066 0.394287
vt 0.014648 0.411377
vt 0.331299 0.868408
vt 0.253174 0.831055
vt 0.329346 0.756104
vt 0.254639 0.739746
vt 0.354980 0.593506
vt 0.299805 0.610107
vt 0.315186 0.541016
vt 0.225098 0.548340
vt 0.326416 0.404785
vt 0.225342 0.414307
vt 0.302490 0.379150
vt 0.238281 0.384277
vt 0.183594 0.373291
vt 0.150391 0.032715
vt 0.119385 0.125000
vt 0.060059 0.006348
vt 0.020752 0.118164
vt 0.150635 0.204102
vt 0.019775 0.210449
vt 0.175537 0.304688
vt 0.022217 0.305176
vt 0.096191 0.339844
vt 0.016846 0.335938
vt 0.091309 0.364014
vt 0.016113 0.361816
vt 0.084473 0.397461
vt 0.018066 0.394287
vt 0.014648 0.411377
vt 0.020020 0.916260
vt 0.119385 0.757568
vt 0.020020 0.825439
vt 0.030762 0.599854
vt 0.140137 0.589355
vt 0.089600 0.521973
vt 0.163086 0.534912
vt 0.081543 0.415283
vt 0.156738 0.413086
vt 0.156250 0.387695
vt 0.595215 0.833252
vt 0.577393 0.647705
vt 0.532227 0.764648
vt 0.489990 0.643555
vt 0.553955 0.424561
vt 0.485107 0.419922
vt 0.513184 0.358154
vt 0.446533 0.369629
vt 0.513428 0.330078
vt 0.430664 0.349121
vt 0.448975 0.315674
vt 0.353516 0.357910
vt 0.832764 0.944336
vt 0.854980 0.909668
vt 0.790527 0.917725
vt 0.800781 0.871094
vt 0.871094 0.845703
vt 0.847656 0.620605
vt 0.965576 0.599854
vt 0.841064 0.469971
vt 0.917236 0.511963
vt 0.850098 0.405029
vt 0.914551 0.411377
vt 0.917969 0.394287
vt 0.893799 0.986816
vt 0.780273 0.973145
vt 0.740967 0.933594
vt 0.726318 0.899902
vt 0.720947 0.858887
vt 0.712891 0.815186
vt 0.614014 0.865234
vt 0.546875 0.892090
vt 0.419922 0.898682
vt 0.466309 0.745117
vt 0.398926 0.640137
vt 0.364746 0.520996
vt 0.410889 0.410156
vt 0.379395 0.379639
vt 0.313477 0.349854
vt 0.249512 0.335205
vt 0.318848 0.322266
vt 0.269043 0.292236
vt 0.319336 0.287842
vt 0.233154 0.201172
vt 0.291992 0.196777
vt 0.190918 0.128174
vt 0.256836 0.117920
vt 0.191895 0.041748
vt 0.244873 0.046143
vt 0.780273 0.973145
vt 0.832764 0.944336
vt 0.740967 0.933594
vt 0.790527 0.917725
vt 0.726318 0.899902
vt 0.800781 0.871094
vt 0.720947 0.858887
vt 0.712891 0.815186
vt 0.614014 0.865234
vt 0.546875 0.892090
vt 0.532227 0.764648
vt 0.419922 0.898682
vt 0.466309 0.745117
vt 0.364746 0.520996
vt 0.410889 0.410156
vt 0.379395 0.379639
vt 0.353516 0.357910
vt 0.313477 0.349854
vt 0.318848 0.322266
vt 0.269043 0.292236
vt 0.319336 0.287842
vt 0.233154 0.201172
vt 0.291992 0.196777
vt 0.190918 0.128174
vt 0.191895 0.041748
vt 0.614502 0.927246
vt 0.524414 0.926025
vt 0.400146 0.934814
vt 0.304932 0.914795
vt 0.221191 0.887451
vt 0.172119 0.810303
vt 0.200928 0.716309
vt 0.211426 0.611328
vt 0.174316 0.333740
vt 0.614502 0.927246
vt 0.524414 0.926025
vt 0.400146 0.934814
vt 0.304932 0.914795
vt 0.221191 0.887451
vt 0.172119 0.810303
vt 0.200928 0.716309
vt 0.211426 0.611328
vt 0.163086 0.534912
vt 0.156738 0.413086
vt 0.156250 0.387695
vt 0.174316 0.333740
vt 0.828125 0.236816
vt 0.770020 0.305420
vt 0.845947 0.332764
vt 0.827148 0.357666
vt 0.766602 0.354736
vt 0.824463 0.378906
vt 0.761719 0.394043
vt 0.760742 0.423096
vt 0.710938 0.386963
vt 0.692871 0.463623
vt 0.656494 0.412598
vt 0.632812 0.418213
vt 0.634766 0.383301
vt 0.581299 0.364990
vt 0.574219 0.337891
vt 0.521729 0.296143
vt 0.402100 0.293457
vt 0.358643 0.319092
vt 0.845947 0.332764
vt 0.770020 0.305420
vt 0.827148 0.357666
vt 0.766602 0.354736
vt 0.824463 0.378906
vt 0.761719 0.394043
vt 0.710938 0.386963
vt 0.656494 0.412598
vt 0.632812 0.418213
vt 0.634766 0.383301
vt 0.553955 0.424561
vt 0.581299 0.364990
vt 0.513184 0.358154
vt 0.513428 0.330078
vt 0.448975 0.315674
vt 0.364990 0.285156
vt 0.354492 0.211914
vt 0.425049 0.190186
vt 0.502686 0.172607
vt 0.603760 0.295166
vt 0.581055 0.156494
vt 0.680176 0.287109
vt 0.678711 0.145020
vt 0.754883 0.265381
vt 0.799805 0.123291
vt 0.907471 0.111816
vt 0.908936 0.217041
vt 0.960938 0.206299
vt 0.972412 0.310059
vt 0.354492 0.211914
vt 0.425049 0.190186
vt 0.502686 0.172607
vt 0.020020 0.916260
vt 0.020020 0.825439
vt 0.119385 0.757568
vt 0.030762 0.599854
vt 0.140137 0.589355
vt 0.089600 0.521973
vt 0.081543 0.415283
vt 0.446533 0.369629
vt 0.430664 0.349121
vt 0.854980 0.909668
vt 0.871094 0.845703
vt 0.847656 0.620605
vt 0.965576 0.599854
vt 0.841064 0.469971
vt 0.917236 0.511963
vt 0.914551 0.411377
vt 0.259277 0.986328
vt 0.230713 0.947754
vt 0.178711 0.988037
vt 0.156250 0.944336
vt 0.100342 0.914551
vt 0.723389 0.324707
vt 0.640869 0.337646
vt 0.697754 0.362793
vt 0.669922 0.372803
vt 0.370605 0.098145
vt 0.482178 0.085938
vt 0.577148 0.095459
vt 0.634033 0.016113
vt 0.798828 0.005127
vt 0.259277 0.986328
vt 0.178711 0.988037
vt 0.230713 0.947754
vt 0.156250 0.944336
vt 0.100342 0.914551
vt 0.723389 0.324707
vt 0.640869 0.337646
vt 0.697754 0.362793
vt 0.669922 0.372803
vt 0.370605 0.098145
vt 0.482178 0.085938
vt 0.577148 0.095459
vt 0.634033 0.016113
vt 0.798828 0.005127
vt 0.741455 0.630371
vt 0.872070 0.365479
vt 0.510986 0.016602
vt 0.391113 0.006348
vt 0.338623 0.013184
vt 0.283936 0.036865
vt 0.334717 0.109375
vt 0.510986 0.016602
vt 0.391113 0.006348
vt 0.338623 0.013184
vt 0.334717 0.109375
vt 0.659912 0.640625
vt 0.982666 0.948242
vt 0.979004 0.896484
vt 0.961426 0.817139
vt 0.909912 0.285400
vt 0.949463 0.338379
vt 0.938721 0.361816
vt 0.979004 0.896484
vt 0.961426 0.817139
vt 0.909912 0.285400
vt 0.949463 0.338379
vt 0.938721 0.361816
vt 0.680176 0.960693
vt 0.626465 0.901367
vt 0.020020 0.956787
vt 0.089355 0.969971
vt 0.006104 0.990967
vt 0.080811 0.996094
vt 0.957520 0.000000
vt 0.865723 0.000000
vt 0.986328 0.114502
vt 0.680176 0.960693
vt 0.626465 0.901367
vt 0.020020 0.956787
vt 0.089355 0.969971
vt 0.006104 0.990967
vt 0.080811 0.996094
vt 0.957520 0.000000
vt 0.865723 0.000000
vt 0.017334 0.511963
vt 0.017334 0.511963
vt 0.324463 0.949219
vt 0.324463 0.949219
vt 0.969727 0.992676
vt 0.895264 0.434326
vt 0.904297 0.468018
vt 0.874268 0.466309
vt 0.961670 0.600098
vt 0.965576 0.588379
vt 0.971680 0.618896
vt 0.636230 0.453369
vt 0.635010 0.471191
vt 0.618896 0.444580
vt 0.635986 0.635010
vt 0.631592 0.673828
vt 0.620117 0.670898
vt 0.783447 0.453613
vt 0.798340 0.503174
vt 0.798096 0.424805
vt 0.862549 0.520508
vt 0.849121 0.460205
vt 0.847168 0.486816
vt 0.589111 0.961182
vt 0.593506 0.890381
vt 0.587402 0.872559
vt 0.808838 0.994873
vt 0.810303 0.936768
vt 0.788086 0.951416
vt 0.578369 0.611572
vt 0.584229 0.573975
vt 0.570312 0.606201
vt 0.799805 0.752197
vt 0.811768 0.729004
vt 0.798828 0.702637
vt 0.214600 0.315918
vt 0.199463 0.363281
vt 0.222412 0.411377
vt 0.904297 0.468018
vt 0.917480 0.518555
vt 0.932373 0.502686
vt 0.840576 0.495361
vt 0.830811 0.477295
vt 0.836914 0.510254
vt 0.324707 0.398438
vt 0.319336 0.454590
vt 0.413086 0.410400
vt 0.470947 0.390381
vt 0.486816 0.485107
vt 0.744873 0.887695
vt 0.764160 0.995605
vt 0.761475 0.939453
vt 0.470215 0.682373
vt 0.455566 0.554688
vt 0.429688 0.562744
vt 0.649414 0.515381
vt 0.636230 0.453369
vt 0.635010 0.471191
vt 0.632324 0.907227
vt 0.611816 0.913818
vt 0.622559 0.975586
vt 0.833740 0.532227
vt 0.820068 0.504639
vt 0.827881 0.564453
vt 0.781250 0.762207
vt 0.779785 0.733643
vt 0.767090 0.733643
vt 0.874268 0.466309
vt 0.895264 0.434326
vt 0.971680 0.618896
vt 0.965576 0.588379
vt 0.961670 0.600098
vt 0.693115 0.548096
vt 0.687744 0.567871
vt 0.681396 0.661621
vt 0.618896 0.444580
vt 0.734131 0.679688
vt 0.721436 0.680908
vt 0.731689 0.709473
vt 0.620117 0.670898
vt 0.631592 0.673828
vt 0.635986 0.635010
vt 0.512939 0.493896
vt 0.543457 0.555176
vt 0.515869 0.612793
vt 0.541016 0.630127
vt 0.535400 0.713379
vt 0.547607 0.745605
vt 0.548828 0.804443
vt 0.563965 0.758301
vt 0.573975 0.806396
vt 0.579834 0.750977
vt 0.592529 0.745117
vt 0.594238 0.655762
vt 0.607666 0.636963
vt 0.603271 0.594482
vt 0.622070 0.544922
vt 0.622803 0.533691
vt 0.624023 0.542236
vt 0.631836 0.526611
vt 0.614258 0.630615
vt 0.621094 0.633789
vt 0.609619 0.673828
vt 0.614014 0.692627
vt 0.601807 0.820312
vt 0.618896 0.828613
vt 0.611816 0.913818
vt 0.637451 0.834961
vt 0.632324 0.907227
vt 0.642334 0.895020
vt 0.622559 0.975586
vt 0.583496 0.373047
vt 0.522949 0.373291
vt 0.582031 0.429199
vt 0.515137 0.461426
vt 0.579102 0.464111
vt 0.512939 0.493896
vt 0.543457 0.555176
vt 0.515869 0.612793
vt 0.541016 0.630127
vt 0.535400 0.713379
vt 0.547607 0.745605
vt 0.548828 0.804443
vt 0.563965 0.758301
vt 0.573975 0.806396
vt 0.579834 0.750977
vt 0.592529 0.745117
vt 0.594238 0.655762
vt 0.607666 0.636963
vt 0.603271 0.594482
vt 0.622070 0.544922
vt 0.622803 0.533691
vt 0.624023 0.542236
vt 0.631836 0.526611
vt 0.614258 0.630615
vt 0.621094 0.633789
vt 0.609619 0.673828
vt 0.614014 0.692627
vt 0.601807 0.820312
vt 0.618896 0.828613
vt 0.637451 0.834961
vt 0.642334 0.895020
vt 0.574219 0.645996
vt 0.556885 0.640381
vt 0.570312 0.606201
vt 0.566406 0.563721
vt 0.584229 0.573975
vt 0.598145 0.471191
vt 0.611816 0.479492
vt 0.625244 0.498779
vt 0.630859 0.514404
vt 0.649414 0.515381
vt 0.628906 0.704834
vt 0.643555 0.710449
vt 0.657715 0.687744
vt 0.667725 0.677979
vt 0.574219 0.645996
vt 0.556885 0.640381
vt 0.566406 0.563721
vt 0.598145 0.471191
vt 0.611816 0.479492
vt 0.625244 0.498779
vt 0.893555 0.644775
vt 0.880859 0.570557
vt 0.875488 0.591797
vt 0.865967 0.556152
vt 0.711426 0.544678
vt 0.687988 0.535645
vt 0.675293 0.529785
vt 0.587646 0.616211
vt 0.521973 0.835938
vt 0.527344 0.783203
vt 0.500244 0.749023
vt 0.517090 0.726318
vt 0.481201 0.644287
vt 0.630859 0.514404
vt 0.447266 0.973633
vt 0.460449 0.912842
vt 0.432373 0.864990
vt 0.453369 0.809326
vt 0.416260 0.699463
vt 0.315918 0.730957
vt 0.285889 0.858154
vt 0.309570 0.902588
vt 0.281250 0.949463
vt 0.298096 0.995605
vt 0.709961 0.958496
vt 0.740967 0.706543
vt 0.742432 0.580078
vt 0.906250 0.623291
vt 0.907959 0.585449
vt 0.895752 0.581787
vt 0.884277 0.534668
vt 0.912109 0.560303
vt 0.247070 0.395264
vt 0.270508 0.422852
vt 0.242432 0.422852
vt 0.272461 0.447021
vt 0.821777 0.393799
vt 0.810303 0.317383
vt 0.824951 0.256348
vt 0.805908 0.282471
vt 0.346191 0.315674
vt 0.363281 0.229004
vt 0.376221 0.314209
vt 0.387207 0.215576
vt 0.983154 0.556641
vt 0.997803 0.620361
vt 0.990234 0.620850
vt 0.984131 0.718750
vt 0.764893 0.411621
vt 0.751953 0.295898
vt 0.790039 0.361572
vt 0.781982 0.288818
vt 0.372070 0.160156
vt 0.387451 0.086670
vt 0.393555 0.147217
vt 0.458740 0.070312
vt 0.682129 0.482422
vt 0.653809 0.472656
vt 0.681396 0.395020
vt 0.658936 0.406494
vt 0.247070 0.395264
vt 0.242432 0.422852
vt 0.270508 0.422852
vt 0.272461 0.447021
vt 0.628906 0.704834
vt 0.643555 0.710449
vt 0.657715 0.687744
vt 0.667725 0.677979
vt 0.808838 0.994873
vt 0.764160 0.995605
vt 0.788086 0.951416
vt 0.761475 0.939453
vt 0.758545 0.883545
vt 0.744873 0.887695
vt 0.749023 0.736816
vt 0.740479 0.733643
vt 0.746582 0.702148
vt 0.744629 0.588135
vt 0.745850 0.566650
vt 0.742432 0.580078
vt 0.740234 0.563965
vt 0.734131 0.679688
vt 0.729248 0.556641
vt 0.721436 0.680908
vt 0.711426 0.544678
vt 0.703857 0.675537
vt 0.693115 0.548096
vt 0.687744 0.668945
vt 0.681396 0.661621
vt 0.676025 0.700195
vt 0.670898 0.676514
vt 0.643555 0.930176
vt 0.758545 0.883545
vt 0.749023 0.736816
vt 0.740479 0.733643
vt 0.746582 0.702148
vt 0.744629 0.588135
vt 0.745850 0.566650
vt 0.740234 0.563965
vt 0.729248 0.556641
vt 0.703857 0.675537
vt 0.687744 0.668945
vt 0.676025 0.700195
vt 0.670898 0.676514
vt 0.643555 0.930176
vt 0.709961 0.958496
vt 0.684570 0.994629
vt 0.697266 0.951660
vt 0.671631 0.948975
vt 0.707764 0.854980
vt 0.684814 0.851562
vt 0.717773 0.721924
vt 0.699219 0.724365
vt 0.712646 0.702881
vt 0.700928 0.700439
vt 0.690674 0.695801
vt 0.684326 0.713135
vt 0.658936 0.839111
vt 0.651367 0.931641
vt 0.653076 0.983154
vt 0.836914 0.510254
vt 0.833740 0.532227
vt 0.830811 0.477295
vt 0.820068 0.504639
vt 0.821777 0.393799
vt 0.824951 0.256348
vt 0.810303 0.317383
vt 0.805908 0.282471
vt 0.346191 0.315674
vt 0.376221 0.314209
vt 0.363281 0.229004
vt 0.387207 0.215576
vt 0.983154 0.556641
vt 0.990234 0.620850
vt 0.997803 0.620361
vt 0.984131 0.718750
vt 0.764893 0.411621
vt 0.790039 0.361572
vt 0.751953 0.295898
vt 0.781982 0.288818
vt 0.372070 0.160156
vt 0.393555 0.147217
vt 0.387451 0.086670
vt 0.458740 0.070312
vt 0.682129 0.482422
vt 0.681396 0.395020
vt 0.653809 0.472656
vt 0.658936 0.406494
vt 0.798096 0.424805
vt 0.798340 0.503174
vt 0.783447 0.453613
vt 0.847168 0.486816
vt 0.849121 0.460205
vt 0.862549 0.520508
vt 0.587402 0.872559
vt 0.593506 0.890381
vt 0.589111 0.961182
vt 0.810303 0.936768
vt 0.779297 0.705078
vt 0.792480 0.729980
vt 0.779785 0.733643
vt 0.578369 0.611572
vt 0.798828 0.702637
vt 0.811768 0.729004
vt 0.799805 0.752197
vt 0.222412 0.411377
vt 0.199463 0.363281
vt 0.214600 0.315918
vt 0.932373 0.502686
vt 0.917480 0.518555
vt 0.840576 0.495361
vt 0.413086 0.410400
vt 0.319336 0.454590
vt 0.324707 0.398438
vt 0.486816 0.485107
vt 0.470947 0.390381
vt 0.429688 0.562744
vt 0.455566 0.554688
vt 0.470215 0.682373
vt 0.740967 0.706543
vt 0.687744 0.567871
vt 0.675293 0.529785
vt 0.687988 0.535645
vt 0.827881 0.564453
vt 0.828613 0.437500
vt 0.770752 0.197998
vt 0.737061 0.107422
vt 0.720215 0.273682
vt 0.691406 0.073486
vt 0.670898 0.278320
vt 0.644287 0.048828
vt 0.650146 0.277588
vt 0.621338 0.250977
vt 0.697266 0.951660
vt 0.684570 0.994629
vt 0.671631 0.948975
vt 0.707764 0.854980
vt 0.684814 0.851562
vt 0.717773 0.721924
vt 0.699219 0.724365
vt 0.712646 0.702881
vt 0.700928 0.700439
vt 0.690674 0.695801
vt 0.684326 0.713135
vt 0.658936 0.839111
vt 0.651367 0.931641
vt 0.653076 0.983154
vt 0.828613 0.437500
vt 0.770752 0.197998
vt 0.737061 0.107422
vt 0.720215 0.273682
vt 0.691406 0.073486
vt 0.670898 0.278320
vt 0.644287 0.048828
vt 0.650146 0.277588
vt 0.621338 0.250977
vt 0.521973 0.835938
vt 0.527344 0.783203
vt 0.517090 0.726318
vt 0.481201 0.644287
vt 0.489502 0.513672
vt 0.458740 0.547852
vt 0.449463 0.519287
vt 0.363037 0.465332
vt 0.312500 0.523193
vt 0.272705 0.520996
vt 0.274170 0.580078
vt 0.489502 0.513672
vt 0.458740 0.547852
vt 0.449463 0.519287
vt 0.363037 0.465332
vt 0.312500 0.523193
vt 0.272705 0.520996
vt 0.274170 0.580078
vt 0.994629 0.558594
vt 0.985840 0.518066
vt 0.974854 0.529785
vt 0.964600 0.500732
vt 0.951904 0.537842
vt 0.942383 0.449707
vt 0.939697 0.528076
vt 0.924805 0.540771
vt 0.903076 0.538574
vt 0.884521 0.505371
vt 0.994629 0.558594
vt 0.985840 0.518066
vt 0.974854 0.529785
vt 0.964600 0.500732
vt 0.951904 0.537842
vt 0.942383 0.449707
vt 0.939697 0.528076
vt 0.924805 0.540771
vt 0.903076 0.538574
vt 0.884521 0.505371
vt 0.746582 0.504395
vt 0.731445 0.519287
vt 0.745361 0.457764
vt 0.724609 0.475098
vt 0.704102 0.445801
vt 0.691406 0.467285
vt 0.641357 0.387695
vt 0.823242 0.880859
vt 0.809326 0.876953
vt 0.787354 0.885742
vt 0.760010 0.756592
vt 0.757324 0.702637
vt 0.755371 0.554443
vt 0.746582 0.504395
vt 0.745361 0.457764
vt 0.731445 0.519287
vt 0.724609 0.475098
vt 0.704102 0.445801
vt 0.691406 0.467285
vt 0.641357 0.387695
vt 0.823242 0.880859
vt 0.809326 0.876953
vt 0.787354 0.885742
vt 0.760010 0.756592
vt 0.757324 0.702637
vt 0.755371 0.554443
vt 0.841797 0.356201
vt 0.841309 0.235107
vt 0.829346 0.137207
vt 0.783203 0.113770
vt 0.684814 0.581543
vt 0.678467 0.559082
vt 0.670166 0.551514
vt 0.653564 0.648193
vt 0.642090 0.679688
vt 0.970215 0.681152
vt 0.978516 0.639893
vt 0.979248 0.589844
vt 0.971680 0.569092
vt 0.959961 0.553955
vt 0.952148 0.553223
vt 0.944092 0.562500
vt 0.934814 0.573975
vt 0.841797 0.356201
vt 0.841309 0.235107
vt 0.829346 0.137207
vt 0.783203 0.113770
vt 0.684814 0.581543
vt 0.678467 0.559082
vt 0.670166 0.551514
vt 0.653564 0.648193
vt 0.642090 0.679688
vt 0.970215 0.681152
vt 0.978516 0.639893
vt 0.979248 0.589844
vt 0.971680 0.569092
vt 0.959961 0.553955
vt 0.952148 0.553223
vt 0.944092 0.562500
vt 0.934814 0.573975
vt 0.781250 0.762207
vt 0.792725 0.549561
vt 0.773438 0.551514
vt 0.784424 0.492920
vt 0.765869 0.476074
vt 0.938232 0.585938
vt 0.924316 0.597168
vt 0.924561 0.586426
vt 0.916504 0.595215
vt 0.919189 0.604492
vt 0.913574 0.609619
vt 0.928955 0.640381
vt 0.924316 0.648682
vt 0.938477 0.676758
vt 0.937500 0.684082
vt 0.947754 0.677002
vt 0.952881 0.683105
vt 0.962891 0.664551
vt 0.792480 0.729980
vt 0.779297 0.705078
vt 0.792725 0.549561
vt 0.773438 0.551514
vt 0.784424 0.492920
vt 0.765869 0.476074
vt 0.938232 0.585938
vt 0.924561 0.586426
vt 0.924316 0.597168
vt 0.916504 0.595215
vt 0.919189 0.604492
vt 0.913574 0.609619
vt 0.928955 0.640381
vt 0.924316 0.648682
vt 0.938477 0.676758
vt 0.937500 0.684082
vt 0.947754 0.677002
vt 0.952881 0.683105
vt 0.962891 0.664551
vt 0.453125 0.214355
vt 0.458008 0.135986
vt 0.531738 0.198975
vt 0.538086 0.118408
vt 0.591309 0.170410
vt 0.579590 0.070068
vt 0.614258 0.033203
vt 0.570801 0.014893
vt 0.298096 0.995605
vt 0.260498 0.989746
vt 0.281250 0.949463
vt 0.258057 0.894287
vt 0.285889 0.858154
vt 0.271240 0.724121
vt 0.315918 0.730957
vt 0.302246 0.585205
vt 0.336670 0.595215
vt 0.368408 0.576172
vt 0.346191 0.595703
vt 0.352295 0.714111
vt 0.447266 0.973633
vt 0.460449 0.912842
vt 0.480713 0.960693
vt 0.480713 0.847900
vt 0.453369 0.809326
vt 0.416260 0.699463
vt 0.402832 0.577393
vt 0.394531 0.581299
vt 0.407959 0.698730
vt 0.453125 0.214355
vt 0.458008 0.135986
vt 0.531738 0.198975
vt 0.538086 0.118408
vt 0.591309 0.170410
vt 0.579590 0.070068
vt 0.614258 0.033203
vt 0.570801 0.014893
vt 0.260498 0.989746
vt 0.258057 0.894287
vt 0.271240 0.724121
vt 0.302246 0.585205
vt 0.336670 0.595215
vt 0.368408 0.576172
vt 0.346191 0.595703
vt 0.352295 0.714111
vt 0.480713 0.960693
vt 0.480713 0.847900
vt 0.402832 0.577393
vt 0.394531 0.581299
vt 0.407959 0.698730
vt 0.269531 0.262939
vt 0.231689 0.249512
vt 0.296143 0.188477
vt 0.253418 0.184570
vt 0.312744 0.131348
vt 0.286133 0.103516
vt 0.333984 0.073730
vt 0.582520 0.270264
vt 0.528320 0.286865
vt 0.457764 0.290527
vt 0.394531 0.308350
vt 0.900391 0.110107
vt 0.917969 0.168945
vt 0.894531 0.221680
vt 0.916504 0.247559
vt 0.898438 0.300049
vt 0.921143 0.275146
vt 0.918457 0.414795
vt 0.938965 0.414795
vt 0.927734 0.454834
vt 0.129150 0.680664
vt 0.130371 0.609863
vt 0.150635 0.646240
vt 0.164795 0.600098
vt 0.127686 0.547852
vt 0.171875 0.570312
vt 0.141357 0.520752
vt 0.165283 0.529053
vt 0.146484 0.502197
vt 0.269531 0.262939
vt 0.231689 0.249512
vt 0.296143 0.188477
vt 0.253418 0.184570
vt 0.312744 0.131348
vt 0.286133 0.103516
vt 0.333984 0.073730
vt 0.582520 0.270264
vt 0.528320 0.286865
vt 0.457764 0.290527
vt 0.394531 0.308350
vt 0.900391 0.110107
vt 0.894531 0.221680
vt 0.917969 0.168945
vt 0.916504 0.247559
vt 0.898438 0.300049
vt 0.921143 0.275146
vt 0.918457 0.414795
vt 0.938965 0.414795
vt 0.927734 0.454834
vt 0.129150 0.680664
vt 0.150635 0.646240
vt 0.130371 0.609863
vt 0.164795 0.600098
vt 0.127686 0.547852
vt 0.171875 0.570312
vt 0.141357 0.520752
vt 0.165283 0.529053
vt 0.146484 0.502197
vt 0.618896 0.380859
vt 0.603271 0.435791
vt 0.579102 0.464111
vt 0.919922 0.663086
vt 0.893555 0.644775
vt 0.906250 0.623291
vt 0.895752 0.581787
vt 0.880859 0.570557
vt 0.884277 0.534668
vt 0.866943 0.493164
vt 0.929932 0.216309
vt 0.939453 0.256104
vt 0.959473 0.374268
vt 0.953369 0.441895
vt 0.610596 0.633545
vt 0.618896 0.380859
vt 0.603271 0.435791
vt 0.919922 0.663086
vt 0.866943 0.493164
vt 0.929932 0.216309
vt 0.939453 0.256104
vt 0.959473 0.374268
vt 0.953369 0.441895
vt 0.610596 0.633545
vt 0.810303 0.558350
vt 0.811768 0.696533
vt 0.826416 0.723877
vt 0.300049 0.305664
vt 0.275391 0.464600
vt 0.956299 0.562500
vt 0.950439 0.566162
vt 0.934326 0.634521
vt 0.810303 0.558350
vt 0.811768 0.696533
vt 0.826416 0.723877
vt 0.300049 0.305664
vt 0.275391 0.464600
vt 0.956299 0.562500
vt 0.950439 0.566162
vt 0.934326 0.634521
vt 0.811768 0.078613
vt 0.773926 0.056152
vt 0.737793 0.050049
vt 0.695068 0.027832
vt 0.537842 0.040283
vt 0.495850 0.006592
vt 0.433838 0.023438
vt 0.384766 0.021973
vt 0.731689 0.709473
vt 0.426758 0.990479
vt 0.391846 0.994873
vt 0.403809 0.935547
vt 0.375244 0.891602
vt 0.394043 0.832275
vt 0.587646 0.616211
vt 0.912598 0.683838
vt 0.929688 0.715820
vt 0.936768 0.697754
vt 0.717773 0.396973
vt 0.746094 0.403076
vt 0.664307 0.657959
vt 0.680176 0.594971
vt 0.971191 0.638428
vt 0.960938 0.659912
vt 0.950439 0.670166
vt 0.939453 0.664062
vt 0.945312 0.662598
vt 0.968750 0.634033
vt 0.811768 0.078613
vt 0.773926 0.056152
vt 0.737793 0.050049
vt 0.695068 0.027832
vt 0.537842 0.040283
vt 0.495850 0.006592
vt 0.433838 0.023438
vt 0.384766 0.021973
vt 0.391846 0.994873
vt 0.426758 0.990479
vt 0.403809 0.935547
vt 0.419678 0.874023
vt 0.394043 0.832275
vt 0.912598 0.683838
vt 0.929688 0.715820
vt 0.936768 0.697754
vt 0.717773 0.396973
vt 0.746094 0.403076
vt 0.664307 0.657959
vt 0.680176 0.594971
vt 0.971191 0.638428
vt 0.960938 0.659912
vt 0.950439 0.670166
vt 0.939453 0.664062
vt 0.945312 0.662598
vt 0.968750 0.634033
vt 0.522949 0.373291
vt 0.515137 0.461426
vt 0.859375 0.081543
vt 0.873535 0.140625
vt 0.867188 0.213867
vt 0.864746 0.318848
vt 0.106689 0.583008
vt 0.094482 0.628906
vt 0.111816 0.652344
vt 0.090820 0.663574
vt 0.095459 0.680420
vt 0.364502 0.521484
vt 0.352295 0.119385
vt 0.337402 0.169434
vt 0.859375 0.081543
vt 0.873535 0.140625
vt 0.867188 0.213867
vt 0.864746 0.318848
vt 0.106689 0.583008
vt 0.094482 0.628906
vt 0.111816 0.652344
vt 0.090820 0.663574
vt 0.095459 0.680420
vt 0.364502 0.521484
vt 0.352295 0.119385
vt 0.337402 0.169434
vt 0.964844 0.442383
vt 0.977051 0.486328
vt 0.976074 0.602783
vt 0.976807 0.637451
vt 0.964844 0.442383
vt 0.977051 0.486328
vt 0.976074 0.602783
vt 0.976807 0.637451
vt 0.583496 0.373047
vt 0.582031 0.429199
vt 0.836670 0.038818
vt 0.648926 0.012695
vt 0.181641 0.553955
vt 0.107666 0.690918
vt 0.419678 0.874023
vt 0.767090 0.733643
vt 0.875488 0.591797
vt 0.865967 0.556152
vt 0.854004 0.006104
vt 0.885010 0.024170
vt 0.896729 0.057617
vt 0.912109 0.560303
vt 0.907959 0.585449
vt 0.500244 0.749023
vt 0.432373 0.864990
vt 0.309570 0.902588
vt 0.836670 0.038818
vt 0.648926 0.012695
vt 0.181641 0.553955
vt 0.107666 0.690918
vt 0.375244 0.891602
vt 0.854004 0.006104
vt 0.885010 0.024170
vt 0.896729 0.057617
vt 0.600830 0.750000
vt 0.624512 0.638428
vt 0.586914 0.677246
vt 0.284912 0.985107
vt 0.288818 0.968506
vt 0.236328 0.979248
vt 0.294434 0.946777
vt 0.319824 0.962402
vt 0.324219 0.937256
vt 0.379639 0.957764
vt 0.930664 0.576660
vt 0.935059 0.596191
vt 0.953125 0.451904
vt 0.941406 0.606689
vt 0.981445 0.575928
vt 0.965332 0.651123
vt 0.981201 0.601562
vt 0.228760 0.913330
vt 0.194580 0.891602
vt 0.172119 0.917969
vt 0.165283 0.874512
vt 0.140625 0.930908
vt 0.137451 0.869385
vt 0.113281 0.865723
vt 0.893799 0.779297
vt 0.886475 0.835449
vt 0.951416 0.845947
vt 0.952637 0.905273
vt 0.885254 0.917480
vt 0.990723 0.993896
vt 0.895752 0.988037
vt 0.346924 0.792236
vt 0.331787 0.862305
vt 0.397217 0.846924
vt 0.361572 0.907715
vt 0.400635 0.905029
vt 0.369873 0.940674
vt 0.413574 0.947266
vt 0.748535 0.792480
vt 0.728760 0.786621
vt 0.766113 0.881592
vt 0.725342 0.892578
vt 0.783447 0.981934
vt 0.730957 0.985840
vt 0.281006 0.936035
vt 0.265869 0.920898
vt 0.255615 0.948975
vt 0.212891 0.946289
vt 0.261230 0.873535
vt 0.236572 0.817871
vt 0.230713 0.858398
vt 0.196533 0.851074
vt 0.196777 0.796143
vt 0.157715 0.825928
vt 0.314697 0.516846
vt 0.274902 0.502686
vt 0.271484 0.571777
vt 0.218018 0.508301
vt 0.212158 0.578613
vt 0.186035 0.550781
vt 0.449951 0.040527
vt 0.504639 0.036865
vt 0.504395 0.004150
vt 0.554932 0.041016
vt 0.548096 0.007812
vt 0.612549 0.051514
vt 0.552002 0.079102
vt 0.590332 0.128174
vt 0.596924 0.077393
vt 0.659668 0.093506
vt 0.642090 0.141113
vt 0.718994 0.108887
vt 0.966797 0.628662
vt 0.976318 0.548828
vt 0.948730 0.615234
vt 0.935791 0.552246
vt 0.956543 0.453369
vt 0.933105 0.486816
vt 0.460205 0.883789
vt 0.496338 0.726562
vt 0.477051 0.709473
vt 0.520996 0.600098
vt 0.488525 0.614746
vt 0.497559 0.519775
vt 0.466309 0.178711
vt 0.421875 0.134521
vt 0.418945 0.178711
vt 0.356689 0.141846
vt 0.333984 0.115723
vt 0.306641 0.178223
vt 0.294434 0.234619
vt 0.244385 0.240723
vt 0.242920 0.311035
vt 0.167969 0.321777
vt 0.222168 0.352295
vt 0.166992 0.389648
vt 0.975586 0.145508
vt 0.907715 0.091553
vt 0.923096 0.173340
vt 0.870850 0.142822
vt 0.872070 0.203857
vt 0.828857 0.165527
vt 0.838379 0.228271
vt 0.776123 0.179443
vt 0.773438 0.227783
vt 0.706787 0.146484
vt 0.732666 0.264648
vt 0.676270 0.209229
vt 0.664307 0.292969
vt 0.649170 0.175781
vt 0.604492 0.228760
vt 0.603516 0.186768
vt 0.554688 0.174805
vt 0.553223 0.127441
vt 0.506836 0.073486
vt 0.463867 0.079590
vt 0.390869 0.071045
vt 0.358643 0.035889
vt 0.305176 0.066406
vt 0.245850 0.049316
vt 0.261719 0.120850
vt 0.182617 0.095215
vt 0.193848 0.136230
vt 0.138672 0.143799
vt 0.167969 0.180908
vt 0.093018 0.182617
vt 0.099121 0.239258
vt 0.039062 0.225586
vt 0.090088 0.311279
vt 0.037354 0.297607
vt 0.080811 0.398682
vt 0.039307 0.385254
vt 0.056152 0.446289
vt 0.010498 0.433105
vt 0.005859 0.556396
vt 0.047607 0.559570
vt 0.007080 0.529297
vt 0.053955 0.520264
vt 0.093994 0.585449
vt 0.119385 0.549561
vt 0.101807 0.743408
vt 0.131348 0.715332
vt 0.128906 0.808350
vt 0.145264 0.766846
vt 0.180420 0.722412
vt 0.243652 0.757324
vt 0.298828 0.849121
vt 0.294678 0.891846
vt 0.444336 0.979492
vt 0.425049 0.897217
vt 0.432129 0.839111
vt 0.415039 0.785156
vt 0.459229 0.587158
vt 0.436035 0.567139
vt 0.482178 0.466797
vt 0.422607 0.501709
vt 0.439697 0.458008
vt 0.381592 0.462891
vt 0.005859 0.598145
vt 0.029541 0.586670
vt 0.065186 0.643799
vt 0.082764 0.633301
vt 0.092041 0.888672
vt 0.204590 0.972412
vt 0.167969 0.952148
vt 0.107666 0.967529
vt 0.108398 0.450928
vt 0.157227 0.278076
vt 0.241455 0.205322
vt 0.332031 0.214355
vt 0.372314 0.187256
vt 0.411865 0.250000
vt 0.470947 0.229980
vt 0.507812 0.171875
vt 0.507812 0.226807
vt 0.546875 0.226562
vt 0.508301 0.363770
vt 0.559814 0.368652
vt 0.531006 0.451904
vt 0.567383 0.453613
vt 0.105713 0.513428
vt 0.158203 0.524170
vt 0.159180 0.650146
vt 0.209717 0.655762
vt 0.266846 0.695312
vt 0.286377 0.646240
vt 0.355957 0.677246
vt 0.353516 0.627930
vt 0.406006 0.589111
vt 0.333984 0.571533
vt 0.360840 0.501953
vt 0.321533 0.490967
vt 0.260010 0.465576
vt 0.212646 0.460449
vt 0.168945 0.490234
vt 0.693604 0.505127
vt 0.742920 0.520752
vt 0.726074 0.505127
vt 0.754395 0.505127
vt 0.759521 0.527344
vt 0.777344 0.505127
vt 0.775146 0.535156
vt 0.799805 0.505127
vt 0.808838 0.543701
vt 0.846680 0.538330
vt 0.810791 0.574219
vt 0.855225 0.567871
vt 0.813721 0.691406
vt 0.857666 0.681396
vt 0.820557 0.799805
vt 0.855469 0.830566
vt 0.833740 0.887695
vt 0.859131 0.982666
vt 0.461426 0.009521
vt 0.379395 0.006836
vt 0.285400 0.013672
vt 0.192383 0.040771
vt 0.091064 0.104004
vt 0.078613 0.149170
vt 0.003906 0.160156
vt 0.004883 0.210693
vt 0.004883 0.288818
vt 0.004883 0.363037
vt 0.657471 0.505127
vt 0.644287 0.520508
vt 0.672363 0.533936
vt 0.712646 0.531250
vt 0.707764 0.561035
vt 0.745850 0.546631
vt 0.740479 0.702393
vt 0.756104 0.695557
vt 0.753418 0.756592
vt 0.780518 0.776855
vt 0.792236 0.878906
vt 0.816650 0.970459
vt 0.635254 0.444092
vt 0.619629 0.375488
vt 0.597412 0.457520
vt 0.508301 0.124512
vt 0.469482 0.137207
vt 0.768555 0.123047
vt 0.820801 0.115234
vt 0.865479 0.091797
vt 0.839600 0.050293
vt 0.663086 0.381348
vt 0.711914 0.343506
vt 0.765381 0.291016
vt 0.848877 0.304688
vt 0.908447 0.280029
vt 0.964355 0.422119
vt 0.979492 0.313721
vt 0.945068 0.349121
vt 0.949219 0.274414
vt 0.905518 0.364014
vt 0.843506 0.392334
vt 0.792725 0.394531
vt 0.752930 0.390625
vt 0.718018 0.390137
vt 0.247314 0.613525
vt 0.501465 0.994629
vt 0.633057 0.900146
vt 0.518799 0.915283
vt 0.628906 0.817383
vt 0.659912 0.810303
vt 0.625488 0.751221
vt 0.661377 0.679688
vt 0.674072 0.574707
vt 0.632080 0.553467
vt 0.778320 0.718994
vt 0.772461 0.690918
vt 0.764648 0.558350
vt 0.186768 0.449219
vt 0.222168 0.428711
vt 0.248291 0.362061
vt 0.308105 0.320557
vt 0.369141 0.291504
vt 0.613770 0.991699
vt 0.654053 0.991211
vt 0.679199 0.898682
vt 0.694824 0.799561
vt 0.702148 0.696777
vt 0.320557 0.455566
vt 0.400391 0.707520
vt 0.771240 0.071777
vt 0.694336 0.058838
vt 0.949463 0.776367
vt 0.895264 0.696289
vt 0.902344 0.640137
vt 0.889404 0.546143
vt 0.879395 0.505127
vt 0.831299 0.505127
vt 0.453369 0.965332
vt 0.465332 0.950195
vt 0.517822 0.735107
vt 0.561035 0.592285
vt 0.553223 0.506836
vt 0.516357 0.485352
vt 0.593994 0.016113
vt 0.656006 0.014648
vt 0.753906 0.032471
vt 0.692627 0.992188
vt 0.346191 0.727539
vt 0.987549 0.647217
vt 0.981201 0.621582
vt 0.988037 0.588379
vt 0.992676 0.537598
vt 0.992676 0.522949
vt 0.986816 0.477295
vt 0.486816 0.449463
vt 0.468018 0.361328
vt 0.460205 0.447266
vt 0.434082 0.445312
vt 0.421631 0.360596
vt 0.385986 0.441650
vt 0.353760 0.375488
vt 0.329346 0.444580
vt 0.312744 0.386475
vt 0.046875 0.656738
vt 0.072266 0.911133
vt 0.087158 0.939453
vt 0.927246 0.422852
vt 0.879395 0.454102
vt 0.820068 0.462402
vt 0.773926 0.463379
vt 0.594971 0.539795
vt 0.599854 0.591553
vt 0.571289 0.655273
vt 0.538574 0.739990
vt 0.504150 0.860596
vt 0.567383 0.811035
vt 0.993896 0.226074
vt 0.997559 0.530762
vt 0.990967 0.497070
vt 0.978027 0.466309
vt 0.005859 0.659424
vt 0.028809 0.673096
vt 0.018555 0.692383
vt 0.698730 0.410645
vt 0.671143 0.441650
vt 0.293457 0.448975
vt 0.292236 0.372559
vt 0.312256 0.980957
vt 0.922607 0.508545
vt 0.928467 0.508057
vt 0.714600 0.461914
vt 0.761230 0.017334
vt 0.950195 0.694824
vt 0.553223 0.765137
vt 0.921631 0.564697
vt 0.972900 0.032959
vt 0.905029 0.189697
vt 0.893799 0.096680
vt 0.831787 0.112793
vt 0.878418 0.283203
vt 0.807617 0.657959
vt 0.920654 0.608887
vt 0.910156 0.835693
vt 0.000000 0.909180
vt 0.093994 0.931885
vt 0.140381 0.761230
vt 0.511963 0.918701
vt 0.511963 0.744141
vt 0.853271 0.767822
vt 0.727783 0.515137
vt 0.158936 0.375732
vt 0.180664 0.456787
vt 0.192627 0.355957
vt 0.226074 0.438965
vt 0.193359 0.735352
vt 0.225342 0.732910
vt 0.191895 0.856934
vt 0.227051 0.341797
vt 0.260010 0.440430
vt 0.245117 0.507812
vt 0.251953 0.661621
vt 0.252441 0.755859
vt 0.660645 0.989990
vt 0.674805 0.707031
vt 0.787109 0.989990
vt 0.707031 0.419922
vt 0.780029 0.108887
vt 0.618408 0.801270
vt 0.693848 0.560547
vt 0.602783 0.668457
vt 0.578369 0.546875
vt 0.632324 0.416260
vt 0.568359 0.394531
vt 0.558105 0.276855
vt 0.951904 0.365723
vt 0.925293 0.496338
vt 0.990723 0.511963
vt 0.984863 0.729736
vt 0.933105 0.728271
vt 0.977295 0.989990
vt 0.919189 0.989990
vt 0.459961 0.771240
vt 0.504639 0.771729
vt 0.509766 0.586914
vt 0.544678 0.771240
vt 0.549316 0.575684
vt 0.576416 0.781006
vt 0.269531 0.553467
vt 0.252441 0.764648
vt 0.299561 0.743652
vt 0.300537 0.874512
vt 0.241699 0.989990
vt 0.297852 0.989990
vt 0.122070 0.374512
vt 0.063477 0.513184
vt 0.105225 0.484375
vt 0.066162 0.732666
vt 0.105469 0.728516
vt 0.114990 0.989990
vt 0.407959 0.409180
vt 0.445068 0.569580
vt 0.385742 0.572021
vt 0.447021 0.771729
vt 0.385742 0.770996
vt 0.400146 0.989990
vt 0.757324 0.112061
vt 0.857910 0.102783
vt 0.914551 0.036865
vt 0.912598 0.194092
vt 0.845947 0.208740
vt 0.878906 0.374756
vt 0.728516 0.989990
vt 0.781250 0.989990
vt 0.737305 0.755859
vt 0.777344 0.740479
vt 0.738770 0.644043
vt 0.740479 0.497314
vt 0.586914 0.391357
vt 0.623535 0.314453
vt 0.559082 0.264893
vt 0.499756 0.079590
vt 0.673340 0.290527
vt 0.158447 0.696533
vt 0.151367 0.844238
vt 0.186279 0.989990
vt 0.226562 0.989990
vt 0.261230 0.989990
vt 0.990723 0.366211
vt 0.990723 0.185791
vt 0.990723 0.044678
vt 0.773682 0.008057
vt 0.666504 0.015625
vt 0.622803 0.268066
vt 0.498535 0.007080
vt 0.440918 0.046875
vt 0.500488 0.261475
vt 0.419922 0.274170
vt 0.463867 0.403076
vt 0.533691 0.401611
vt 0.497070 0.562988
vt 0.549561 0.560791
vt 0.500488 0.763916
vt 0.552734 0.757324
vt 0.555664 0.989990
vt 0.599609 0.989990
vt 0.500488 0.036377
vt 0.573975 0.262695
vt 0.595947 0.402344
vt 0.614014 0.548096
vt 0.614014 0.746338
vt 0.052979 0.381348
vt 0.089844 0.240967
vt 0.151855 0.269531
vt 0.175781 0.141357
vt 0.217529 0.231689
vt 0.265137 0.166016
vt 0.273682 0.354004
vt 0.292969 0.383789
vt 0.293945 0.435303
vt 0.276123 0.008545
vt 0.306152 0.173340
vt 0.511963 0.037354
vt 0.511963 0.224121
vt 0.703857 0.188232
vt 0.511963 0.313477
vt 0.632324 0.385498
vt 0.511963 0.379883
vt 0.511963 0.507568
vt 0.385986 0.380615
vt 0.284668 0.518555
vt 0.008789 0.237305
vt 0.078369 0.032471
vt 0.004150 0.010254
vt 0.216309 0.008057
vt 0.258057 0.179932
vt 0.322510 0.015625
vt 0.369141 0.251953
vt 0.391846 0.222656
vt 0.376953 0.398926
vt 0.400391 0.417236
vt 0.400146 0.503418
vt 0.833740 0.159912
vt 0.767578 0.137451
vt 0.646484 0.212646
vt 0.649414 0.375488
vt 0.674805 0.355713
vt 0.683838 0.459229
vt 0.731201 0.251221
vt 0.784668 0.298096
vt 0.775391 0.211426
vt 0.805664 0.317383
vt 0.778809 0.397461
vt 0.821045 0.394043
vt 0.791748 0.531006
vt 0.826660 0.532715
vt 0.808838 0.731201
vt 0.849121 0.724854
vt 0.843994 0.831055
vt 0.534912 0.233398
vt 0.472412 0.030273
vt 0.477051 0.404297
vt 0.424316 0.034180
vt 0.386963 0.215576
vt 0.339600 0.093262
vt 0.353516 0.678711
vt 0.268066 0.408936
vt 0.268555 0.726074
vt 0.151855 0.650879
vt 0.382324 0.256592
vt 0.432617 0.280273
vt 0.470703 0.270264
vt 0.441895 0.416748
vt 0.476074 0.406982
vt 0.416748 0.587402
vt 0.461914 0.575684
vt 0.400635 0.781006
vt 0.500488 0.989990
vt 0.414062 0.989990
vt 0.465088 0.989990
vt 0.495117 0.989990
vt 0.536377 0.989990
vt 0.569824 0.989990
vt 0.886719 0.484375
vt 0.883545 0.747559
vt 0.867676 0.989990
vt 0.738525 0.386475
vt 0.835693 0.989990
vt 0.292236 0.989990
vt 0.407959 0.989990
vt 0.452881 0.765869
vt 0.543457 0.470947
vt 0.327148 0.198730
vt 0.346924 0.319092
vt 0.330078 0.323486
vt 0.354492 0.410889
vt 0.328857 0.422363
vt 0.383301 0.564453
vt 0.020508 0.650146
vt 0.357422 0.388672
vt 0.410156 0.420166
vt 0.361572 0.592041
vt 0.357666 0.754883
vt 0.351074 0.989990
vt 0.517334 0.989990
vt 0.547363 0.784912
vt 0.123047 0.989990
vt 0.126709 0.827881
vt 0.122803 0.678711
vt 0.157227 0.338379
vt 0.124512 0.050781
vt 0.203857 0.066162
vt 0.298096 0.068359
vt 0.734619 0.539062
vt 0.689941 0.768311
vt 0.747559 0.722168
vt 0.741699 0.989990
vt 0.701660 0.989990
vt 0.712891 0.424561
vt 0.727295 0.415527
vt 0.710205 0.305176
vt 0.500488 0.260010
vt 0.520020 0.398438
vt 0.526611 0.261475
vt 0.548828 0.381836
vt 0.625977 0.400635
vt 0.624268 0.555176
vt 0.591064 0.574219
vt 0.608154 0.504395
vt 0.589844 0.340088
vt 0.551514 0.028320
vt 0.441650 0.989990
vt 0.897217 0.989990
vt 0.692871 0.212891
vt 0.976807 0.889893
vt 0.885986 0.922363
vt 0.840088 0.512695
vt 0.651855 0.989990
vt 0.635254 0.754150
vt 0.713135 0.056152
vt 0.356934 0.989990
vt 0.409424 0.989990
vt 0.373779 0.740967
vt 0.747314 0.000000
vt 0.104492 0.000000
vt 0.552490 0.044922
vt 0.885498 0.000000
vt 0.072021 0.989990
vt 0.394775 0.451904
vt 0.370361 0.591309
vt 0.924561 0.658691
vt 0.936768 0.494873
vt 0.641357 0.989990
vt 0.896484 0.861816
vt 0.828369 0.989990
vt 0.881104 0.989990
vt 0.621338 0.602295
vt 0.610107 0.394531
vt 0.601562 0.443604
vt 0.013428 0.989990
vt 0.000000 0.739502
vt 0.005615 0.531738
vt 0.006592 0.375732
vt 0.306641 0.558594
vt 0.421387 0.743408
vt 0.854492 0.690918
vt 0.850342 0.832764
vt 0.140381 0.467285
vn 0.6451 -0.3053 -0.7005
vn 0.8179 -0.4843 -0.3106
vn -0.1812 -0.9827 -0.0392
vn 0.7259 -0.6862 -0.0462
vn -0.5426 -0.3904 0.7438
vn 0.6205 -0.5382 0.5705
vn 0.3509 0.2131 0.9118
vn 0.7086 0.6698 0.2219
vn -0.3861 0.7266 0.5683
vn 0.7849 0.5799 -0.2181
vn -0.2817 0.9484 0.1456
vn 0.1428 0.6539 -0.7430
vn -0.4563 -0.3790 -0.8051
vn 0.6595 0.2220 -0.7182
vn 0.8181 0.0173 -0.5748
vn -0.6850 0.6854 0.2471
vn -0.9348 -0.0787 -0.3465
vn -0.9451 -0.0848 -0.3156
vn -0.0565 -0.5117 -0.8573
vn -0.0879 -0.8620 -0.4993
vn 0.9388 -0.3361 -0.0748
vn 0.8319 -0.3915 0.3932
vn 0.9574 -0.0084 0.2886
vn 0.5811 -0.0951 0.8083
vn 0.8732 0.1621 0.4597
vn 0.2889 -0.0368 0.9566
vn -0.0657 0.9864 -0.1510
vn 0.0857 0.7954 0.5999
vn -0.0469 0.9320 0.3594
vn -0.7945 -0.2500 0.5534
vn -0.8254 -0.2320 0.5148
vn 0.1141 -0.8875 0.4465
vn -0.1898 -0.9742 -0.1220
vn 0.8510 -0.2595 -0.4566
vn 0.4178 -0.2041 -0.8853
vn 0.6967 0.2818 -0.6597
vn 0.2303 0.1402 -0.9630
vn 0.1939 0.4391 -0.8773
vn -0.3709 0.9234 -0.0984
vn 0.7236 0.4338 -0.5369
vn 0.9769 0.2130 -0.0198
vn 0.9970 0.0163 -0.0762
vn 0.6063 -0.4794 0.6345
vn 0.3073 0.9372 -0.1648
vn 0.9125 0.3111 -0.2658
vn 0.9576 0.1392 -0.2522
vn 0.8806 -0.0710 -0.4686
vn 0.9858 0.0060 -0.1678
vn 0.6483 0.2172 -0.7298
vn 0.8183 0.2214 -0.5305
vn 0.8537 0.1913 -0.4843
vn 0.9831 0.1695 -0.0688
vn 0.8591 0.1598 -0.4863
vn 0.8614 0.1517 -0.4847
vn 0.8637 0.1346 -0.4856
vn -0.9571 -0.2506 -0.1456
vn 0.9857 0.1074 -0.1296
vn 0.9484 0.1481 -0.2805
vn 0.9858 0.0951 0.1387
vn 0.9826 0.1142 0.1468
vn 0.9751 0.1227 0.1849
vn 0.9828 0.1052 0.1515
vn 0.4004 0.2231 -0.8888
vn 0.4246 0.2201 -0.8782
vn 0.9598 0.2779 -0.0397
vn 0.9886 0.0566 0.1397
vn 0.9371 0.0144 0.3488
vn 0.8563 0.0235 0.5159
vn -0.1424 -0.0221 -0.9896
vn 0.6855 -0.3539 -0.6362
vn 0.7064 -0.6525 -0.2742
vn 0.5769 -0.6685 0.4694
vn 0.4749 -0.3399 0.8118
vn 0.4751 -0.3399 0.8116
vn 0.1480 -0.9377 -0.3142
vn -0.0081 -0.9003 -0.4352
vn 0.0732 -0.9827 -0.1700
vn -0.0551 -0.9844 -0.1670
vn 0.0528 -0.9822 -0.1800
vn 0.1420 -0.9879 -0.0625
vn 0.2954 -0.9490 -0.1098
vn 0.5462 -0.8359 -0.0548
vn 0.5832 -0.8122 -0.0153
vn 0.7881 -0.6154 0.0155
vn 0.7243 -0.6805 0.1109
vn 0.7250 -0.6844 -0.0772
vn 0.8929 -0.4208 -0.1601
vn 0.9574 -0.2779 -0.0783
vn 0.9309 0.3384 -0.1372
vn 0.9972 0.0667 -0.0352
vn 0.2014 0.9458 -0.2546
vn 0.9762 0.2023 0.0776
vn 0.2728 0.9475 -0.1665
vn 0.4042 0.9017 -0.1532
vn 0.3277 0.9087 -0.2586
vn -0.7066 -0.4077 -0.5784
vn -0.2212 -0.9209 0.3211
vn -0.3304 -0.9331 0.1417
vn -0.1284 -0.8331 0.5381
vn 0.5742 -0.7822 0.2417
vn 0.6666 -0.7332 -0.1342
vn 0.7775 -0.6250 -0.0694
vn 0.8238 -0.4918 -0.2818
vn 0.9321 -0.3222 -0.1657
vn 0.9281 -0.0884 -0.3618
vn 0.9855 0.0595 -0.1588
vn 0.9557 -0.0576 -0.2887
vn 0.9992 0.0247 -0.0305
vn 0.5643 -0.8022 -0.1952
vn 0.3252 -0.8836 -0.3369
vn 0.4728 -0.8008 0.3678
vn -0.0363 -0.9980 0.0510
vn 0.2168 -0.9700 -0.1097
vn 0.6680 -0.6368 -0.3851
vn 0.6755 -0.4435 -0.5891
vn 0.8439 -0.0122 -0.5363
vn 0.7569 -0.0531 -0.6514
vn 0.8073 0.1307 -0.5755
vn 0.6099 -0.0284 -0.7919
vn 0.9090 -0.3163 -0.2715
vn 0.9608 0.2474 0.1248
vn 0.9717 -0.1182 0.2046
vn 0.9393 -0.1301 0.3176
vn 0.9819 0.1021 0.1594
vn 0.9822 -0.1427 -0.1220
vn 0.9824 0.1106 -0.1504
vn 0.9203 -0.0871 -0.3815
vn 0.9011 -0.4090 0.1441
vn 0.9646 0.0384 -0.2608
vn 0.8924 -0.3587 -0.2737
vn 0.9199 -0.0180 -0.3918
vn 0.8167 -0.2808 -0.5042
vn 0.5343 -0.7095 -0.4594
vn 0.8410 -0.2374 -0.4862
vn 0.6026 -0.7933 0.0872
vn 0.6792 -0.6871 -0.2581
vn 0.7752 -0.6145 -0.1464
vn 0.7867 -0.5711 -0.2346
vn -0.1849 -0.9217 0.3411
vn 0.7696 -0.6356 -0.0611
vn 0.4489 -0.8856 0.1189
vn 0.6303 -0.7658 0.1276
vn 0.6258 -0.7578 0.1848
vn 0.3915 -0.8397 0.3762
vn 0.6423 -0.6415 0.4196
vn 0.9939 0.0815 0.0748
vn 0.8368 -0.3426 0.4270
vn 0.9640 -0.2654 -0.0182
vn 0.9629 -0.2302 -0.1406
vn 0.9190 -0.0515 -0.3908
vn 0.8909 0.1575 -0.4261
vn 0.8265 0.1188 -0.5503
vn 0.8721 0.2407 -0.4260
vn 0.9206 -0.0026 -0.3905
vn 0.9062 0.4116 0.0963
vn 0.9670 0.1954 0.1633
vn 0.6921 0.2979 0.6575
vn 0.9405 -0.2091 0.2680
vn 0.3855 -0.4840 0.7856
vn 0.5288 -0.7787 0.3378
vn 0.1375 -0.9454 0.2955
vn 0.6083 -0.7604 -0.2273
vn 0.0150 -0.7923 -0.6099
vn -0.0900 -0.5273 -0.8449
vn -0.0564 -0.7618 -0.6454
vn 0.0482 -0.7439 -0.6665
vn 0.1526 -0.8029 -0.5763
vn 0.2910 -0.7345 -0.6131
vn 0.5038 -0.6576 -0.5602
vn 0.5741 -0.6423 -0.5079
vn 0.7407 -0.5045 -0.4437
vn 0.7203 -0.5751 -0.3877
vn 0.6425 -0.5047 -0.5766
vn 0.7820 -0.2166 -0.5845
vn 0.8959 -0.1674 -0.4115
vn 0.7603 0.6328 -0.1466
vn 0.9757 0.1216 -0.1825
vn 0.2279 0.9442 0.2379
vn 0.9884 0.1212 0.0914
vn 0.2243 0.9276 0.2987
vn 0.3300 0.8993 0.2871
vn 0.2701 0.9420 0.1991
vn -0.2495 -0.9255 -0.2850
vn -0.1637 -0.9725 -0.1656
vn -0.3107 -0.8976 -0.3128
vn -0.1507 -0.9885 -0.0107
vn 0.6518 -0.7191 -0.2411
vn 0.7252 -0.4413 -0.5286
vn 0.8128 -0.3901 -0.4326
vn 0.8267 -0.1416 -0.5445
vn 0.9233 -0.0831 -0.3750
vn 0.8760 0.2305 -0.4237
vn 0.9510 0.2487 -0.1837
vn 0.9130 0.1971 -0.3571
vn 0.9853 0.1374 -0.1019
vn 0.5710 -0.4801 -0.6660
vn 0.3031 -0.5763 -0.7590
vn 0.5403 -0.8271 -0.1549
vn -0.0255 -0.8817 -0.4712
vn 0.2220 -0.7573 -0.6142
vn 0.6240 -0.3010 -0.7211
vn 0.6086 -0.0319 -0.7928
vn 0.7704 0.3188 -0.5522
vn 0.6684 0.3431 -0.6600
vn 0.7193 0.4676 -0.5138
vn 0.5064 0.4348 -0.7446
vn 0.8698 -0.0606 -0.4896
vn 0.9665 0.2033 0.1565
vn 0.9901 -0.1375 0.0268
vn 0.9721 -0.2050 0.1137
vn 0.9927 0.0777 0.0923
vn 0.9614 0.0127 -0.2750
vn 0.9532 0.2450 -0.1773
vn 0.8671 0.1875 -0.4616
vn 0.9179 -0.3479 -0.1909
vn 0.9229 0.2390 -0.3019
vn 0.8614 -0.0931 -0.4992
vn 0.8647 0.2667 -0.4257
vn 0.7538 0.0912 -0.6508
vn 0.7443 -0.0695 -0.6643
vn 0.7729 0.0864 -0.6286
vn 0.7301 -0.5977 -0.3312
vn 0.6665 -0.3676 -0.6486
vn 0.7947 -0.2813 -0.5379
vn 0.7625 -0.2962 -0.5752
vn -0.1437 -0.9777 -0.1534
vn 0.7799 -0.4368 -0.4483
vn 0.4756 -0.7832 -0.4005
vn 0.6604 -0.6676 -0.3437
vn 0.6608 -0.6906 -0.2938
vn 0.4586 -0.8783 -0.1352
vn 0.6991 -0.7141 -0.0368
vn 0.9931 0.1168 -0.0118
vn 0.8746 -0.4737 0.1038
vn 0.8748 -0.1658 -0.4553
vn 0.9390 -0.0542 -0.3396
vn 0.8589 0.2333 -0.4559
vn 0.8346 0.4191 -0.3575
vn 0.7583 0.4495 -0.4722
vn 0.8124 0.4871 -0.3205
vn 0.8642 0.2740 -0.4220
vn 0.9025 0.3818 0.1990
vn 0.9749 0.1669 0.1474
vn 0.7540 -0.0261 0.6563
vn 0.9686 -0.2473 0.0259
vn 0.4848 -0.7843 0.3870
vn 0.5892 -0.7901 -0.1691
vn 0.1892 -0.9515 -0.2425
vn 0.5945 -0.4933 -0.6350
vn 0.7147 0.2068 0.6681
vn 0.6306 0.0901 0.7708
vn 0.7317 0.1237 0.6703
vn 0.7479 -0.0881 0.6580
vn 0.8671 -0.2720 0.4173
vn 0.9011 -0.3083 0.3049
vn 0.9123 -0.3753 -0.1641
vn 0.9646 0.0115 0.2633
vn 0.7256 -0.6558 -0.2084
vn 0.4557 -0.8540 -0.2510
vn 0.6406 -0.7677 0.0122
vn 0.5982 -0.7997 0.0516
vn 0.4390 -0.8982 -0.0229
vn 0.6959 -0.6594 0.2844
vn -0.1366 -0.8969 -0.4205
vn 0.6599 -0.5985 0.4542
vn 0.6912 -0.5826 0.4276
vn 0.5562 -0.6947 0.4561
vn 0.6342 -0.7616 0.1336
vn 0.6434 -0.3007 0.7040
vn 0.6084 -0.4530 0.6516
vn 0.6122 -0.3108 0.7271
vn 0.7588 -0.0405 0.6500
vn 0.7512 -0.3914 0.5314
vn 0.8434 0.0041 0.5372
vn 0.8858 -0.4453 0.1307
vn 0.7590 -0.1184 0.6402
vn 0.8913 0.0811 0.4461
vn 0.8933 -0.1770 0.4132
vn 0.9873 0.0686 0.1430
vn 0.9868 -0.1600 -0.0229
vn 0.9839 -0.1529 0.0922
vn 0.9656 0.2011 0.1647
vn 0.7727 -0.3511 0.5289
vn 0.3419 -0.0378 0.9390
vn 0.5953 0.0991 0.7974
vn 0.5287 -0.0776 0.8453
vn 0.6401 -0.0489 0.7667
vn 0.4609 -0.4588 0.7596
vn 0.5052 -0.6503 0.5673
vn 0.1452 -0.9783 0.1480
vn -0.0691 -0.9934 -0.0910
vn 0.3460 -0.9130 -0.2161
vn 0.1807 -0.9064 0.3819
vn 0.4361 -0.8211 0.3682
vn 0.9431 0.0207 0.3318
vn 0.8246 -0.0606 0.5625
vn 0.8889 0.0684 0.4529
vn 0.7702 -0.0724 0.6337
vn 0.8412 -0.3171 0.4381
vn 0.7221 -0.4458 0.5291
vn 0.4841 -0.1906 -0.8540
vn 0.7839 0.0295 -0.6201
vn 0.5494 0.1295 -0.8255
vn 0.6369 0.0632 -0.7684
vn 0.5200 0.1814 -0.8347
vn 0.6053 0.2516 -0.7552
vn 0.4750 0.2921 -0.8301
vn 0.6218 0.3824 -0.6834
vn 0.6283 0.5160 -0.5823
vn 0.7509 0.5094 -0.4203
vn 0.6444 0.6922 -0.3250
vn 0.7348 0.6477 -0.2012
vn 0.5948 0.8037 -0.0177
vn 0.6561 0.7531 0.0477
vn 0.5386 0.7962 0.2756
vn 0.7194 0.6462 0.2547
vn 0.6173 0.6320 0.4685
vn 0.8340 0.3650 0.4138
vn 0.6528 0.4098 0.6371
vn 0.8376 0.1581 0.5230
vn 0.6348 0.1814 0.7511
vn 0.7841 0.0010 0.6207
vn 0.6351 -0.0369 0.7715
vn 0.6372 -0.2036 0.7433
vn 0.4439 -0.2081 0.8716
vn 0.4879 -0.3783 0.7867
vn 0.3516 -0.3013 0.8863
vn 0.6599 -0.3288 0.6756
vn 0.6625 -0.2093 0.7192
vn 0.6406 -0.4825 0.5974
vn 0.3286 -0.6312 0.7025
vn 0.0050 -0.8330 0.5533
vn 0.3942 -0.3363 0.8553
vn 0.5765 -0.5269 0.6244
vn 0.5583 -0.3351 0.7590
vn 0.7437 -0.4187 0.5211
vn 0.8182 -0.1622 0.5516
vn 0.9022 -0.2625 0.3423
vn 0.9452 -0.1575 0.2861
vn 0.9298 -0.3647 -0.0499
vn 0.9811 -0.1592 0.1102
vn 0.8980 -0.4400 -0.0074
vn 0.9758 -0.2054 0.0751
vn 0.9228 -0.3852 -0.0118
vn 0.9855 -0.1609 0.0539
vn 0.9832 -0.1822 0.0105
vn 0.9934 -0.0898 0.0719
vn 0.9993 -0.0362 -0.0000
vn 0.9956 -0.0113 0.0935
vn 0.9884 0.1014 -0.1130
vn 0.9723 0.1821 0.1467
vn 0.9101 0.3602 -0.2051
vn 0.8762 0.4818 -0.0050
vn 0.5575 -0.7852 -0.2695
vn 0.5425 -0.6008 -0.5872
vn 0.6365 -0.3214 -0.7012
vn 0.8439 -0.3099 -0.4379
vn 0.7083 -0.3664 -0.6033
vn 0.6101 -0.2874 -0.7383
vn 0.6915 -0.1844 -0.6984
vn 0.5585 -0.1622 -0.8135
vn 0.7124 -0.0315 -0.7010
vn 0.5973 0.2083 -0.7745
vn 0.8256 0.2062 -0.5252
vn 0.6002 0.5019 -0.6228
vn 0.8008 0.4330 -0.4137
vn 0.5497 0.7413 -0.3852
vn 0.7076 0.6577 -0.2583
vn 0.4923 0.8579 -0.1473
vn 0.7409 0.6711 -0.0264
vn 0.6195 0.7708 0.1488
vn 0.8177 0.5089 0.2690
vn 0.6193 0.6666 0.4148
vn 0.7944 0.3859 0.4690
vn 0.5745 0.5294 0.6243
vn 0.7212 0.3038 0.6226
vn 0.5562 0.3527 0.7525
vn 0.5461 0.1950 0.8147
vn 0.3386 0.2610 0.9040
vn 0.3775 0.0710 0.9233
vn 0.2450 0.1912 0.9505
vn 0.5632 0.0568 0.8243
vn 0.5756 0.1829 0.7970
vn 0.5406 -0.0902 0.8364
vn 0.5051 -0.0557 0.8613
vn 0.2047 -0.1698 0.9640
vn 0.3165 -0.4868 0.8142
vn 0.2760 0.1505 0.9493
vn 0.4766 -0.1352 0.8687
vn 0.4524 0.0951 0.8867
vn 0.6575 -0.1099 0.7454
vn 0.7469 0.1304 0.6520
vn 0.8412 -0.0613 0.5373
vn 0.8976 -0.0027 0.4408
vn 0.8986 -0.3532 0.2604
vn 0.9502 -0.0944 0.2969
vn 0.8585 -0.3965 0.3253
vn 0.9437 -0.1540 0.2928
vn 0.8910 -0.3524 0.2864
vn 0.9595 -0.1390 0.2452
vn 0.9594 -0.1798 0.2172
vn 0.9709 -0.0630 0.2312
vn 0.9892 -0.0544 0.1360
vn 0.9773 0.0238 0.2107
vn 0.9996 0.0104 -0.0253
vn 0.9654 0.2116 0.1523
vn 0.9508 0.1860 -0.2477
vn 0.9087 0.3919 -0.1437
vn -0.0233 -0.1772 -0.9839
vn 0.1448 -0.0477 -0.9883
vn -0.0653 0.0497 -0.9966
vn 0.0486 0.2796 -0.9589
vn 0.0898 -0.9914 0.0957
vn 0.2745 -0.9589 0.0726
vn 0.4330 -0.8757 0.2135
vn 0.5688 -0.8126 0.1273
vn 0.6714 -0.7006 0.2417
vn 0.7657 -0.6215 0.1656
vn -0.1383 -0.9123 -0.3855
vn 0.1718 -0.8120 -0.5577
vn -0.2622 -0.9371 -0.2306
vn 0.7320 -0.5448 0.4092
vn 0.6336 -0.6964 0.3369
vn 0.9230 -0.1578 0.3511
vn 0.9234 -0.1702 0.3441
vn 0.8997 -0.1743 0.4001
vn 0.9264 -0.3397 0.1625
vn 0.9906 0.1104 0.0808
vn 0.9353 -0.3515 0.0422
vn 0.7252 -0.6550 0.2122
vn 0.7438 -0.6677 -0.0302
vn 0.6241 -0.7705 0.1295
vn 0.6474 -0.7620 -0.0153
vn -0.6078 0.5642 0.5587
vn 0.5057 -0.3370 0.7942
vn 0.1741 -0.4021 0.8989
vn 0.5184 -0.3921 0.7599
vn 0.6037 -0.4811 0.6357
vn 0.0177 -0.3917 0.9199
vn 0.0831 -0.3835 0.9198
vn 0.0794 -0.3858 0.9192
vn -0.0446 -0.3928 0.9185
vn -0.1077 -0.2622 0.9590
vn 0.1232 -0.2850 0.9506
vn -0.1052 -0.2846 0.9528
vn 0.0195 -0.2760 0.9610
vn 0.9348 0.0328 -0.3538
vn 0.8377 -0.0058 -0.5462
vn 0.0524 -0.5507 0.8330
vn 0.8995 0.1285 0.4177
vn 0.9064 0.4129 0.0890
vn 0.9746 0.1123 0.1939
vn 0.8428 0.2286 0.4873
vn 0.9390 -0.2124 0.2706
vn -0.3586 -0.9261 0.1175
vn 0.7607 -0.6483 -0.0323
vn 0.7622 -0.5153 -0.3917
vn 0.9924 -0.1060 -0.0625
vn 0.9888 -0.0901 -0.1190
vn 0.9915 -0.1192 -0.0525
vn 0.9419 -0.3119 0.1245
vn 0.9641 0.1567 0.2144
vn 0.9171 -0.3159 0.2431
vn 0.7953 -0.6062 -0.0004
vn 0.7481 -0.6134 0.2531
vn 0.6789 -0.7328 0.0459
vn 0.6684 -0.7095 0.2233
vn 0.2332 -0.3198 -0.9183
vn 0.2673 -0.0909 -0.9593
vn 0.3706 -0.2320 -0.8993
vn 0.3953 0.0094 -0.9185
vn 0.0007 -0.8048 0.5936
vn 0.2053 -0.7849 0.5846
vn 0.3781 -0.6431 0.6659
vn 0.5430 -0.6163 0.5704
vn 0.6534 -0.4615 0.6001
vn 0.7615 -0.4085 0.5033
vn -0.3565 -0.8959 0.2649
vn 0.6192 -0.4234 0.6612
vn 0.8394 0.3898 0.3789
vn 0.7962 -0.4342 0.4213
vn 0.6993 -0.1854 0.6903
vn 0.6371 -0.5522 0.5378
vn 0.8706 0.0193 0.4916
vn 0.8717 0.0126 0.4899
vn 0.8314 0.1135 0.5439
vn 0.8689 -0.2430 0.4312
vn 0.9800 0.1458 0.1353
vn 0.8902 -0.3157 0.3284
vn 0.6165 -0.4430 0.6509
vn 0.6701 -0.4272 0.6070
vn 0.5435 -0.6532 0.5272
vn 0.7331 -0.5502 0.3998
vn 0.5857 -0.5466 0.5985
vn 0.6137 -0.6540 0.4424
vn 0.1830 0.9553 0.2323
vn 0.0388 -0.9966 -0.0725
vn 0.4501 -0.2205 -0.8654
vn 0.8569 -0.1751 -0.4849
vn 0.6365 -0.2893 -0.7150
vn 0.7618 -0.3249 -0.5605
vn 0.9250 -0.3797 -0.0108
vn 0.7835 -0.3798 0.4918
vn 0.8260 -0.2478 0.5063
vn 0.9411 -0.0590 -0.3330
vn 0.4760 -0.8609 -0.1795
vn 0.7311 -0.3173 -0.6040
vn 0.7348 -0.3680 -0.5698
vn 0.4950 -0.4110 -0.7656
vn 0.6378 -0.5171 -0.5708
vn 0.1659 -0.4735 -0.8650
vn -0.4832 -0.6251 -0.6131
vn -0.9643 -0.2641 -0.0211
vn -0.6866 0.4186 0.5945
vn -0.6445 -0.4624 -0.6090
vn -0.7273 0.4444 0.5230
vn 0.2968 -0.7351 -0.6095
vn -0.5797 0.7799 0.2360
vn 0.4910 -0.4458 -0.7485
vn -0.4360 0.8998 -0.0144
vn -0.5251 0.2293 -0.8196
vn -0.4812 0.6677 0.5680
vn -0.4329 0.5385 0.7229
vn -0.4323 0.5033 0.7482
vn 0.8078 -0.5479 -0.2172
vn 0.9406 -0.3357 -0.0508
vn 0.7524 -0.6210 -0.2197
vn 0.9521 -0.2656 -0.1514
vn 0.8583 -0.2183 -0.4644
vn 0.9810 0.0173 -0.1933
vn 0.8944 0.1053 -0.4346
vn 0.9783 -0.0127 -0.2070
vn 0.5429 -0.6764 -0.4978
vn 0.4048 -0.7641 -0.5024
vn 0.7652 0.3351 -0.5497
vn 0.7707 0.1823 -0.6106
vn 0.8829 0.2805 -0.3766
vn 0.9352 0.1446 -0.3233
vn 0.9855 0.0815 -0.1488
vn 0.9926 -0.1218 0.0027
vn 0.9048 -0.4225 -0.0526
vn 0.9306 -0.3660 -0.0010
vn 0.8047 -0.4719 0.3603
vn 0.6729 -0.5387 -0.5069
vn 0.7894 -0.5841 0.1890
vn 0.7285 -0.6499 0.2168
vn 0.8749 -0.4502 -0.1784
vn 0.9398 -0.1368 -0.3132
vn 0.5160 -0.8563 -0.0238
vn 0.3508 -0.9342 0.0646
vn 0.8393 -0.1769 -0.5141
vn 0.9719 -0.0661 -0.2261
vn 0.9985 -0.0271 -0.0467
vn 0.9734 -0.1273 0.1905
vn 0.8678 -0.4164 0.2713
vn 0.8944 -0.3461 0.2833
vn 0.7203 -0.2415 0.6503
vn 0.6596 -0.7482 -0.0709
vn 0.8696 -0.4673 0.1596
vn 0.6800 -0.6925 0.2407
vn 0.9240 0.3381 0.1789
vn 0.9466 -0.3225 0.0010
vn 0.8780 -0.2629 -0.4000
vn 0.5971 -0.7559 0.2684
vn 0.9234 0.3718 0.0956
vn 0.6923 -0.7103 -0.1274
vn 0.3360 -0.7894 0.5138
vn 0.4433 -0.7963 0.4115
vn 0.2369 -0.6827 0.6912
vn 0.4541 -0.3901 -0.8010
vn 0.7758 -0.4659 -0.4256
vn 0.3149 -0.3765 -0.8713
vn 0.1239 -0.9485 -0.2917
vn 0.9042 -0.3629 -0.2251
vn 0.7468 -0.4364 0.5018
vn 0.7733 -0.3210 -0.5468
vn 0.7594 -0.4987 -0.4179
vn 0.8785 -0.3947 -0.2691
vn 0.0510 -0.9927 0.1089
vn 0.2033 0.9580 -0.2022
vn 0.4690 0.8758 -0.1142
vn 0.5500 -0.3249 0.7694
vn 0.5339 -0.4398 0.7222
vn 0.4109 -0.9047 0.1131
vn 0.4466 -0.8815 -0.1534
vn 0.4866 -0.8370 0.2504
vn 0.4248 -0.8636 0.2717
vn 0.9464 0.1393 0.2912
vn 0.1470 0.1008 0.9840
vn 0.0021 0.1276 0.9918
vn -0.0411 0.1340 0.9901
vn -0.0419 0.1386 0.9895
vn -0.1455 0.1544 0.9772
vn 0.0491 0.2890 0.9561
vn 0.2716 0.1723 0.9469
vn 0.0055 0.2407 0.9706
vn 0.0503 -0.8517 -0.5216
vn 0.8133 -0.4869 -0.3186
vn 0.6952 -0.6399 -0.3275
vn 0.8232 -0.5625 -0.0770
vn 0.6491 -0.7464 -0.1468
vn 0.8573 -0.4215 -0.2957
vn -0.6642 0.0603 0.7451
vn -0.4224 0.2429 0.8733
vn -0.5598 0.4789 0.6762
vn -0.5000 0.6038 0.6208
vn 0.9248 -0.3799 0.0203
vn 0.9615 -0.0855 -0.2612
vn 0.9880 -0.0284 -0.1517
vn 0.9127 0.1068 -0.3945
vn 0.7910 0.1634 -0.5896
vn 0.7610 -0.1170 -0.6381
vn 0.3653 -0.4932 -0.7895
vn 0.5887 -0.0365 -0.8075
vn 0.8954 0.1979 -0.3989
vn 0.6862 -0.2833 -0.6699
vn 0.7278 -0.2047 -0.6546
vn 0.4017 -0.1819 -0.8975
vn 0.5024 0.0665 -0.8621
vn 0.1892 0.1000 -0.9768
vn 0.0401 0.0558 -0.9976
vn 0.5414 0.1961 -0.8175
vn 0.4053 0.0739 -0.9112
vn 0.4282 0.0305 -0.9032
vn 0.3033 0.1679 -0.9380
vn 0.2732 0.2057 -0.9397
vn 0.2235 0.9372 0.2677
vn 0.1746 0.9284 0.3281
vn 0.4617 0.8215 0.3347
vn 0.7413 0.3276 0.5858
vn -0.1356 -0.9810 0.1386
vn -0.0052 -1.0000 0.0012
vn -0.0663 -0.9930 0.0973
vn 0.8228 -0.5416 0.1726
vn 0.6820 -0.5332 0.5006
vn 0.6701 -0.7278 0.1459
vn -0.4643 0.4440 -0.7664
vn -0.1816 0.5125 -0.8393
vn -0.1890 0.5492 -0.8140
vn -0.5284 0.4724 -0.7054
vn -0.4636 0.7904 -0.4005
vn -0.2766 0.6821 -0.6770
vn -0.4178 0.8854 -0.2037
vn 0.5842 -0.5549 0.5923
vn 0.4346 -0.8591 0.2702
vn 0.7880 -0.0952 0.6082
vn 0.1380 -0.5263 0.8390
vn 0.3404 -0.8728 0.3499
vn 0.6073 -0.5515 0.5720
vn 0.3379 -0.4145 0.8450
vn 0.2468 -0.6436 0.7245
vn 0.0101 -0.4266 0.9044
vn -0.1426 -0.4851 0.8628
vn 0.2297 -0.4285 0.8739
vn 0.3797 -0.2830 0.8808
vn 0.2520 -0.4621 0.8503
vn 0.4654 -0.0571 0.8833
vn 0.2246 0.9411 -0.2527
vn 0.0301 -0.9995 -0.0014
vn 0.6568 0.5074 0.5578
vn 0.6707 0.4379 0.5987
vn 0.8540 -0.5111 0.0976
vn 0.7321 -0.6666 0.1402
vn 0.8259 -0.4739 0.3054
vn 0.6446 -0.6947 0.3191
vn 0.8474 -0.4648 0.2566
vn 0.8812 -0.3396 0.3290
vn 0.9699 -0.2360 -0.0604
vn 0.9923 -0.1235 0.0098
vn 0.9519 -0.1325 -0.2764
vn 0.4337 -0.6290 -0.6452
vn 0.6717 -0.4380 -0.5975
vn 0.7342 -0.5869 -0.3414
vn 0.7689 -0.5278 -0.3609
vn 0.4744 -0.6282 -0.6167
vn 0.5863 -0.3972 -0.7060
vn 0.2943 -0.4164 -0.8602
vn 0.6350 -0.2521 -0.7302
vn 0.5079 -0.4467 -0.7365
vn -0.2258 -0.7717 0.5946
vn -0.0857 -0.8555 0.5107
vn -0.1471 -0.7996 0.5823
vn 0.4827 -0.1653 0.8600
vn 0.8685 -0.4829 0.1116
vn 0.7243 0.2160 0.6548
vn 0.9252 -0.3758 0.0523
vn 0.2578 -0.5948 0.7614
vn -0.0189 -0.0125 0.9997
vn 0.4614 -0.2595 0.8484
vn 0.5031 -0.1931 0.8424
vn 0.1236 -0.1863 0.9747
vn 0.4209 -0.4097 0.8093
vn 0.0627 -0.5013 0.8630
vn -0.3808 -0.8783 -0.2891
vn -0.3088 -0.9167 -0.2536
vn 0.9461 -0.0213 0.3231
vn 0.8455 -0.4565 -0.2770
vn 0.8476 -0.1292 -0.5147
vn 0.7043 0.0764 -0.7057
vn 0.7972 -0.0164 0.6034
vn 0.9170 -0.2899 0.2739
vn 0.8877 -0.4492 -0.1015
vn 0.4982 -0.5464 0.6733
vn 0.8325 -0.5450 0.0996
vn 0.9325 -0.2775 -0.2311
vn 0.8863 -0.3981 -0.2366
vn 0.8642 -0.4123 0.2882
vn 0.5469 -0.3484 0.7613
vn 0.3785 -0.3148 0.8704
vn 0.1602 -0.2370 0.9582
vn 0.1085 -0.3362 0.9355
vn 0.1271 -0.3716 0.9197
vn -0.1321 -0.7495 0.6487
vn 0.1264 -0.7307 0.6709
vn -0.1023 -0.6538 0.7497
vn 0.4358 -0.6288 0.6440
vn 0.4929 -0.6650 0.5611
vn 0.7052 -0.4762 0.5252
vn 0.7749 -0.4887 0.4008
vn 0.7992 -0.2214 0.5588
vn 0.9685 -0.1694 0.1824
vn 0.9550 0.2459 0.1658
vn 0.2444 0.4418 0.8632
vn -0.3090 -0.6304 0.7121
vn -0.2448 -0.4849 0.8396
vn -0.1030 -0.2706 0.9572
vn -0.0549 0.0959 0.9939
vn 0.2182 0.0724 0.9732
vn 0.4429 0.0806 0.8929
vn 0.6836 0.2146 0.6976
vn 0.7850 0.2715 0.5568
vn 0.6827 0.2818 0.6742
vn -0.6147 -0.0008 0.7887
vn -0.5468 -0.2538 -0.7979
vn -0.1296 -0.0066 -0.9915
vn -0.1310 -0.2049 -0.9700
vn -0.0429 -0.4334 -0.9002
vn 0.1012 -0.6557 -0.7482
vn 0.3014 -0.5040 -0.8094
vn 0.6153 -0.6813 -0.3964
vn 0.7744 -0.6316 -0.0377
vn 0.0288 -0.4714 -0.8815
vn -0.0420 -0.5193 -0.8535
vn 0.0554 -0.6576 -0.7513
vn -0.0602 -0.6740 -0.7363
vn 0.0083 -0.8336 -0.5523
vn 0.3406 -0.8543 -0.3926
vn 0.5925 -0.8004 0.0917
vn 0.7027 -0.5458 0.4564
vn 0.9837 -0.0834 0.1593
vn 0.9380 -0.0603 0.3415
vn 0.8520 -0.0932 0.5151
vn 0.9878 0.0582 -0.1447
vn 0.8400 -0.4505 -0.3024
vn 0.6779 -0.6399 -0.3618
vn 0.9823 -0.1815 0.0457
vn 0.9818 0.1346 0.1342
vn 0.8932 0.3473 0.2857
vn 0.4699 -0.6374 -0.6106
vn 0.8126 -0.5627 0.1521
vn 0.1360 -0.3009 0.9439
vn -0.0835 -0.3829 0.9200
vn -0.2428 -0.4341 0.8675
vn -0.2820 -0.5042 0.8163
vn -0.6696 -0.6016 0.4355
vn -0.3152 -0.5099 0.8004
vn -0.1261 -0.2795 0.9518
vn 0.9265 0.1290 0.3536
vn 0.9261 -0.2666 0.2669
vn 0.9974 0.0695 -0.0168
vn 0.8789 -0.4693 0.0858
vn 0.6988 -0.7038 0.1278
vn 0.1814 -0.5963 0.7820
vn 0.5610 -0.6301 0.5370
vn 0.5799 -0.3184 0.7499
vn -0.1634 -0.9852 0.0513
vn 0.3526 -0.7747 0.5249
vn 0.7383 -0.4321 0.5179
vn 0.9744 -0.0073 -0.2246
vn 0.4348 -0.9004 -0.0146
vn 0.9752 0.1348 0.1756
vn 0.3515 -0.9128 0.2077
vn 0.6423 0.0941 -0.7607
vn 0.4091 0.0417 -0.9115
vn 0.2299 -0.3265 -0.9168
vn -0.7222 -0.1323 -0.6789
vn -0.9598 -0.2667 -0.0877
vn 0.9621 -0.1877 -0.1979
vn 0.8806 0.0182 -0.4734
vn 0.7817 -0.6077 0.1399
vn 0.8551 -0.5177 0.0283
vn 0.3602 -0.7847 -0.5044
vn 0.3701 -0.2570 -0.8927
vn 0.4202 0.1457 -0.8957
vn 0.7060 -0.1657 -0.6885
vn 0.5121 -0.5268 -0.6784
vn 0.6899 -0.1991 -0.6960
vn 0.3110 -0.8645 0.3949
vn 0.5002 -0.7887 -0.3574
vn 0.4446 -0.6181 -0.6483
vn 0.2309 -0.4546 0.8602
vn 0.0656 -0.7537 0.6540
vn -0.8130 -0.4385 0.3830
vn -0.9434 -0.2206 -0.2475
vn 0.9194 -0.3142 0.2367
vn 0.7756 -0.2752 0.5681
vn 0.8223 -0.4859 -0.2962
vn 0.8737 -0.4661 -0.1392
vn 0.2800 -0.9585 0.0542
vn 0.2032 -0.7073 0.6770
vn 0.2368 -0.3599 0.9024
vn 0.4916 0.8620 0.1240
vn 0.4958 0.7077 0.5033
vn 0.3259 0.4919 0.8074
vn 0.3720 0.3966 0.8392
vn 0.1750 0.3233 0.9300
vn -0.0069 -0.4392 -0.8983
vn 0.0165 -0.3601 -0.9328
vn 0.3701 -0.3702 -0.8520
vn 0.4074 -0.3611 -0.8388
vn 0.9474 -0.3172 0.0422
vn 0.6375 -0.5012 0.5852
vn 0.3310 -0.9434 0.0195
vn 0.4281 -0.6829 -0.5920
vn 0.5075 -0.3480 -0.7883
vn 0.1381 -0.8316 0.5379
vn 0.6950 -0.1665 0.6995
vn 0.6306 -0.4026 0.6635
vn 0.7539 0.1921 0.6283
vn 0.7015 0.1917 0.6864
vn 0.8539 -0.2030 0.4793
vn 0.6971 -0.0810 0.7124
vn 0.7706 -0.6333 0.0717
vn 0.8330 -0.5292 0.1612
vn 0.4899 -0.8162 0.3063
vn 0.1987 -0.7867 0.5845
vn 0.0508 -0.7596 0.6484
vn 0.0786 -0.2603 0.9623
vn 0.3445 -0.0077 0.9388
vn 0.1127 0.1667 0.9795
vn 0.4249 0.3640 0.8288
vn -0.4284 -0.8575 -0.2848
vn 0.2153 -0.9730 0.0832
vn 0.5721 -0.8112 -0.1208
vn 0.7398 -0.6000 0.3044
vn -0.3573 0.0736 0.9311
vn -0.3517 0.0172 0.9359
vn 0.2952 0.5713 0.7658
vn -0.1108 0.0479 -0.9927
vn -0.1566 0.1087 -0.9817
vn 0.2835 -0.1820 0.9415
vn 0.1923 -0.0600 0.9795
vn 0.3573 0.1400 0.9234
vn 0.2137 0.3597 0.9083
vn 0.4538 0.4048 0.7939
vn -0.3943 -0.9063 0.1521
vn -0.4447 -0.8857 0.1336
vn -0.3442 -0.9139 0.2152
vn -0.3274 -0.6374 0.6975
vn 0.5427 -0.7227 0.4281
vn 0.6097 -0.4361 0.6618
vn 0.9523 -0.0037 0.3052
vn 0.8929 0.1085 0.4370
vn -0.0531 -0.4118 -0.9097
vn 0.1512 -0.2583 -0.9541
vn 0.4829 -0.8669 0.1241
vn 0.7485 -0.3241 0.5786
vn 0.7985 -0.1862 0.5725
vn 0.7758 -0.4562 0.4359
vn 0.7390 -0.6737 0.0065
vn 0.9412 -0.0744 0.3296
vn 0.8296 -0.5578 0.0235
vn -0.2394 -0.9648 -0.1088
vn -0.0614 -0.9979 -0.0230
vn 0.7377 -0.5898 0.3285
vn 0.7493 -0.1134 0.6524
vn 0.8875 0.4557 0.0685
vn 0.9053 0.1311 0.4042
vn 0.7887 0.1711 0.5905
vn 0.9027 -0.2547 -0.3467
vn 0.9993 -0.0191 -0.0331
vn 0.8120 -0.5324 0.2390
vn 0.4104 -0.2744 -0.8696
vn 0.1933 -0.2619 -0.9455
vn 0.1798 -0.6669 -0.7231
vn 0.1054 -0.4250 -0.8990
vn 0.1757 -0.2809 -0.9435
vn 0.2862 0.9328 -0.2190
vn 0.2870 0.9514 -0.1114
vn -0.1717 -0.9795 0.1057
vn -0.1297 -0.9913 -0.0232
vn 0.4946 -0.4950 0.7144
vn 0.5940 -0.2121 0.7760
vn 0.4017 -0.6264 0.6680
vn 0.4559 -0.3565 0.8155
vn 0.6614 0.0440 0.7488
vn 0.5541 0.1258 0.8229
vn 0.7251 0.1253 0.6771
vn 0.5166 0.0899 0.8515
vn 0.6839 -0.2092 0.6990
vn 0.6689 -0.0811 0.7389
vn 0.6726 -0.5973 0.4367
vn 0.8405 -0.3229 0.4350
vn 0.9020 0.0888 0.4225
vn 0.7569 -0.6152 0.2205
vn 0.9421 -0.0709 0.3278
vn 0.9237 -0.3827 -0.0199
vn 0.3639 -0.3759 -0.8522
vn 0.3153 -0.2648 -0.9113
vn 0.2444 -0.3868 -0.8892
vn 0.1914 -0.2795 -0.9409
vn 0.1539 -0.8060 -0.5715
vn 0.2349 -0.5506 -0.8010
vn 0.6574 -0.7083 -0.2571
vn 0.8000 -0.5901 0.1091
vn 0.3963 -0.3247 -0.8588
vn 0.5710 -0.6663 0.4796
vn 0.6824 -0.0381 0.7300
vn 0.7237 -0.5261 0.4466
vn 0.9561 -0.0999 0.2755
vn 0.9724 0.1088 0.2065
vn 0.8526 0.2738 0.4451
vn 0.8356 0.0369 0.5481
vn -0.1898 0.2669 0.9449
vn -0.2040 0.2326 0.9509
vn -0.0989 0.2585 0.9609
vn -0.0106 0.1926 0.9812
vn 0.0096 0.1550 0.9879
vn 0.0310 0.2582 0.9656
vn 0.0927 0.3763 0.9219
vn -0.2893 -0.9166 -0.2760
vn 0.8214 -0.2929 -0.4893
vn 0.8066 -0.4512 -0.3819
vn 0.7778 -0.6019 -0.1809
vn 0.7075 -0.5877 -0.3924
vn 0.5236 -0.8387 -0.1500
vn 0.1164 -0.2949 -0.9484
vn -0.1784 -0.4274 0.8863
vn 0.0567 -0.9612 -0.2699
vn 0.0020 -0.9621 -0.2728
vn 0.1785 -0.9515 -0.2505
vn 0.3257 -0.7987 -0.5060
vn 0.4305 -0.8794 -0.2032
vn 0.6313 -0.6550 -0.4153
vn 0.7082 -0.6945 -0.1270
vn 0.8095 -0.5804 -0.0888
vn 0.6593 -0.7484 0.0726
vn 0.6219 -0.7774 0.0946
vn 0.5542 -0.7627 0.3334
vn 0.8068 -0.4113 0.4242
vn 0.3453 0.1116 -0.9318
vn 0.2669 0.1390 -0.9536
vn 0.2924 0.1903 -0.9372
vn 0.3399 0.2875 -0.8954
vn 0.5455 0.1635 -0.8220
vn 0.6915 0.0652 -0.7194
vn 0.9235 -0.2471 -0.2934
vn 0.8497 -0.5059 0.1487
vn 0.8873 -0.4074 0.2163
vn 0.6370 0.0312 -0.7702
vn 0.5585 -0.0998 -0.8235
vn 0.4203 -0.5490 0.7224
vn 0.0034 -0.9636 0.2674
vn -0.0556 -0.9650 0.2563
vn 0.1309 -0.9458 0.2971
vn 0.3290 -0.9442 0.0178
vn 0.4215 -0.8446 0.3301
vn 0.6567 -0.7501 0.0779
vn 0.7109 -0.6219 0.3284
vn 0.8224 -0.4764 0.3110
vn 0.6608 -0.5722 0.4857
vn 0.6176 -0.5980 0.5109
vn 0.5556 -0.4769 0.6811
vn 0.8078 -0.1266 0.5757
vn 0.7927 -0.5843 0.1741
vn 0.9160 -0.0233 0.4005
vn 0.1478 0.1412 -0.9789
vn 0.2058 0.2606 -0.9433
vn 0.0836 0.2516 -0.9642
vn 0.3026 0.2380 -0.9229
vn 0.0773 0.2666 -0.9607
vn 0.9907 0.0706 -0.1161
vn 0.6366 -0.4230 -0.6448
vn 0.8147 -0.4940 -0.3036
vn 0.8481 -0.5058 -0.1576
vn 0.7855 -0.6173 0.0444
vn 0.5278 -0.7266 0.4399
vn 0.7732 -0.6155 0.1525
vn -0.2928 -0.6745 0.6777
vn -0.0641 -0.6725 0.7373
vn -0.1819 -0.8353 0.5189
vn 0.1767 -0.8646 0.4703
vn 0.7812 -0.3854 0.4911
vn 0.9112 0.1776 0.3717
vn 0.5835 -0.7540 0.3016
vn 0.5146 -0.8121 -0.2752
vn 0.7906 -0.5919 -0.1566
vn 0.5646 -0.8196 0.0978
vn 0.5022 -0.8429 0.1934
vn -0.0031 -0.9522 0.3055
vn -0.2398 -0.8903 0.3871
vn -0.3362 -0.6531 0.6786
vn 0.2580 -0.8097 -0.5270
vn 0.3642 -0.9047 -0.2212
vn 0.8244 -0.5606 -0.0776
vn 0.8814 0.4244 0.2072
vn 0.5467 0.6415 0.5381
vn 0.8449 -0.0128 -0.5347
vn 0.1018 -0.1830 -0.9778
vn 0.0055 0.1008 -0.9949
vn 0.0601 0.2463 -0.9673
vn 0.1978 0.1401 -0.9702
vn 0.6845 -0.7158 -0.1381
vn 0.7055 -0.6354 0.3140
vn 0.2920 0.0612 -0.9545
vn 0.4536 0.3160 -0.8333
vn 0.4043 0.2601 -0.8769
vn 0.4933 0.4671 -0.7339
vn 0.2544 0.8945 0.3677
vn 0.2144 -0.9584 0.1883
vn -0.0351 -0.9818 0.1866
vn 0.5611 0.4651 0.6847
vn 0.6729 0.2453 0.6979
vn 0.5157 0.4880 0.7042
vn 0.5593 0.3510 0.7510
vn 0.3932 -0.2838 0.8746
vn -0.1132 -0.8942 0.4331
vn 0.6940 -0.4749 -0.5412
vn 0.5081 -0.8555 -0.1002
vn 0.3645 0.0305 -0.9307
vn 0.0769 -0.8954 -0.4385
vn -0.0426 -0.9080 0.4167
vn 0.3851 0.9122 -0.1403
vn 0.4191 0.8490 -0.3217
vn 0.4591 0.7165 -0.5253
vn -0.3311 0.1275 0.9349
vn -0.0466 -0.1518 0.9873
vn 0.3569 0.2791 0.8914
vn 0.5836 -0.0330 0.8114
vn -0.7770 -0.6061 -0.1701
vn -0.8586 -0.3957 0.3260
vn -0.5437 -0.8265 -0.1461
vn 0.3844 -0.3677 -0.8468
vn 0.3675 0.1324 -0.9206
vn 0.0716 -0.0583 -0.9957
vn 0.9104 -0.1886 0.3682
vn 0.4780 -0.1072 0.8718
vn 0.4490 0.0773 0.8902
vn 0.9115 0.0879 -0.4017
vn 0.9871 -0.0864 -0.1350
vn 0.9472 -0.0721 -0.3123
vn 0.9362 -0.3312 0.1177
vn 0.8031 -0.3541 -0.4793
vn 0.8132 -0.3904 -0.4316
vn 0.9719 0.0524 0.2294
vn 0.9740 0.0818 -0.2113
vn 0.9738 0.0815 0.2124
vn -0.6615 -0.1905 0.7253
vn -0.5917 -0.1962 0.7820
vn -0.0663 -0.1045 0.9923
vn -0.9540 -0.1089 -0.2795
vn -0.9608 -0.0761 -0.2667
vn -0.9596 -0.0297 -0.2798
vn -0.9639 0.1892 -0.1873
vn -0.6917 0.0810 -0.7177
vn -0.6562 -0.0099 -0.7545
vn 0.2469 -0.0047 0.9690
vn -0.0370 -0.0936 0.9949
vn -0.4219 0.1435 0.8952
vn -0.6367 0.1193 0.7618
vn -0.8974 0.2209 0.3819
vn -0.9826 0.0856 0.1646
vn -0.9605 0.0640 -0.2709
vn -0.6546 -0.1313 -0.7444
vn 0.9247 -0.1248 -0.3597
vn 0.8544 0.1357 -0.5016
vn 0.9608 0.1493 0.2336
vn 0.9939 0.1097 0.0110
vn 0.7516 0.0297 -0.6590
vn 0.9841 0.0391 -0.1731
vn 0.9431 0.0737 -0.3242
vn 0.9284 0.1136 0.3539
vn 0.9604 0.1343 -0.2441
vn 0.9057 0.2008 0.3734
vn 0.9703 0.2415 0.0174
vn 0.8544 0.3547 0.3797
vn 0.8900 0.2921 0.3501
vn 0.6412 0.5368 0.5484
vn 0.7441 0.1726 0.6454
vn 0.3592 -0.4043 0.8411
vn -0.1389 -0.2318 0.9628
vn 0.3980 -0.3921 0.8294
vn -0.2509 -0.2185 0.9430
vn 0.4788 -0.4068 0.7780
vn -0.2123 -0.3177 0.9241
vn 0.4735 -0.4609 0.7506
vn -0.1529 -0.3706 0.9161
vn 0.1733 -0.1692 0.9702
vn -0.3896 -0.1628 0.9065
vn 0.2265 0.1439 0.9633
vn -0.2918 0.0849 0.9527
vn 0.2467 0.2336 0.9405
vn -0.3534 0.1371 0.9254
vn -0.3904 0.0526 0.9191
vn 0.7975 0.2157 -0.5635
vn 0.3066 0.1939 -0.9319
vn 0.8226 0.2032 -0.5312
vn 0.4994 0.1111 -0.8592
vn 0.9506 0.0685 -0.3026
vn 0.6562 0.0443 -0.7533
vn 0.7620 0.0891 -0.6415
vn 0.1740 0.0835 -0.9812
vn 0.7034 0.1422 -0.6964
vn 0.1882 0.1403 -0.9721
vn 0.5493 0.1933 -0.8130
vn 0.2420 0.2027 -0.9489
vn 0.0596 0.2991 -0.9524
vn -0.1359 -0.1119 -0.9844
vn -0.0950 -0.1030 -0.9901
vn -0.6050 0.0774 -0.7925
vn -0.0006 -0.1283 -0.9917
vn -0.0688 -0.2531 -0.9650
vn -0.4868 -0.2206 -0.8452
vn -0.8941 -0.1262 -0.4297
vn -0.5465 -0.1204 -0.8288
vn -0.9351 -0.0335 -0.3529
vn -0.6008 -0.0315 -0.7988
vn -0.9766 -0.0620 -0.2062
vn 0.8063 -0.5213 0.2797
vn 0.1355 0.0126 0.9907
vn -0.1719 -0.1497 0.9737
vn -0.2701 -0.0988 0.9577
vn 0.3564 -0.0494 0.9330
vn 0.1522 -0.0088 0.9883
vn 0.6401 0.0693 0.7652
vn 0.2042 0.1354 0.9695
vn 0.6625 0.2049 0.7205
vn 0.6704 0.3566 0.6507
vn -0.4785 0.1282 -0.8687
vn -0.3906 -0.0977 -0.9154
vn 0.0638 -0.0794 -0.9948
vn 0.3092 -0.0107 -0.9509
vn -0.2177 -0.0718 -0.9734
vn 0.3521 -0.0160 -0.9358
vn 0.3094 -0.0005 -0.9509
vn 0.5718 0.0339 -0.8197
vn 0.4651 0.0038 -0.8853
vn 0.6447 0.0227 -0.7641
vn 0.7986 -0.0208 -0.6015
vn 0.9708 0.1729 -0.1664
vn 0.6694 -0.7145 0.2034
vn 0.2120 -0.9339 0.2878
vn 0.6272 -0.7775 -0.0462
vn -0.7004 -0.6800 0.2167
vn -0.5474 -0.2185 0.8079
vn -0.7316 -0.1509 0.6648
vn -0.6462 -0.0724 0.7597
vn -0.3164 -0.0556 0.9470
vn -0.3200 0.0375 0.9467
vn -0.9638 0.0780 -0.2548
vn -0.1993 0.8556 0.4777
vn 0.4345 -0.8622 -0.2604
vn -0.3539 -0.7497 -0.5592
vn -0.8353 -0.2228 -0.5027
vn -0.8718 -0.0715 -0.4847
vn -0.4420 0.1103 -0.8902
vn 0.3285 -0.5017 -0.8002
vn 0.6236 -0.6034 -0.4970
vn 0.5972 0.0575 -0.8001
vn 0.6855 0.0380 -0.7271
vn 0.5839 -0.0331 -0.8112
vn 0.5831 0.0566 -0.8104
vn 0.7552 0.1689 -0.6333
vn 0.9594 0.1572 0.2340
vn 0.8651 -0.3301 0.3777
vn 0.9561 -0.2620 -0.1314
vn 0.8434 -0.3921 0.3673
vn 0.9323 -0.1222 -0.3403
vn 0.8313 -0.3975 0.3886
vn 0.9008 -0.3157 -0.2982
vn 0.7493 -0.4604 0.4760
vn 0.9256 -0.3667 -0.0934
vn 0.6824 -0.5005 0.5328
vn 0.9103 -0.3863 -0.1489
vn -0.6204 0.3812 0.6854
vn -0.4440 -0.8364 0.3215
vn -0.3595 -0.0777 0.9299
vn -0.2005 -0.7978 0.5687
vn -0.2463 -0.1664 0.9548
vn -0.7467 -0.3451 0.5687
vn -0.2224 0.0273 0.9746
vn -0.0687 0.0250 0.9973
vn 0.3310 0.4786 0.8132
vn 0.3388 0.7606 0.5538
vn 0.8676 0.0205 0.4968
vn 0.7450 0.6654 0.0465
vn 0.9939 0.1101 0.0040
vn 0.9968 0.0169 -0.0776
vn 0.9899 0.1213 -0.0741
vn 0.9313 0.2208 -0.2895
vn 0.7083 0.2557 -0.6579
vn 0.5013 0.1908 -0.8440
vn 0.8164 -0.3078 -0.4886
vn 0.4780 -0.2663 -0.8370
vn 0.9454 -0.2185 -0.2418
vn 0.4896 -0.2343 -0.8399
vn 0.8836 -0.3744 -0.2811
vn 0.3688 -0.2695 -0.8896
vn 0.2785 -0.2915 -0.9151
vn 0.3362 -0.8881 0.3136
vn -0.6680 0.6549 0.3534
vn -0.1732 0.9694 -0.1740
vn -0.1815 0.6621 0.7271
vn 0.5382 -0.6921 0.4809
vn 0.5221 0.0819 0.8489
vn 0.7282 0.0726 0.6816
vn 0.8115 0.0340 0.5834
vn 0.6473 -0.3870 0.6567
vn -0.4982 0.7668 0.4047
vn 0.0612 0.9674 0.2459
vn -0.0204 0.9915 -0.1282
vn 0.3016 0.6028 -0.7387
vn -0.0578 -0.0509 -0.9970
vn -0.4370 0.0126 -0.8994
vn -0.2082 0.0229 -0.9778
vn -0.0786 -0.0097 -0.9969
vn -0.3206 0.0054 -0.9472
vn -0.1906 0.0826 -0.9782
vn -0.0545 0.1286 -0.9902
vn 0.0063 -0.4057 -0.9140
vn -0.9241 -0.0069 0.3821
vn -0.9896 0.0710 -0.1248
vn -0.6760 0.0217 0.7366
vn -0.4586 0.1932 0.8674
vn -0.9957 0.0613 0.0697
vn -0.4585 0.0082 0.8886
vn -0.9661 -0.2038 0.1583
vn -0.9679 -0.1763 0.1793
vn -0.7297 -0.1020 -0.6762
vn -0.8742 -0.1531 -0.4608
vn -0.7274 -0.0976 -0.6793
vn -0.7088 -0.1211 -0.6950
vn -0.8922 0.0083 -0.4516
vn -0.4212 0.0616 -0.9049
vn -0.1996 0.0733 -0.9771
vn 0.5401 -0.0235 -0.8413
vn 0.9595 -0.0550 -0.2763
vn 0.9844 0.1083 -0.1388
vn -0.9923 -0.0071 -0.1238
vn -0.7545 0.0738 0.6522
vn -0.9741 0.0033 -0.2259
vn -0.6878 0.0607 0.7233
vn -0.9751 -0.1654 -0.1476
vn -0.6870 -0.2271 0.6903
vn 0.1079 0.0420 0.9933
vn 0.1083 0.0052 0.9941
vn 0.1824 -0.0327 0.9827
vn -0.1571 0.0483 0.9864
vn 0.6946 0.0390 0.7184
vn 0.3912 0.1943 0.8996
vn 0.9023 0.2134 0.3745
vn 0.9349 0.0352 0.3531
vn 0.9993 0.0140 -0.0358
vn 0.9124 0.0295 -0.4082
vn 0.8847 -0.2169 -0.4126
vn 0.9092 -0.1566 -0.3857
vn 0.3901 0.1464 -0.9090
vn -0.0686 0.1322 -0.9888
vn -0.2597 0.2990 -0.9182
vn -0.5783 0.1159 -0.8075
vn -0.8024 0.3320 -0.4960
vn -0.9370 0.2099 -0.2793
vn -0.9640 0.1986 0.1766
vn -0.7451 -0.0020 0.6669
vn -0.7043 -0.1538 0.6930
vn 0.9341 -0.3177 -0.1629
vn 0.9547 -0.2426 -0.1725
vn 0.7887 -0.1307 0.6008
vn -0.5198 -0.7913 -0.3219
vn -0.9138 -0.2123 -0.3463
vn -0.7663 -0.0620 -0.6395
vn -0.9509 -0.1622 -0.2635
vn -0.6085 -0.1132 -0.7854
vn -0.7661 -0.0991 -0.6350
vn -0.6837 -0.0175 -0.7295
vn 0.9849 0.1586 0.0689
vn 0.9841 0.1772 -0.0151
vn -0.6344 -0.7655 0.1075
vn -0.9660 -0.2538 0.0492
vn -0.9389 -0.1941 0.2843
vn -0.9760 -0.1579 0.1497
vn -0.9655 -0.1476 -0.2147
vn -0.3697 0.5115 0.7757
vn -0.2488 0.7039 0.6653
vn -0.6841 -0.2431 0.6877
vn -0.5809 0.7295 0.3611
vn -0.6385 0.7689 0.0326
vn -0.6593 -0.0060 -0.7519
vn -0.5972 -0.0017 -0.8021
vn -0.5944 -0.0843 -0.7997
vn -0.7550 -0.0176 -0.6555
vn 0.5674 0.0177 -0.8232
vn 0.1930 0.2355 -0.9525
vn -0.4148 0.4218 -0.8062
vn -0.7427 0.4515 -0.4946
vn -0.9540 0.2768 0.1148
vn -0.5697 0.3082 -0.7619
vn -0.6048 -0.5350 -0.5899
vn -0.1117 -0.0645 -0.9916
vn -0.3559 -0.5406 -0.7623
vn -0.7123 -0.4977 -0.4948
vn -0.0112 0.0196 0.9997
vn 0.1060 -0.0060 0.9944
vn 0.2221 0.1047 0.9694
vn 0.0296 0.0820 0.9962
vn 0.8849 -0.2262 0.4071
vn 0.6478 -0.0693 0.7587
vn 0.0734 0.1378 0.9877
vn -0.3555 0.2553 0.8991
vn -0.8498 0.2747 0.4499
vn -0.9743 -0.1942 0.1142
vn -0.3869 0.0883 0.9179
vn -0.2798 0.4007 -0.8724
vn 0.3467 0.0485 -0.9367
vn 0.5574 -0.0595 -0.8281
vn 0.7508 -0.1576 -0.6414
vn 0.7059 -0.1517 -0.6919
vn 0.2195 0.1007 0.9704
vn 0.7498 -0.2380 0.6173
vn 0.8683 -0.3013 0.3941
vn 0.9215 -0.3426 0.1830
vn -0.8673 -0.1886 -0.4608
vn -0.4170 -0.0663 -0.9065
vn -0.6421 -0.2682 0.7182
vn -0.9547 -0.0702 -0.2892
vn -0.3879 0.8801 -0.2737
vn -0.0331 -0.5291 -0.8479
vn -0.8499 0.3516 0.3925
vn -0.9398 -0.3377 0.0529
vn -0.8528 -0.5218 -0.0189
vn -0.7060 0.0086 0.7081
vn -0.2988 0.7361 0.6074
vn -0.0100 0.4842 0.8749
vn -0.6030 -0.7532 -0.2628
vn -0.6500 -0.7547 -0.0897
vn -0.9481 0.2118 -0.2370
vn -0.2574 0.9013 0.3484
vn -0.1375 0.6156 -0.7760
vn -0.1885 0.2505 0.9496
vn 0.0559 0.2195 0.9740
vn -0.1037 0.9087 0.4043
vn 0.0353 -0.2411 0.9699
vn 0.1430 -0.3195 0.9367
vn 0.4088 -0.8997 0.1530
vn 0.4389 0.8536 -0.2808
vn 0.4305 0.8988 -0.0821
vn 0.3226 0.9465 0.0124
vn 0.0715 0.9757 -0.2069
vn 0.0362 0.8720 -0.4882
vn -0.0071 0.5612 -0.8277
vn 0.2189 0.8484 -0.4820
vn 0.4537 0.4676 -0.7587
vn 0.2743 0.8261 -0.4923
vn 0.1538 -0.1688 0.9736
vn 0.8042 0.3240 0.4984
vn 0.7884 -0.5921 0.1668
vn 0.8282 -0.4783 0.2921
vn 0.1683 -0.5033 0.8476
vn 0.0938 -0.9949 0.0378
vn 0.8158 0.2218 -0.5340
vn 0.1418 0.6424 -0.7531
vn 0.2744 0.9039 0.3282
vn -0.0776 0.8643 0.4970
vn -0.1101 0.8455 0.5225
vn -0.0530 0.3810 0.9231
vn -0.1059 0.7586 -0.6429
vn -0.0312 -0.1436 -0.9891
vn -0.0525 0.6224 -0.7809
vn 0.2531 -0.7992 -0.5451
vn 0.2051 -0.8686 -0.4510
vn 0.5275 -0.8475 -0.0600
vn -0.0274 0.8015 -0.5974
vn 0.2105 0.8273 -0.5208
vn 0.1730 0.2926 -0.9405
vn 0.6280 -0.7782 0.0086
vn 0.6029 -0.6271 -0.4933
vn 0.2538 -0.9421 -0.2190
vn 0.4506 -0.8926 0.0129
vn 0.1116 -0.9857 -0.1265
vn 0.7776 -0.6152 -0.1301
vn 0.3424 -0.9121 0.2253
vn 0.5500 -0.8233 0.1401
vn 0.1967 -0.8617 0.4677
vn 0.8485 -0.1951 0.4919
vn 0.2003 -0.0729 0.9770
vn 0.0896 -0.9913 -0.0968
vn 0.5293 -0.4319 0.7303
vn 0.5952 -0.7984 0.0911
vn -0.0520 0.8772 0.4773
vn -0.1059 0.9474 0.3020
vn 0.1186 0.8943 0.4316
vn 0.2282 0.9647 -0.1312
vn 0.2935 0.5228 0.8003
vn 0.8630 0.3795 -0.3335
vn 0.2400 -0.7521 -0.6138
vn 0.4765 0.0035 -0.8792
vn 0.1860 -0.7321 -0.6553
vn 0.0135 0.9943 0.1062
vn 0.0756 0.9961 0.0459
vn 0.0615 0.8637 0.5002
vn 0.0453 0.9591 0.2793
vn -0.1792 0.7772 -0.6032
vn 0.3935 -0.5599 -0.7292
vn 0.0597 0.3734 -0.9257
vn -0.0504 0.4487 -0.8922
vn 0.0963 0.2939 0.9510
vn 0.2028 -0.0102 0.9792
vn -0.0300 -0.3103 0.9502
vn -0.0672 0.9599 0.2722
vn 0.0803 0.0632 -0.9948
vn 0.0519 0.6758 -0.7352
vn 0.0711 0.0587 -0.9957
vn -0.0046 0.2707 0.9626
vn 0.0301 0.7182 0.6952
vn -0.1320 0.8197 0.5574
vn 0.0115 -0.3809 -0.9246
vn -0.0168 -0.7378 -0.6748
vn 0.1217 -0.9763 0.1790
vn 0.0669 -0.7025 -0.7085
vn 0.1908 -0.9589 0.2100
vn 0.1179 -0.6491 -0.7515
vn 0.7313 -0.4851 -0.4795
vn 0.1376 0.5116 -0.8481
vn 0.8611 0.4857 0.1505
vn 0.1621 0.9465 0.2790
vn 0.1515 0.2948 0.9435
vn 0.0098 0.7339 0.6792
vn 0.0882 -0.2898 0.9530
vn 0.0601 0.8074 0.5869
vn 0.5585 -0.7521 0.3498
vn 0.8849 0.1334 0.4463
vn 0.6605 -0.3516 -0.6634
vn 0.3173 0.6635 -0.6776
vn -0.0373 -0.2511 -0.9672
vn -0.0513 0.4868 -0.8720
vn -0.1500 -0.6267 -0.7647
vn -0.0472 0.0204 -0.9987
vn 0.0430 -0.3990 -0.9159
vn 0.0218 0.5441 -0.8388
vn 0.2742 0.5162 -0.8114
vn -0.0001 0.9915 0.1303
vn 0.2422 0.9629 0.1191
vn 0.1512 0.2451 0.9576
vn 0.8773 0.3708 0.3048
vn -0.1826 0.1197 0.9759
vn 0.1192 -0.5954 0.7945
vn -0.1106 0.0549 0.9923
vn 0.2580 -0.5988 0.7582
vn -0.1110 -0.0438 0.9929
vn 0.0895 -0.6099 0.7874
vn 0.0738 -0.6311 0.7722
vn 0.1770 -0.9790 -0.1016
vn 0.1089 -0.6649 0.7389
vn 0.1150 -0.9795 -0.1656
vn 0.1443 -0.5999 0.7870
vn 0.7460 -0.5085 0.4299
vn 0.2440 0.5346 0.8091
vn 0.8667 0.4361 -0.2420
vn 0.1910 0.9240 -0.3312
vn 0.0816 0.2521 -0.9642
vn -0.0151 0.7065 -0.7076
vn 0.0816 -0.2847 -0.9551
vn 0.0139 0.8340 -0.5515
vn 0.7743 -0.4908 -0.3994
vn 0.8710 0.4674 -0.1512
vn -0.0556 0.2190 0.9741
vn 0.0046 -0.5193 0.8546
vn -0.1231 0.1597 0.9795
vn -0.0026 -0.7065 0.7078
vn 0.0557 -0.0746 0.9957
vn 0.0942 -0.3795 0.9204
vn 0.0575 0.5412 0.8389
vn 0.0095 0.9912 -0.1321
vn 0.1198 0.2400 -0.9634
vn -0.1080 0.8577 -0.5028
vn -0.0571 0.0348 -0.9978
vn -0.1421 0.3432 -0.9284
vn -0.0911 0.0767 -0.9929
vn -0.0900 0.8244 -0.5588
vn 0.0609 0.7661 -0.6398
vn 0.2036 0.9756 -0.0825
vn 0.4631 0.7828 0.4156
vn 0.5202 0.7959 -0.3097
vn 0.3319 0.9278 -0.1704
vn 0.0161 0.7844 -0.6201
vn 0.0489 0.9706 0.2359
vn 0.1746 0.2202 0.9597
vn 0.1443 -0.6682 0.7298
vn -0.0161 0.8827 0.4697
vn 0.0369 0.0820 0.9959
vn -0.0843 0.0979 0.9916
vn -0.1097 0.4797 0.8706
vn 0.0042 0.8978 0.4405
vn 0.2294 0.9711 -0.0661
vn 0.2932 -0.1451 0.9450
vn -0.0054 0.1187 0.9929
vn 0.0675 -0.4685 0.8809
vn -0.0449 -0.5403 0.8403
vn 0.2037 0.9737 0.1022
vn 0.3519 0.5827 0.7326
vn 0.3869 0.9216 -0.0301
vn 0.0212 0.9953 -0.0942
vn 0.3442 -0.5424 -0.7663
vn 0.1083 -0.5392 -0.8352
vn 0.2488 0.6500 0.7180
vn 0.2984 -0.6153 -0.7297
vn 0.0425 -0.6497 -0.7590
vn 0.1298 -0.3378 -0.9322
vn 0.1270 -0.9113 0.3916
vn 0.1254 -0.9042 -0.4082
vn 0.3714 -0.8483 -0.3774
vn 0.2352 -0.4553 -0.8587
vn 0.0801 -0.7109 -0.6987
vn 0.8075 -0.2590 -0.5300
vn 0.1669 0.5360 0.8275
vn 0.0711 0.8625 0.5011
vn 0.0981 0.5168 0.8505
vn -0.0069 0.6070 0.7947
vn 0.0844 0.9842 0.1557
vn 0.6056 -0.7310 -0.3145
vn 0.7195 -0.2705 -0.6396
vn 0.7508 -0.1707 -0.6382
vn 0.8333 -0.4440 -0.3295
vn 0.2979 0.6067 0.7370
vn 0.0706 0.6767 0.7328
vn -0.0013 0.5746 0.8184
vn 0.0090 0.6239 0.7815
vn 0.1994 -0.7408 -0.6415
vn 0.0195 -0.9512 -0.3080
vn -0.0935 -0.9927 0.0760
vn -0.1546 -0.9869 0.0470
vn 0.2874 -0.9233 0.2548
vn 0.7544 -0.5905 -0.2867
vn 0.7926 -0.5712 0.2132
vn 0.9111 -0.1105 -0.3970
vn 0.3229 0.8664 0.3810
vn 0.2485 0.8673 0.4313
vn 0.1345 0.6372 0.7589
vn 0.0921 0.7934 0.6017
vn -0.4836 -0.7972 -0.3614
vn -0.7287 -0.6525 -0.2082
vn -0.5039 -0.8417 -0.1941
vn -0.7039 -0.4938 -0.5106
vn 0.8530 0.5074 0.1221
vn 0.5128 0.8061 -0.2954
vn 0.6968 0.7101 -0.1010
vn 0.4994 0.7796 -0.3779
vn 0.6371 -0.7584 -0.1376
vn 0.7945 -0.5911 0.1393
vn 0.0568 0.7100 0.7019
vn 0.0145 0.9977 -0.0666
vn 0.0049 0.5649 -0.8251
vn 0.8725 0.0797 0.4820
vn 0.7188 -0.5641 -0.4065
vn 0.5224 0.6638 -0.5352
vn 0.0976 -0.3726 -0.9228
vn 0.0783 0.0271 -0.9966
vn -0.1169 -0.9638 -0.2394
vn -0.0418 -0.1513 -0.9876
vn -0.0041 -0.9171 -0.3986
vn 0.1046 0.0208 -0.9943
vn 0.8326 -0.2547 -0.4918
vn 0.6781 0.3986 -0.6176
vn -0.6733 -0.4684 0.5720
vn 0.7494 -0.0165 0.6619
vn 0.0686 -0.2795 0.9577
vn 0.7523 0.4800 0.4512
vn 0.1435 0.3585 0.9224
vn 0.5022 0.8639 0.0381
vn 0.0851 0.9743 0.2084
vn 0.3341 0.6031 -0.7243
vn -0.0212 0.7129 -0.7010
vn 0.0142 0.0280 -0.9995
vn -0.0194 -0.0902 -0.9957
vn 0.0468 -0.8936 -0.4463
vn 0.0111 -0.9074 -0.4201
vn 0.1165 0.2079 0.9712
vn 0.1088 -0.2517 0.9617
vn 0.1254 -0.1556 0.9798
vn 0.7822 -0.4675 0.4119
vn 0.6917 0.2649 0.6719
vn 0.6551 0.3416 -0.6739
vn 0.5939 0.6155 -0.5181
vn 0.0446 0.9870 0.1543
vn -0.0068 0.4148 0.9099
vn 0.0182 -0.3193 0.9475
vn 0.0533 -0.9478 0.3144
vn 0.0758 -0.7447 0.6631
vn 0.2449 -0.1969 0.9493
vn 0.9251 0.1360 0.3544
vn 0.3331 0.6951 0.6370
vn 0.2938 0.8323 -0.4701
vn 0.0837 0.6611 0.7456
vn 0.0557 0.9194 -0.3893
vn 0.0651 0.6409 0.7649
vn 0.0776 0.9896 -0.1214
vn 0.0847 0.7599 0.6446
vn 0.1639 0.9751 0.1495
vn 0.0154 0.8035 -0.5950
vn 0.0112 0.4965 -0.8680
vn 0.0256 0.0773 -0.9967
vn 0.0244 -0.2217 -0.9748
vn 0.7208 -0.3503 -0.5981
vn -0.0604 -0.9821 0.1784
vn -0.2147 -0.8654 0.4527
vn 0.7440 -0.6312 0.2191
vn 0.2668 -0.4026 0.8756
vn 0.3251 0.7775 -0.5383
vn -0.1655 0.8997 -0.4040
vn -0.0087 0.9151 -0.4032
vn 0.0177 0.8143 -0.5801
vn 0.4634 -0.8861 -0.0102
vn 0.2685 -0.8943 -0.3580
vn 0.2923 -0.9518 -0.0930
vn 0.1282 -0.9599 -0.2492
vn 0.2635 -0.5185 -0.8135
vn 0.7706 -0.2495 -0.5865
vn 0.7766 -0.5908 -0.2188
vn 0.9426 -0.2893 0.1669
vn -0.2028 0.9709 -0.1275
vn 0.0317 0.8936 -0.4477
vn 0.0715 0.9884 -0.1342
vn 0.0411 0.9541 -0.2966
vn -0.2644 -0.9542 0.1400
vn -0.2525 -0.9675 -0.0097
vn -0.5393 -0.8402 0.0569
vn -0.5646 -0.7371 0.3714
vn -0.4846 0.6107 -0.6262
vn -0.6610 0.6409 -0.3901
vn -0.5216 0.8522 0.0417
vn -0.4917 0.8668 -0.0824
vn 0.3017 0.6807 0.6676
vn 0.3392 0.2090 0.9172
vn 0.2824 0.6473 0.7080
vn 0.4887 0.5459 -0.6806
vn 0.0316 0.5217 -0.8526
vn 0.0770 -0.9964 -0.0366
vn 0.1363 -0.5092 -0.8498
vn 0.8131 -0.4893 -0.3154
vn 0.3765 0.7287 0.5720
vn 0.0134 0.9428 0.3332
vn -0.0187 0.7901 0.6128
vn 0.0091 0.9979 0.0637
vn -0.1569 0.8378 -0.5230
vn 0.0421 0.3425 0.9386
vn 0.1082 -0.1684 0.9798
vn 0.0571 0.7369 0.6736
vn 0.5766 -0.7448 -0.3358
vn 0.2412 -0.9610 0.1351
vn 0.2064 -0.9462 0.2493
vn 0.2523 -0.3909 0.8852
vn 0.2920 0.2882 0.9120
vn -0.1859 -0.9818 0.0385
vn -0.2895 -0.9572 -0.0022
vn 0.0619 -0.8560 -0.5132
vn 0.1040 -0.9805 -0.1668
vn -0.1441 -0.9705 -0.1931
vn 0.3007 -0.9238 -0.2371
vn -0.0309 -0.9979 -0.0566
vn 0.0764 -0.7919 0.6058
vn 0.5372 0.4490 -0.7140
vn 0.8163 0.5322 0.2247
vn 0.7355 0.5877 -0.3370
vn 0.0243 -0.9103 0.4132
vn 0.8749 0.3912 0.2856
vn 0.1075 0.8393 0.5329
vn 0.0310 0.9623 0.2703
vn 0.3482 0.9095 0.2271
vn -0.1805 0.9832 0.0276
vn 0.3558 0.9319 -0.0701
vn -0.3935 0.9053 0.1601
vn 0.3606 0.8630 -0.3537
vn 0.2643 0.8434 -0.4678
vn 0.2780 0.4846 -0.8294
vn 0.9029 0.0726 -0.4236
vn 0.2565 0.9468 0.1943
vn 0.0765 0.4674 -0.8807
vn 0.0339 0.9870 0.1568
vn -0.0173 0.7281 -0.6853
vn 0.0426 0.9755 0.2159
vn -0.0113 0.9306 -0.3659
vn 0.0753 0.9797 0.1858
vn 0.0332 0.5970 0.8015
vn 0.0642 0.3750 0.9248
vn 0.0245 0.3018 0.9531
vn 0.0671 0.0832 0.9943
vn 0.7602 -0.1199 0.6385
vn 0.8071 0.2972 -0.5102
vn 0.0028 0.9522 -0.3054
vn -0.0184 0.9929 -0.1171
vn 0.0935 0.9956 -0.0037
vn -0.0552 0.9905 0.1257
vn 0.0607 0.9743 0.2168
vn -0.1504 0.8963 0.4172
vn -0.0012 0.8996 0.4367
vn -0.1330 0.7895 0.5992
vn 0.4394 -0.4944 0.7500
vn 0.2196 -0.4962 0.8400
vn 0.0826 -0.9303 -0.3573
vn 0.2997 -0.9497 -0.0911
vn -0.3505 -0.9326 -0.0858
vn 0.0411 -0.9991 -0.0041
vn 0.2482 -0.9667 0.0629
vn 0.8710 -0.4735 0.1311
vn 0.6522 -0.7480 -0.1234
vn 0.2146 -0.9729 -0.0867
vn 0.4255 -0.7870 -0.4467
vn 0.2084 -0.8388 -0.5030
vn 0.1693 -0.9539 0.2479
vn 0.0281 -0.9961 0.0841
vn 0.0675 -0.7406 0.6686
vn -0.0743 -0.8185 0.5697
vn 0.1960 -0.3494 0.9162
vn 0.2363 0.2656 0.9347
vn 0.2484 0.8270 0.5044
vn 0.1145 0.9044 0.4111
vn 0.4630 -0.8626 -0.2039
vn 0.2518 -0.9508 -0.1805
vn 0.1465 -0.5529 -0.8203
vn 0.0204 -0.6993 -0.7145
vn 0.0081 -0.1238 -0.9923
vn -0.1216 -0.2520 -0.9600
vn 0.1143 0.3410 -0.9331
vn 0.1530 0.8218 -0.5489
vn 0.2030 0.9689 0.1412
vn 0.0776 0.9586 0.2741
vn 0.7830 0.6187 0.0634
vn 0.8124 0.4519 0.3685
vn 0.7035 0.6974 0.1366
vn 0.6706 0.7344 0.1045
vn 0.7169 0.6503 -0.2515
vn 0.8447 0.5278 -0.0893
vn 0.4784 0.7479 -0.4603
vn 0.0926 -0.0391 0.9949
vn 0.1513 0.8522 0.5009
vn 0.2003 0.8338 -0.5145
vn 0.0031 0.6505 -0.7595
vn -0.0173 0.8049 -0.5931
vn 0.4873 0.7918 -0.3683
vn 0.7940 0.6022 -0.0826
vn 0.3903 0.9201 0.0313
vn 0.6702 0.6317 -0.3896
vn -0.4223 0.8895 -0.1744
vn -0.5524 0.7856 0.2786
vn 0.6776 0.2598 0.6880
vn -0.0249 0.8994 0.4364
vn 0.1099 -0.2496 -0.9621
vn -0.0646 0.6961 -0.7150
vn -0.0018 0.9466 0.3225
vn 0.0654 0.5957 0.8005
vn 0.0746 0.6073 0.7910
vn 0.5486 0.7337 0.4010
vn 0.3305 0.9096 0.2517
vn -0.0552 0.6177 0.7845
vn -0.2856 0.4022 0.8699
vn -0.1935 0.7592 0.6214
vn 0.7390 0.0044 -0.6737
vn 0.8610 0.2903 0.4177
vn 0.3025 0.5195 0.7991
vn 0.1577 0.7186 0.6773
vn 0.0941 0.9953 0.0242
vn 0.9965 0.0229 0.0798
vn 0.8901 -0.3445 0.2984
vn 0.3071 -0.5392 0.7842
vn 0.1442 -0.5711 0.8081
vn 0.2770 -0.5006 0.8202
vn 0.3922 -0.2477 0.8859
vn 0.2948 -0.1020 0.9501
vn 0.3656 0.1988 0.9093
vn 0.1327 0.9853 -0.1074
vn -0.3319 0.9292 -0.1628
vn -0.5813 0.5713 -0.5794
vn -0.0505 0.7770 -0.6275
vn 0.1249 -0.6137 0.7796
vn 0.8724 0.4875 0.0352
vn 0.0462 0.8083 -0.5870
vn -0.0766 0.9388 -0.3359
vn 0.0056 0.9828 0.1848
vn 0.9856 0.1263 -0.1122
vn 0.8602 -0.0166 -0.5096
vn 0.2367 0.1172 -0.9645
vn 0.0725 0.0991 -0.9924
vn 0.2034 0.1686 -0.9645
vn 0.3123 0.4097 -0.8571
vn 0.2098 0.5563 -0.8041
vn 0.2838 0.7621 -0.5820
vn 0.1150 0.9924 -0.0435
vn 0.2198 0.3604 0.9065
vn 0.3480 0.8729 0.3419
vn 0.2115 0.5236 0.8253
vn 0.3836 0.8575 0.3427
vn 0.3287 0.2099 0.9208
vn 0.4029 0.5557 0.7272
vn 0.3144 0.5954 0.7394
vn 0.4107 0.7019 0.5820
vn 0.3939 0.6187 0.6798
vn 0.2204 0.8956 0.3864
vn 0.1319 0.7209 0.6804
vn 0.1470 0.8923 0.4268
vn 0.3667 0.8822 -0.2952
vn 0.4275 0.8223 0.3754
vn 0.8534 0.3622 -0.3748
vn 0.8471 0.4001 0.3498
vn 0.9484 -0.0755 -0.3079
vn -0.0868 0.9099 -0.4056
vn 0.0029 0.9999 -0.0150
vn 0.2407 0.6611 -0.7106
vn 0.2754 0.9585 -0.0735
vn 0.2877 0.7101 -0.6426
vn -0.0424 0.9979 -0.0481
vn 0.2461 0.7758 -0.5810
vn 0.2480 0.9496 -0.1919
vn 0.3371 0.9167 -0.2144
vn 0.3578 0.9337 -0.0100
vn 0.3330 0.9326 -0.1390
vn 0.1859 0.9430 0.2761
vn 0.0715 0.9960 -0.0533
vn 0.1136 0.9602 0.2552
vn 0.3917 0.4977 0.7738
vn 0.3927 0.8906 0.2293
vn 0.8832 0.0800 0.4622
vn 0.8130 0.5791 -0.0604
vn 0.9719 -0.2025 0.1200
vn -0.3962 -0.7501 -0.5294
vn -0.5230 -0.5705 -0.6333
vn -0.2851 0.0372 -0.9578
vn -0.3809 0.0872 -0.9205
vn -0.0010 0.6928 -0.7211
vn -0.2756 0.5863 -0.7618
vn 0.1056 -0.8028 0.5868
vn -0.0524 -0.7963 0.6026
vn 0.0675 -0.8734 0.4822
vn 0.2491 -0.9580 -0.1422
vn 0.1205 -0.9841 -0.1301
vn 0.3140 -0.6155 0.7229
vn 0.0574 -0.6553 0.7532
vn 0.8612 -0.3795 0.3380
vn -0.1562 -0.9157 0.3703
vn -0.3807 -0.7971 0.4688
vn -0.3482 -0.2314 0.9084
vn -0.4358 -0.1713 0.8836
vn -0.2240 0.5261 0.8204
vn -0.3801 0.3631 0.8507
vn 0.0762 -0.8367 -0.5424
vn 0.2751 -0.9604 0.0454
vn 0.1889 -0.9717 0.1418
vn 0.9700 0.0271 -0.2417
vn 0.1019 -0.9550 -0.2785
vn -0.2020 -0.9017 0.3822
vn -0.3259 -0.9086 -0.2611
vn -0.5805 -0.7218 0.3769
vn -0.7187 -0.6746 -0.1688
vn -0.8541 -0.4089 0.3213
vn -0.9249 -0.3800 0.0144
vn 0.1403 0.5709 -0.8090
vn -0.2382 -0.1497 -0.9596
vn -0.3781 -0.8691 -0.3189
vn -0.1250 -0.9428 0.3090
vn -0.3576 -0.3130 0.8798
vn -0.0976 -0.5881 0.8029
vn -0.3003 -0.1033 0.9482
vn -0.0680 -0.6946 0.7162
vn -0.2213 -0.4662 0.8565
vn -0.1268 -0.9092 0.3965
vn -0.1026 -0.4437 0.8903
vn 0.4053 0.4952 -0.7684
vn 0.2271 -0.2056 -0.9519
vn 0.2185 0.5043 -0.8354
vn -0.0188 0.2187 -0.9756
vn -0.0344 -0.7100 -0.7033
vn -0.1329 0.1384 -0.9814
vn -0.2619 -0.6363 -0.7256
vn 0.1446 -0.2297 -0.9625
vn -0.1109 -0.8791 -0.4635
vn 0.3364 -0.9275 -0.1632
vn -0.1734 -0.7512 -0.6369
vn -0.0516 -0.9971 -0.0556
vn -0.6381 -0.6273 -0.4464
vn -0.5992 -0.7977 0.0673
vn -0.8779 -0.4342 -0.2018
vn -0.8439 -0.5364 -0.0134
vn -0.2580 0.3350 0.9062
vn -0.1229 -0.4522 0.8834
vn 0.0909 -0.9708 0.2221
vn 0.2648 -0.8962 -0.3560
vn -0.5735 -0.0722 -0.8160
vn -0.1639 -0.3892 -0.9064
vn -0.3733 0.1409 -0.9169
vn -0.1369 -0.4634 -0.8755
vn -0.2924 0.1448 -0.9453
vn -0.2272 -0.4778 -0.8486
vn -0.1809 0.2367 -0.9546
vn 0.4698 -0.0904 0.8782
vn 0.3102 -0.7609 0.5700
vn 0.0278 -0.9971 0.0710
vn -0.1945 -0.9691 0.1516
vn 0.1870 -0.8102 0.5556
vn -0.1516 -0.9718 -0.1804
vn 0.2963 0.7965 -0.5271
vn 0.1307 0.8123 -0.5684
vn -0.0305 0.3175 -0.9478
vn 0.3022 0.9151 -0.2669
vn 0.1380 0.9466 -0.2914
vn 0.0705 0.9464 -0.3153
vn -0.0659 0.7370 -0.6726
vn -0.0243 0.9784 -0.2052
vn 0.0845 0.9365 -0.3403
vn -0.1793 -0.9833 -0.0308
vn -0.3348 0.6511 0.6812
vn -0.1401 0.5589 0.8173
vn 0.3253 0.5373 0.7781
vn 0.1870 0.5314 0.8262
vn -0.1693 -0.7773 -0.6059
vn 0.0220 -0.2530 0.9672
vn 0.0671 -0.4317 0.8995
vn 0.2533 -0.7007 -0.6669
vn 0.4000 -0.1755 0.8996
vn 0.3466 -0.1154 0.9309
vn 0.0562 0.6878 0.7238
vn 0.2246 0.1779 -0.9581
vn 0.0063 -0.0758 -0.9971
vn 0.5198 -0.8458 0.1198
vn 0.3189 0.4738 -0.8208
vn 0.2630 0.5366 -0.8018
vn -0.0077 0.9947 -0.1024
vn -0.6042 0.3969 -0.6910
vn 0.1198 -0.1398 0.9829
vn 0.2815 -0.8921 0.3535
vn 0.1452 -0.8656 0.4791
vn -0.0127 0.9986 0.0512
vn 0.7345 0.3958 -0.5512
vn 0.8261 0.5635 0.0040
vn 0.5250 0.8511 0.0047
vn 0.4707 0.8522 0.2285
vn 0.2288 -0.1475 0.9622
vn 0.8460 -0.4331 0.3110
vn 0.9954 0.0602 0.0742
vn 0.8250 0.5081 -0.2473
vn 0.4024 0.7943 -0.4553
vn 0.3542 0.5274 0.7723
vn 0.2915 -0.0916 0.9522
vn -0.6258 0.0290 0.7794
vn 0.3266 -0.9409 -0.0894
vn 0.1815 -0.9634 -0.1971
vn 0.7789 -0.0127 0.6271
vn 0.8214 0.4777 0.3117
vn -0.6939 0.7151 0.0849
vn 0.1249 0.9895 -0.0727
vn 0.0737 0.3779 -0.9229
vn 0.8142 -0.0781 -0.5753
vn 0.9850 0.1510 -0.0837
vn 0.8437 0.2722 0.4626
vn 0.4413 0.3295 0.8347
vn 0.2848 0.9216 -0.2636
vn 0.2063 0.5653 -0.7987
vn -0.1987 -0.4004 -0.8945
vn 0.0114 -0.4431 -0.8964
vn -0.6928 -0.0561 0.7189
vn -0.5667 -0.1804 0.8040
vn -0.2731 0.2699 0.9233
vn -0.1879 0.5374 0.8221
vn 0.5237 -0.1625 -0.8362
vn -0.0943 -0.9923 -0.0797
vn -0.7415 -0.5262 -0.4163
vn -0.2529 -0.7519 -0.6089
vn -0.8415 -0.0172 -0.5399
vn -0.7748 0.0183 -0.6320
vn -0.6014 0.5611 -0.5688
vn -0.3187 0.7345 -0.5991
vn 0.5952 -0.6359 0.4913
vn 0.3537 -0.9301 0.0988
vn -0.6224 -0.7244 0.2964
vn 0.0322 -0.9501 0.3102
vn 0.3188 -0.8234 0.4695
vn 0.8974 -0.4367 -0.0638
vn 0.2761 -0.3035 -0.9120
vn 0.8996 -0.3206 -0.2967
vn 0.0318 0.4506 -0.8922
vn -0.0143 0.4297 -0.9029
vn -0.0665 0.9240 -0.3767
vn 0.1300 0.8480 0.5138
vn 0.0867 0.9807 0.1750
vn 0.8938 -0.0637 -0.4439
vn 0.4548 -0.6445 0.6146
vn 0.9722 -0.2337 -0.0104
vn 0.5958 -0.7755 -0.2088
vn 0.5417 -0.7440 -0.3911
vn 0.7179 -0.6579 -0.2277
vn 0.9784 0.0062 -0.2068
vn 0.9018 -0.2455 0.3556
vn 0.6495 0.5862 0.4843
vn 0.9940 0.0325 0.1047
vn 0.5895 -0.6638 0.4602
vn 0.6466 -0.4461 0.6188
vn 0.8527 -0.4255 0.3032
vn 0.9153 -0.2840 0.2856
vn 0.7826 -0.2415 0.5738
vn 0.8395 0.3555 0.4110
vn 0.8890 0.0285 0.4569
vn 0.6322 0.7150 -0.2984
vn 0.4790 0.8735 0.0874
vn 0.9121 0.3149 0.2626
vn 0.6062 0.5456 0.5787
vn 0.7643 -0.2397 0.5987
vn 0.3920 0.2620 0.8819
vn 0.3885 -0.4102 0.8251
vn 0.7522 -0.1506 -0.6415
vn 0.7660 -0.1601 -0.6225
vn 0.9720 -0.1636 -0.1688
vn 0.9363 -0.2504 -0.2461
vn 0.9273 -0.0173 -0.3739
vn 0.9597 0.2806 -0.0149
vn 0.7389 0.2601 -0.6216
vn -0.0945 0.9521 -0.2907
vn 0.1003 0.9746 0.2001
vn -0.1280 0.8043 -0.5802
vn 0.4471 0.8943 0.0176
vn 0.4014 0.8010 -0.4441
vn 0.7236 0.6824 0.1036
vn 0.8123 0.5059 -0.2902
vn 0.5835 -0.2414 0.7754
vn 0.9462 -0.2890 0.1452
vn 0.9383 -0.3458 -0.0041
vn 0.9319 -0.3549 0.0747
vn 0.8627 -0.4879 -0.1328
vn 0.9092 -0.3597 -0.2098
vn 0.2903 -0.2254 -0.9300
vn 0.5616 0.5190 -0.6443
vn 0.7119 -0.0401 -0.7011
vn 0.9422 0.2347 -0.2391
vn 0.1688 0.9140 -0.3689
vn -0.0100 0.9999 -0.0039
vn 0.0750 0.9939 -0.0811
vn 0.0851 0.9522 0.2933
vn -0.1919 0.9097 0.3684
vn 0.0069 0.6673 0.7447
vn -0.7406 0.6485 0.1761
vn -0.7486 0.4994 0.4361
vn -0.5253 0.7663 0.3700
vn -0.5813 0.4907 0.6490
vn -0.5152 0.5228 0.6791
vn -0.6441 0.1670 0.7465
vn -0.4577 0.8666 -0.1989
vn -0.5330 0.8356 0.1330
vn -0.6407 0.7527 0.1515
vn -0.4254 0.8020 0.4194
vn -0.4649 0.7439 0.4801
vn -0.2816 0.8050 0.5222
vn -0.5549 0.7409 0.3783
vn -0.6590 0.6567 0.3668
vn -0.4637 0.7576 0.4593
vn -0.2773 0.6962 0.6622
vn -0.5202 0.5461 0.6566
vn 0.0009 0.5674 0.8235
vn 0.8626 0.4709 0.1846
vn 0.8219 -0.4257 0.3785
vn 0.9903 0.0946 0.1016
vn 0.8944 -0.4118 -0.1744
vn 0.3167 -0.1518 -0.9363
vn 0.4575 -0.1534 -0.8759
vn -0.0688 0.1181 -0.9906
vn 0.1319 -0.0102 -0.9912
vn -0.3205 0.3323 -0.8870
vn -0.4834 0.0590 -0.8734
vn -0.9254 0.2997 -0.2321
vn -0.7119 0.6508 -0.2639
vn -0.9722 0.0401 -0.2307
vn -0.6588 0.5368 -0.5271
vn -0.4291 0.7549 -0.4959
vn -0.3077 0.5432 -0.7812
vn -0.4015 0.2105 -0.8913
vn -0.0801 0.1702 -0.9821
vn -0.1929 0.1925 -0.9621
vn 0.4707 0.1187 -0.8743
vn -0.0708 0.2514 -0.9653
vn 0.5931 -0.0942 -0.7996
vn 0.9354 0.1037 -0.3380
vn 0.9525 0.3046 0.0033
vn 0.9788 -0.0714 0.1920
vn 0.7300 0.1542 0.6658
vn 0.6500 -0.2495 0.7178
vn 0.1729 0.1675 0.9706
vn 0.1562 -0.0738 0.9850
vn -0.1791 0.3889 0.9037
vn -0.0721 -0.0244 0.9971
vn -0.3986 0.1756 0.9002
vn -0.7624 0.1710 0.6241
vn -0.6901 0.2418 0.6821
vn -0.8384 0.4931 0.2321
vn -0.8837 0.1471 0.4443
vn -0.7915 0.4383 0.4259
vn -0.6604 0.6748 0.3294
vn -0.5366 0.8367 0.1098
vn -0.5835 0.7916 -0.1815
vn -0.4539 0.8435 -0.2871
vn -0.0737 0.9106 -0.4067
vn -0.1091 0.8794 -0.4633
vn 0.2956 0.8694 -0.3959
vn -0.0573 0.7694 -0.6362
vn 0.4057 0.8113 -0.4210
vn 0.1604 0.6729 -0.7221
vn 0.6417 0.5179 -0.5657
vn 0.4590 0.3877 -0.7994
vn 0.8736 0.2684 -0.4059
vn 0.8700 0.1110 -0.4804
vn 0.9982 -0.0475 -0.0359
vn 0.9414 -0.1638 -0.2949
vn 0.8789 -0.3333 0.3412
vn 0.9317 -0.3261 -0.1600
vn 0.9412 -0.3378 -0.0052
vn 0.9556 -0.2778 -0.0979
vn 0.0886 -0.8305 0.5499
vn 0.5066 -0.3202 0.8005
vn -0.4018 -0.3912 0.8280
vn -0.8017 -0.1191 0.5857
vn -0.3039 -0.0572 0.9510
vn -0.5015 0.1576 0.8507
vn -0.0614 0.0376 0.9974
vn -0.3250 0.4025 0.8558
vn -0.5121 0.6501 0.5613
vn -0.3804 0.9107 0.1611
vn 0.3478 0.9375 0.0144
vn 0.3955 0.9174 -0.0438
vn 0.8750 -0.0948 -0.4747
vn 0.3320 0.3756 -0.8653
vn -0.2342 0.3138 -0.9202
vn -0.3779 0.4559 -0.8058
vn -0.1263 0.4141 -0.9014
vn -0.3674 0.2954 -0.8819
vn -0.0197 0.6878 -0.7256
vn -0.6223 0.5127 -0.5915
vn -0.2808 0.8021 -0.5270
vn -0.5425 0.7969 -0.2657
vn 0.2408 -0.5201 0.8195
vn 0.2575 -0.8374 0.4821
vn 0.2018 -0.4754 0.8563
vn 0.1398 -0.3841 0.9127
vn 0.0065 -0.3229 0.9464
vn 0.8743 -0.4821 0.0566
vn 0.5881 -0.8015 0.1081
vn 0.8433 -0.3258 -0.4274
vn 0.4015 0.1293 -0.9067
vn -0.0107 0.4125 -0.9109
vn -0.6524 0.2080 -0.7288
vn -0.8909 0.1447 -0.4306
vn -0.9399 -0.0287 -0.3402
vn -0.9235 0.1325 -0.3601
vn -0.9083 0.4162 0.0430
vn -0.9759 0.2113 -0.0542
vn -0.8445 0.1724 0.5071
vn -0.9856 -0.0556 -0.1597
vn -0.8314 -0.1533 0.5341
vn -0.9457 -0.2492 0.2086
vn -0.9342 -0.0979 0.3430
vn -0.4344 0.1908 0.8803
vn -0.3972 0.3695 0.8401
vn -0.6234 0.2636 0.7361
vn -0.2951 0.7857 0.5436
vn -0.3585 0.9153 0.1834
vn 0.0338 0.9829 0.1810
vn -0.1614 0.9624 -0.2184
vn -0.1451 0.9744 -0.1716
vn -0.4776 0.6365 -0.6056
vn -0.3831 0.9234 -0.0217
vn -0.7705 0.6035 -0.2053
vn -0.7366 0.6455 0.2019
vn -0.3077 0.7711 0.5574
vn 0.0358 0.6879 0.7249
vn 0.9414 -0.3304 -0.0675
vn 0.8652 -0.1965 -0.4614
vn 0.9691 -0.1993 0.1450
vn 0.9211 -0.3061 0.2405
vn 0.9815 -0.1693 0.0891
vn 0.5019 -0.8626 0.0642
vn 0.6445 -0.7446 -0.1738
vn 0.6727 -0.7306 0.1168
vn 0.6918 -0.7101 -0.1311
vn 0.7976 -0.4535 0.3977
vn 0.8777 -0.4134 -0.2422
vn 0.8554 -0.4070 -0.3204
vn 0.8308 -0.3756 -0.4107
vn -0.1147 0.4941 -0.8618
vn 0.5367 0.3815 -0.7526
vn 0.8903 0.3638 -0.2741
vn 0.5688 -0.4134 -0.7110
vn 0.8400 -0.2387 -0.4873
vn 0.7770 0.0555 0.6270
vn 0.8227 -0.1223 0.5552
vn 0.8471 -0.3424 0.4065
vn 0.3020 -0.8735 0.3819
vn 0.7771 -0.5769 -0.2515
vn 0.5195 -0.8440 0.1333
vn 0.6871 -0.7237 0.0646
vn 0.5952 -0.6400 0.4860
vn 0.6906 -0.4080 0.5972
vn 0.8682 -0.4424 -0.2250
vn 0.8678 -0.4049 -0.2880
vn -0.8730 0.4025 0.2754
vn -0.9334 -0.1593 0.3216
vn -0.9734 0.2214 0.0581
vn -0.6794 0.7230 0.1256
vn -0.6590 0.7209 -0.2145
vn 0.2796 0.4781 0.8326
vn 0.7928 0.4728 0.3845
vn 0.9103 0.4069 -0.0755
vn -0.5777 0.3533 0.7358
vn -0.2393 0.1721 0.9556
vn 0.3388 -0.1126 0.9341
vn 0.7743 -0.1136 0.6226
vn 0.9728 -0.2257 -0.0515
vn 0.9439 0.2498 0.2159
vn 0.8985 -0.1811 0.3999
vn 0.9672 -0.1910 -0.1674
vn 0.8217 -0.1192 -0.5573
vn 0.9607 -0.2280 -0.1582
vn 0.8650 -0.2756 0.4192
vn 0.4827 -0.2126 0.8496
vn -0.5679 0.6654 0.4845
vn -0.3273 0.0035 -0.9449
vn -0.0345 0.8872 0.4601
vn 0.7928 0.0914 0.6026
vn 0.3393 -0.0096 0.9406
vn 0.5925 -0.2956 0.7494
vn 0.7239 -0.3170 0.6127
vn -0.0781 -0.5842 0.8079
vn -0.0998 -0.7652 0.6361
vn 0.7725 -0.6286 0.0896
vn 0.7797 -0.5935 0.1995
vn 0.8596 -0.4984 -0.1128
vn 0.5508 -0.2718 -0.7892
vn 0.0058 0.0434 -0.9990
vn -0.3177 0.1693 -0.9330
vn -0.4858 0.2063 -0.8494
vn -0.8878 0.3141 -0.3365
vn 0.7276 0.2093 0.6533
vn 0.8401 -0.4207 0.3425
vn 0.8178 -0.4302 0.3824
vn 0.8740 -0.4236 0.2380
vn 0.2624 -0.8382 0.4781
vn -0.0761 0.6582 -0.7490
vn 0.5905 0.6411 0.4901
vn 0.1151 0.7698 0.6278
vn 0.4412 -0.3204 -0.8383
vn 0.4504 -0.6335 -0.6292
vn 0.7080 -0.4464 -0.5472
vn 0.9928 0.0276 -0.1163
vn 0.7856 -0.5065 -0.3554
vn 0.8035 -0.5595 -0.2033
vn 0.6196 -0.3453 -0.7049
vn 0.4571 -0.4550 -0.7642
vn 0.6803 0.6464 0.3456
vn 0.9802 0.1506 -0.1284
vn -0.1384 0.9564 -0.2571
vn 0.8873 0.2828 0.3644
vn 0.8883 -0.0910 0.4502
vn -0.9373 -0.2587 -0.2337
vn -0.8480 0.0158 -0.5297
vn -0.9821 -0.1255 -0.1403
vn -0.9776 0.1903 -0.0899
vn -0.9725 0.1207 -0.1993
vn -0.8010 0.5970 -0.0447
vn -0.8878 0.1222 -0.4437
vn -0.7441 0.1600 -0.6486
vn -0.4419 0.1860 -0.8776
vn 0.3300 -0.3717 0.8677
vn 0.9780 -0.1037 -0.1810
vn 0.9853 -0.0042 0.1707
vn 0.7158 -0.1208 0.6877
vn 0.1894 -0.1561 0.9694
vn 0.7308 -0.3044 -0.6109
vn 0.9638 -0.0043 0.2666
vn 0.6685 -0.1556 0.7272
vn -0.4342 -0.0231 0.9005
vn -0.7184 0.0176 0.6954
vn -0.2448 0.1389 -0.9596
vn -0.3715 0.1878 -0.9092
vn 0.6667 -0.7278 -0.1609
vn -0.2858 0.0470 0.9571
vn -0.9238 -0.3608 -0.1281
vn -0.5211 0.1313 0.8433
vn 0.2872 -0.6578 -0.6962
vn 0.0143 0.9364 -0.3506
vn 0.9820 0.1752 0.0712
vn -0.0725 0.4265 -0.9016
vn 0.1193 0.9443 -0.3066
vn -0.9915 -0.1080 -0.0727
vn -0.9600 0.2705 -0.0721
vn -0.8242 -0.2045 -0.5281
vn -0.6004 -0.5414 0.5886
vn -0.9991 -0.0376 0.0199
vn -0.3412 -0.1333 0.9305
vn -0.8803 -0.1107 0.4613
vn -0.5367 -0.1091 0.8367
vn -0.6279 -0.0370 0.7774
vn 0.3677 0.4025 0.8383
vn -0.2844 0.0101 0.9587
vn 0.1625 0.0222 0.9865
vn -0.4176 -0.0914 0.9040
vn -0.2111 0.1270 0.9692
vn 0.8206 0.4352 0.3704
vn 0.3341 0.2399 0.9115
vn 0.7225 0.1893 0.6650
vn 0.7399 0.0031 0.6727
vn 0.6722 -0.1582 0.7233
vn 0.3014 -0.8148 -0.4952
vn -0.1879 -0.2863 0.9395
vn 0.1375 0.9020 -0.4093
vn -0.5317 -0.5196 0.6688
vn 0.8679 -0.3139 -0.3850
vn -0.0193 -0.0592 0.9981
vn 0.8840 0.3091 -0.3507
vn 0.8649 -0.4632 -0.1936
vn 0.7955 -0.6051 -0.0302
vn 0.2309 -0.1743 -0.9572
vn -0.8554 -0.3701 -0.3624
vn -0.8824 0.4522 0.1300
vn -0.8027 -0.3973 0.4448
vn -0.6990 -0.5721 -0.4291
vn -0.6573 -0.4895 -0.5730
vn -0.5758 -0.7223 -0.3831
vn -0.4434 -0.6423 -0.6252
vn 0.8217 -0.2217 0.5251
vn 0.9347 -0.3452 0.0854
vn 0.6533 -0.7326 0.1909
vn 0.7278 -0.2841 -0.6241
vn 0.7157 -0.6890 -0.1143
vn 0.6823 -0.4071 -0.6073
vn 0.3108 -0.4044 0.8601
vn -0.0100 -0.2142 0.9767
vn 0.5121 -0.3238 0.7956
vn 0.6628 -0.1999 0.7216
vn 0.0851 -0.2007 0.9760
vn 0.6172 -0.2461 0.7473
vn -0.9436 0.3309 -0.0102
vn -0.8008 -0.2688 0.5353
vn -0.6353 -0.5510 0.5410
vn -0.1599 -0.4893 0.8573
vn -0.3054 -0.4257 0.8518
vn -0.7070 -0.2684 0.6543
vn -0.9856 0.1680 -0.0196
vn -0.8627 -0.4431 0.2439
vn -0.7134 -0.6990 -0.0494
vn -0.5157 -0.7083 0.4820
vn -0.3506 -0.9010 0.2557
vn 0.6379 0.7700 0.0072
vn -0.5961 0.3027 -0.7437
vn 0.3996 0.7729 -0.4929
vn -0.9063 -0.0550 -0.4190
vn -0.6707 0.5102 -0.5384
vn 0.6705 -0.0537 -0.7400
vn -0.0137 -0.0189 -0.9997
vn 0.6224 0.1105 -0.7749
vn 0.0072 0.1644 -0.9864
vn 0.6342 0.3133 -0.7068
vn -0.0356 0.4221 -0.9058
vn 0.6617 -0.7395 -0.1238
vn 0.4824 0.8155 -0.3198
vn -0.4862 0.8723 -0.0526
vn 0.5889 0.4055 -0.6991
vn -0.5340 -0.0301 0.8449
vn -0.7987 -0.2355 0.5538
vn -0.5266 -0.2037 0.8254
vn 0.3354 -0.1682 0.9269
vn 0.8133 -0.1361 0.5658
vn -0.8911 -0.4309 0.1422
vn -0.7898 0.0864 -0.6073
vn 0.6848 0.5435 0.4855
vn 0.9332 0.3561 -0.0488
vn 0.4454 0.8928 0.0673
vn -0.1231 0.7517 -0.6479
vn 0.3927 0.9023 -0.1780
vn -0.9977 0.0410 -0.0548
vn -0.7472 -0.1766 0.6407
vn -0.9668 -0.2405 0.0866
vn -0.9115 -0.2769 -0.3041
vn -0.9002 -0.3977 -0.1772
vn -0.9147 -0.3929 -0.0947
vn -0.6794 -0.7176 -0.1533
vn -0.6700 -0.6414 -0.3738
vn -0.4751 -0.8461 -0.2415
vn -0.4945 -0.7750 -0.3935
vn 0.5738 0.8025 0.1635
vn -0.9768 0.1728 0.1267
vn -0.5675 0.7419 -0.3570
vn -0.5787 -0.5564 -0.5962
vn -0.9101 -0.1474 0.3872
vn -0.9671 -0.1147 0.2269
vn -0.6631 0.4627 0.5885
vn -0.0885 0.1863 0.9785
vn -0.1087 0.3023 0.9470
vn 0.3941 0.6977 0.5982
vn 0.5843 0.0808 0.8075
vn 0.9200 -0.1071 0.3770
vn 0.7223 -0.3512 0.5958
vn -0.1575 -0.9814 -0.1094
vn -0.3225 -0.7774 -0.5400
vn -0.1874 -0.9724 -0.1386
vn 0.5389 -0.8418 -0.0301
vn -0.0917 -0.7347 0.6722
vn 0.2571 -0.9466 0.1944
vn 0.1085 -0.2828 0.9530
vn -0.3678 -0.8801 -0.3002
vn -0.6494 -0.3989 -0.6475
vn 0.2254 0.8050 0.5488
vn 0.3651 0.9212 0.1343
vn 0.7051 0.7090 0.0140
vn 0.7302 0.3868 0.5631
vn 0.7126 0.6347 0.2989
vn 0.9177 -0.1347 0.3737
vn 0.9097 0.2530 0.3293
vn 0.9702 -0.2385 -0.0434
vn -0.6205 0.3596 -0.6969
vn -0.0345 0.9766 -0.2122
vn 0.7827 0.6139 0.1024
vn 0.9513 -0.2121 -0.2236
vn 0.8883 -0.1592 -0.4307
vn 0.9027 -0.3852 -0.1918
vn -0.2928 0.3792 -0.8778
vn -0.7603 0.0925 -0.6429
vn -0.5550 0.6513 -0.5175
vn -0.8257 0.2192 -0.5197
vn -0.3063 0.2562 -0.9168
vn -0.8192 -0.0438 -0.5718
vn -0.6035 -0.0318 -0.7967
vn -0.9719 -0.2319 -0.0405
vn -0.9975 -0.0609 0.0347
vn -0.0981 0.1233 0.9875
vn -0.5421 0.0825 -0.8363
vn -0.6172 0.4602 0.6382
vn -0.5236 0.1266 -0.8425
vn -0.7066 0.2275 -0.6701
vn 0.9357 0.3440 -0.0778
vn 0.3969 0.6652 0.6324
vn 0.0991 -0.1949 0.9758
vn 0.8820 -0.2497 0.3996
vn 0.3925 -0.3999 -0.8283
vn 0.8604 0.2393 0.4499
vn 0.9455 0.2423 0.2174
vn 0.3794 -0.8743 0.3028
vn 0.5069 -0.8562 -0.0997
vn 0.3414 -0.8246 0.4510
vn 0.5420 -0.7977 0.2644
vn 0.8341 -0.5353 0.1331
vn -0.3945 -0.9138 -0.0967
vn 0.9370 0.3271 0.1226
vn 0.7314 -0.2127 0.6479
vn 0.9864 -0.1566 0.0509
vn 0.6266 -0.2393 -0.7417
vn 0.8931 0.1451 -0.4259
vn -0.7937 -0.1691 -0.5844
vn -0.2483 -0.2943 -0.9229
vn -0.2472 -0.3665 -0.8970
vn -0.1631 0.1237 -0.9788
vn -0.6137 0.0077 -0.7895
vn 0.0477 0.0877 -0.9950
vn -0.6786 -0.1420 -0.7206
vn -0.9980 -0.0013 -0.0631
vn -0.8956 0.0053 0.4448
vn 0.7930 0.6066 -0.0568
vn 0.9663 -0.2551 -0.0341
vn 0.9864 -0.1635 0.0134
vn 0.9127 -0.2901 -0.2878
vn 0.9758 -0.2187 -0.0002
vn 0.5975 -0.7196 0.3538
vn -0.3749 -0.4196 0.8267
vn 0.7778 -0.6275 0.0359
vn 0.7204 0.4980 -0.4827
vn -0.9694 -0.2096 0.1277
vn -0.9090 0.0381 0.4151
vn -0.8591 -0.2949 0.4184
vn -0.9610 -0.1663 0.2208
vn -0.8966 -0.0493 0.4401
vn 0.4960 -0.3651 -0.7878
vn 0.9437 -0.1857 -0.2737
vn 0.2654 -0.1616 -0.9505
vn 0.2705 0.0270 -0.9623
vn 0.8938 -0.0739 -0.4423
vn 0.7824 -0.4278 -0.4526
vn 0.3785 -0.2017 -0.9034
vn 0.4563 0.0352 -0.8892
vn 0.9520 0.3044 -0.0318
vn 0.4540 -0.8684 -0.1995
vn 0.9156 0.3482 -0.2010
vn 0.4286 -0.6889 -0.5846
vn 0.1207 -0.6400 -0.7588
vn 0.2781 -0.4607 -0.8428
vn -0.3605 -0.9306 0.0628
vn -0.9268 -0.2060 0.3140
vn 0.3350 0.7369 -0.5872
vn -0.8081 -0.3257 0.4908
vn -0.9682 0.2241 -0.1109
vn 0.8046 -0.3359 -0.4897
vn 0.6564 -0.4986 -0.5662
vn 0.8926 -0.0271 -0.4500
vn 0.8622 -0.2146 -0.4588
vn -0.1843 -0.9603 0.2094
vn -0.4191 -0.7804 0.4641
vn -0.9817 -0.0344 -0.1874
vn -0.3749 -0.9218 -0.0989
vn -0.6758 -0.6513 0.3451
vn -0.9431 -0.3323 -0.0126
vn -0.9698 -0.0935 0.2251
vn 0.8093 -0.4541 0.3725
vn -0.9238 -0.0390 -0.3808
vn -0.9237 -0.1908 -0.3323
usemtl g1_mesh_10.001
s 1
f 1/1/1 2/2/2 3/3/3
f 4/4/4 3/3/3 2/2/2
f 3/3/3 4/4/4 5/5/5
f 6/6/6 5/5/5 4/4/4
f 5/5/5 6/6/6 7/7/7
f 8/8/8 7/7/7 6/6/6
f 7/7/7 8/8/8 9/9/9
f 10/10/10 9/9/9 8/8/8
f 9/9/9 10/10/10 11/11/11
f 12/12/12 11/11/11 10/10/10
f 11/11/11 12/12/12 13/13/13
f 14/14/14 13/13/13 12/12/12
f 13/13/13 14/14/14 1/1/1
f 15/15/15 1/1/1 14/14/14
f 1/1/1 15/15/15 2/2/2
f 4/4/4 2/2/2 15/15/15
f 16/16/16 17/17/17 18/18/18
f 19/19/19 18/18/18 17/17/17
f 18/18/18 19/19/19 20/20/20
f 21/21/21 20/20/20 19/19/19
f 20/20/20 21/21/21 22/22/22
f 23/23/23 22/22/22 21/21/21
f 22/22/22 23/23/23 24/24/24
f 25/25/25 24/24/24 23/23/23
f 24/24/24 25/25/25 26/26/26
f 27/27/27 26/26/26 25/25/25
f 63/28/28 28/29/29 29/30/30
f 30/31/31 29/30/30 28/29/29
f 29/30/30 30/31/31 31/32/32
f 32/33/33 31/32/32 30/31/31
f 31/32/32 32/33/33 33/34/34
f 34/35/35 33/34/34 32/33/33
f 33/34/34 34/35/35 35/36/36
f 36/37/37 35/36/36 34/35/35
f 35/36/36 36/37/37 37/38/38
f 69/39/39 38/40/40 37/38/38
f 35/36/36 37/38/38 38/40/40
f 38/40/40 39/41/41 35/36/36
f 33/34/34 35/36/36 39/41/41
f 39/41/41 40/42/42 33/34/34
f 31/32/32 33/34/34 40/42/42
f 40/42/42 41/43/43 31/32/32
f 29/30/30 31/32/32 41/43/43
f 16/44/16 42/45/44 43/46/45
f 25/25/25 43/46/45 42/45/44
f 43/46/45 25/25/25 44/47/46
f 23/23/23 44/47/46 25/25/25
f 44/47/46 23/23/23 45/48/47
f 21/21/21 45/48/47 23/23/23
f 45/48/47 21/21/21 19/19/19
f 6/6/6 4/4/4 46/49/48
f 15/15/15 46/49/48 4/4/4
f 46/49/48 15/15/15 10/10/10
f 14/14/14 10/10/10 15/15/15
f 10/10/10 14/14/14 12/12/12
f 47/50/49 48/51/50 49/52/51
f 50/53/52 49/52/51 48/51/50
f 48/51/50 51/54/53 50/53/52
f 52/55/54 50/53/52 51/54/53
f 51/54/53 53/56/55 52/55/54
f 7/7/7 9/9/9 5/5/5
f 54/57/56 5/5/5 9/9/9
f 9/9/9 11/11/11 54/57/56
f 13/13/13 54/57/56 11/11/11
f 55/58/57 56/59/58 57/60/59
f 58/61/60 57/60/59 56/59/58
f 57/60/59 58/61/60 59/62/61
f 60/63/62 59/62/61 58/61/60
f 5/5/5 54/57/56 3/3/3
f 1/1/1 3/3/3 54/57/56
f 54/57/56 13/13/13 1/1/1
f 61/64/63 62/65/64 47/50/49
f 48/51/50 47/50/49 62/65/64
f 62/65/64 51/54/53 48/51/50
f 63/66/28 64/67/65 28/68/29
f 38/40/40 28/68/29 64/67/65
f 64/67/65 39/41/41 38/40/40
f 55/58/57 57/60/59 65/69/66
f 66/70/67 65/69/66 57/60/59
f 57/60/59 67/71/68 66/70/67
f 10/10/10 8/8/8 46/49/48
f 6/6/6 46/49/48 8/8/8
f 16/16/16 18/18/18 42/72/44
f 27/73/27 42/72/44 18/18/18
f 45/48/47 19/19/19 68/74/69
f 17/17/17 68/74/69 19/19/19
f 69/75/39 30/31/31 28/29/29
f 38/40/40 69/39/39 28/68/29
f 27/27/27 25/25/25 42/45/44
f 59/62/61 67/71/68 57/60/59
usemtl g1_mesh_-18.001
s off
f 934/76/70 143/77/70 933/78/70
f 932/79/71 984/80/71 855/81/71
f 934/76/72 933/78/72 561/82/72
f 932/79/73 855/81/74 990/83/73
s 1
f 70/84/75 71/85/76 984/80/77
f 72/86/78 984/80/77 71/85/76
f 71/85/76 73/87/79 72/86/78
f 74/88/80 72/86/78 73/87/79
f 73/87/79 75/89/81 74/88/80
f 76/90/82 74/88/80 75/89/81
f 75/89/81 77/91/83 76/90/82
f 78/92/84 76/90/82 77/91/83
f 77/91/83 79/93/85 78/92/84
f 80/94/86 78/92/84 79/93/85
f 79/93/85 81/95/87 80/94/86
f 82/96/88 80/94/86 81/95/87
f 81/95/87 982/97/89 82/96/88
f 83/98/90 82/96/88 982/97/89
f 982/97/89 958/99/91 83/98/90
f 84/100/92 83/98/90 958/99/91
f 958/99/91 85/101/93 84/100/92
f 86/102/94 84/100/92 85/101/93
f 85/101/93 943/103/95 86/102/94
f 952/104/96 86/102/94 943/103/95
f 943/103/95 87/105/97 952/104/96
f 88/106/98 952/104/96 87/105/97
f 87/105/97 89/107/99 88/106/98
f 90/108/100 88/106/98 89/107/99
f 89/107/99 91/109/101 90/108/100
f 92/110/102 90/108/100 91/109/101
f 91/109/101 93/111/103 92/110/102
f 94/112/104 92/110/102 93/111/103
f 93/111/103 95/113/105 94/112/104
f 96/114/106 94/112/104 95/113/105
f 95/113/105 97/115/107 96/114/106
f 98/116/108 96/114/106 97/115/107
f 97/115/107 963/117/109 98/116/108
f 940/118/110 98/116/108 963/117/109
f 963/117/109 964/119/111 940/118/110
f 99/120/112 940/118/110 964/119/111
f 964/119/111 100/121/113 99/120/112
f 101/122/114 99/120/112 100/121/113
f 100/121/113 102/123/115 101/122/114
f 103/124/116 101/122/114 102/123/115
f 102/123/115 104/125/117 103/124/116
f 105/126/118 103/124/116 104/125/117
f 104/125/117 106/127/119 105/126/118
f 107/128/120 105/126/118 106/127/119
f 106/127/119 968/129/121 107/128/120
f 108/130/122 107/128/120 968/129/121
f 968/129/121 109/131/123 108/130/122
f 110/132/124 108/130/122 109/131/123
f 109/131/123 111/133/125 110/132/124
f 112/134/126 110/132/124 111/133/125
f 111/133/125 113/135/127 112/134/126
f 114/136/128 112/134/126 113/135/127
f 113/135/127 115/137/129 114/136/128
f 116/138/130 114/136/128 115/137/129
f 115/137/129 117/139/131 116/138/130
f 118/140/132 116/138/130 117/139/131
f 117/139/131 948/141/133 118/140/132
f 119/142/134 118/140/132 948/141/133
f 948/141/133 946/143/135 119/142/134
f 120/144/136 119/142/134 946/143/135
f 946/143/135 947/145/137 120/144/136
f 121/146/138 120/144/136 947/145/137
f 947/145/137 945/147/139 121/146/138
f 122/148/140 121/146/138 945/147/139
f 945/147/139 123/149/141 122/148/140
f 124/150/142 122/148/140 123/149/141
f 123/149/141 125/151/143 124/150/142
f 126/152/144 124/150/142 125/151/143
f 125/151/143 127/153/145 126/152/144
f 983/154/146 126/152/144 127/153/145
f 127/153/145 980/155/147 983/154/146
f 128/156/148 983/154/146 980/155/147
f 980/155/147 129/157/149 128/156/148
f 130/158/150 128/156/148 129/157/149
f 129/157/149 131/159/151 130/158/150
f 132/160/152 130/158/150 131/159/151
f 131/159/151 133/161/153 132/160/152
f 134/162/154 132/160/152 133/161/153
f 133/161/153 135/163/155 134/162/154
f 136/164/156 134/162/154 135/163/155
f 135/163/155 137/165/157 136/164/156
f 138/166/158 136/164/156 137/165/157
f 137/165/157 139/167/159 138/166/158
f 140/168/160 138/166/158 139/167/159
f 139/167/159 141/169/161 140/168/160
f 142/170/162 140/168/160 141/169/161
f 141/169/161 99/120/112 142/170/162
f 101/122/114 142/170/162 99/120/112
f 143/77/163 144/171/164 145/172/165
f 146/173/166 145/172/165 144/171/164
f 145/172/165 146/173/166 147/174/167
f 148/175/168 147/174/167 146/173/166
f 147/174/167 148/175/168 149/176/169
f 150/177/170 149/176/169 148/175/168
f 149/176/169 150/177/170 151/178/171
f 152/179/172 151/178/171 150/177/170
f 151/178/171 152/179/172 153/180/173
f 154/181/174 153/180/173 152/179/172
f 153/180/173 154/181/174 155/182/175
f 1017/183/176 155/182/175 154/181/174
f 155/182/175 1017/183/176 156/184/177
f 157/185/178 156/184/177 1017/183/176
f 156/184/177 157/185/178 158/186/179
f 159/187/180 158/186/179 157/185/178
f 158/186/179 159/187/180 160/188/181
f 966/189/182 160/188/181 159/187/180
f 160/188/181 966/189/182 967/190/183
f 161/191/184 967/190/183 966/189/182
f 967/190/183 161/191/184 162/192/185
f 971/193/186 162/192/185 161/191/184
f 162/192/185 971/193/186 976/194/187
f 163/195/188 976/194/187 971/193/186
f 976/194/187 163/195/188 164/196/189
f 165/197/190 164/196/189 163/195/188
f 164/196/189 165/197/190 166/198/191
f 167/199/192 166/198/191 165/197/190
f 166/198/191 167/199/192 168/200/193
f 169/201/194 168/200/193 167/199/192
f 168/200/193 169/201/194 170/202/195
f 972/203/196 170/202/195 169/201/194
f 170/202/195 972/203/196 171/204/197
f 949/205/198 171/204/197 972/203/196
f 171/204/197 949/205/198 988/206/199
f 172/207/200 988/206/199 949/205/198
f 988/206/199 172/207/200 173/208/201
f 174/209/202 173/208/201 172/207/200
f 173/208/201 174/209/202 175/210/203
f 176/211/204 175/210/203 174/209/202
f 175/210/203 176/211/204 177/212/205
f 178/213/206 177/212/205 176/211/204
f 177/212/205 178/213/206 179/214/207
f 180/215/208 179/214/207 178/213/206
f 179/214/207 180/215/208 181/216/209
f 182/217/210 181/216/209 180/215/208
f 181/216/209 182/217/210 183/218/211
f 184/219/212 183/218/211 182/217/210
f 183/218/211 184/219/212 185/220/213
f 186/221/214 185/220/213 184/219/212
f 185/220/213 186/221/214 187/222/215
f 188/223/216 187/222/215 186/221/214
f 187/222/215 188/223/216 189/224/217
f 190/225/218 189/224/217 188/223/216
f 189/224/217 190/225/218 191/226/219
f 192/227/220 191/226/219 190/225/218
f 191/226/219 192/227/220 193/228/221
f 194/229/222 193/228/221 192/227/220
f 193/228/221 194/229/222 195/230/223
f 196/231/224 195/230/223 194/229/222
f 195/230/223 196/231/224 197/232/225
f 955/233/226 197/232/225 196/231/224
f 197/232/225 955/233/226 198/234/227
f 199/235/228 198/234/227 955/233/226
f 198/234/227 199/235/228 200/236/229
f 201/237/230 200/236/229 199/235/228
f 200/236/229 201/237/230 202/238/231
f 203/239/232 202/238/231 201/237/230
f 202/238/231 203/239/232 957/240/233
f 204/241/234 957/240/233 203/239/232
f 957/240/233 204/241/234 981/242/235
f 205/243/236 981/242/235 204/241/234
f 981/242/235 205/243/236 206/244/237
f 207/245/238 206/244/237 205/243/236
f 206/244/237 207/245/238 208/246/239
f 209/247/240 208/246/239 207/245/238
f 208/246/239 209/247/240 210/248/241
f 211/249/242 210/248/241 209/247/240
f 210/248/241 211/249/242 212/250/243
f 213/251/244 212/250/243 211/249/242
f 212/250/243 213/251/244 214/252/245
f 215/253/246 214/252/245 213/251/244
f 214/252/245 215/253/246 216/254/247
f 217/255/248 216/254/247 215/253/246
f 216/254/247 217/255/248 218/256/249
f 988/206/199 218/256/249 217/255/248
f 218/256/249 988/206/199 173/208/201
f 211/249/242 219/257/250 213/251/244
f 220/258/251 213/251/244 219/257/250
f 219/257/250 221/259/252 220/258/251
f 222/260/253 220/258/251 221/259/252
f 221/259/252 223/261/254 222/260/253
f 224/262/255 222/260/253 223/261/254
f 223/261/254 1016/263/256 224/262/255
f 1020/264/257 224/262/255 1016/263/256
f 1016/263/256 225/265/258 1020/264/257
f 226/266/259 1020/264/257 225/265/258
f 225/265/258 227/267/260 226/266/259
f 228/268/261 226/266/259 227/267/260
f 227/267/260 936/269/262 228/268/261
f 229/270/263 228/268/261 936/269/262
f 936/269/262 230/271/264 229/270/263
f 231/272/265 229/270/263 230/271/264
f 230/271/264 232/273/266 231/272/265
f 233/274/267 231/272/265 232/273/266
f 232/273/266 234/275/268 233/274/267
f 235/276/269 233/274/267 234/275/268
f 234/275/268 236/277/270 235/276/269
f 237/278/271 235/276/269 236/277/270
f 236/277/270 238/279/272 237/278/271
f 239/280/273 237/278/271 238/279/272
f 238/279/272 240/281/274 239/280/273
f 978/282/275 239/280/273 240/281/274
f 240/281/274 241/283/276 978/282/275
f 242/284/277 978/282/275 241/283/276
f 241/283/276 243/285/278 242/284/277
f 244/286/279 242/284/277 243/285/278
f 243/285/278 245/287/280 244/286/279
f 246/288/281 244/286/279 245/287/280
f 245/287/280 941/289/282 246/288/281
f 247/290/283 246/288/281 941/289/282
f 941/289/282 248/291/284 247/290/283
f 249/292/285 247/290/283 248/291/284
f 248/291/284 250/293/286 249/292/285
f 251/294/287 249/292/285 250/293/286
f 250/293/286 252/295/288 251/294/287
f 253/296/289 251/294/287 252/295/288
f 252/295/288 254/297/290 253/296/289
f 1031/298/291 253/296/289 254/297/290
f 254/297/290 255/299/292 1031/298/291
f 1005/300/293 1031/298/291 255/299/292
f 255/299/292 256/301/294 1005/300/293
f 257/302/295 1005/300/293 256/301/294
f 256/301/294 258/303/296 257/302/295
f 259/304/297 257/302/295 258/303/296
f 258/303/296 260/305/298 259/304/297
f 261/306/299 259/304/297 260/305/298
f 260/305/298 262/307/300 261/306/299
f 263/308/301 264/309/302 265/310/303
f 266/311/304 265/310/303 264/309/302
f 264/309/302 267/312/305 266/311/304
f 268/313/306 266/311/304 267/312/305
f 267/312/305 269/314/307 268/313/306
f 270/315/308 268/313/306 269/314/307
f 269/314/307 271/316/309 270/315/308
f 272/317/310 270/315/308 271/316/309
f 271/316/309 273/318/311 272/317/310
f 274/319/312 272/317/310 273/318/311
f 273/318/311 275/320/313 274/319/312
f 276/321/314 274/319/312 275/320/313
f 275/320/313 277/322/315 276/321/314
f 278/323/316 276/321/314 277/322/315
f 277/322/315 279/324/317 278/323/316
f 280/325/318 278/323/316 279/324/317
f 279/324/317 281/326/319 280/325/318
f 282/327/320 280/325/318 281/326/319
f 281/326/319 283/328/321 282/327/320
f 284/329/322 282/327/320 283/328/321
f 283/328/321 285/330/323 284/329/322
f 286/331/324 284/329/322 285/330/323
f 285/330/323 287/332/325 286/331/324
f 288/333/326 286/331/324 287/332/325
f 287/332/325 289/334/327 288/333/326
f 290/335/328 288/333/326 289/334/327
f 289/334/327 291/336/329 290/335/328
f 292/337/330 290/335/328 291/336/329
f 291/336/329 236/277/270 292/337/330
f 293/338/331 292/337/330 236/277/270
f 236/277/270 294/339/332 293/338/331
f 295/340/333 293/338/331 294/339/332
f 294/339/332 296/341/334 295/340/333
f 297/342/335 295/340/333 296/341/334
f 296/341/334 298/343/336 297/342/335
f 299/344/337 297/342/335 298/343/336
f 298/343/336 300/345/338 299/344/337
f 301/346/339 299/344/337 300/345/338
f 300/345/338 302/347/340 301/346/339
f 303/348/341 301/346/339 302/347/340
f 302/347/340 304/349/342 303/348/341
f 305/350/343 303/348/341 304/349/342
f 304/349/342 306/351/344 305/350/343
f 307/352/345 305/350/343 306/351/344
f 306/351/344 308/353/346 307/352/345
f 309/354/347 307/352/345 308/353/346
f 308/353/346 310/355/348 309/354/347
f 311/356/349 309/354/347 310/355/348
f 310/355/348 312/357/350 311/356/349
f 313/358/351 311/356/349 312/357/350
f 312/357/350 314/359/352 313/358/351
f 315/360/353 313/358/351 314/359/352
f 314/359/352 274/319/312 315/360/353
f 276/321/314 315/360/353 274/319/312
f 946/143/135 948/141/133 316/361/354
f 317/362/355 316/361/354 948/141/133
f 316/361/354 317/362/355 318/363/356
f 319/364/357 318/363/356 317/362/355
f 318/363/356 319/364/357 320/365/358
f 321/366/359 320/365/358 319/364/357
f 320/365/358 321/366/359 322/367/360
f 323/368/361 322/367/360 321/366/359
f 322/367/360 323/368/361 324/369/362
f 325/370/363 324/369/362 323/368/361
f 324/369/362 325/370/363 326/371/364
f 327/372/365 326/371/364 325/370/363
f 326/371/364 327/372/365 328/373/366
f 329/374/367 328/373/366 327/372/365
f 328/373/366 329/374/367 330/375/368
f 331/376/369 330/375/368 329/374/367
f 330/375/368 331/376/369 332/377/370
f 333/378/371 332/377/370 331/376/369
f 332/377/370 333/378/371 334/379/372
f 335/380/373 334/379/372 333/378/371
f 334/379/372 335/380/373 336/381/374
f 337/382/375 336/381/374 335/380/373
f 336/381/374 337/382/375 338/383/376
f 339/384/377 338/383/376 337/382/375
f 338/383/376 339/384/377 340/385/378
f 341/386/379 340/385/378 339/384/377
f 340/385/378 341/386/379 342/387/380
f 343/388/381 342/387/380 341/386/379
f 342/387/380 343/388/381 344/389/382
f 345/390/383 344/389/382 343/388/381
f 344/389/382 345/390/383 346/391/384
f 347/392/385 346/391/384 345/390/383
f 346/391/384 347/392/385 348/393/386
f 349/394/387 348/393/386 347/392/385
f 348/393/386 349/394/387 350/395/388
f 351/396/389 350/395/388 349/394/387
f 350/395/388 351/396/389 352/397/390
f 353/398/391 352/397/390 351/396/389
f 352/397/390 353/398/391 354/399/392
f 355/400/393 354/399/392 353/398/391
f 354/399/392 355/400/393 356/401/394
f 357/402/395 356/401/394 355/400/393
f 356/401/394 357/402/395 358/403/396
f 359/404/397 358/403/396 357/402/395
f 358/403/396 359/404/397 360/405/398
f 361/406/399 360/405/398 359/404/397
f 360/405/398 361/406/399 362/407/400
f 363/408/401 362/407/400 361/406/399
f 362/407/400 363/408/401 364/409/402
f 365/410/403 364/409/402 363/408/401
f 364/409/402 365/410/403 366/411/404
f 367/412/405 366/411/404 365/410/403
f 366/411/404 367/412/405 368/413/406
f 369/414/407 368/413/406 367/412/405
f 368/413/406 369/414/407 370/415/408
f 328/373/366 370/415/408 369/414/407
f 370/415/408 328/373/366 330/375/368
f 371/416/409 372/417/410 373/418/411
f 374/419/412 373/418/411 372/417/410
f 375/420/413 376/421/414 377/422/415
f 378/423/416 377/422/415 376/421/414
f 377/422/415 378/423/416 379/424/417
f 380/425/418 379/424/417 378/423/416
f 381/426/419 382/427/420 1002/428/421
f 383/429/422 1002/428/421 382/427/420
f 382/427/420 384/430/423 383/429/422
f 262/307/300 383/429/422 384/430/423
f 385/431/424 386/432/425 387/433/426
f 388/434/427 387/433/426 386/432/425
f 387/433/426 388/434/427 389/435/428
f 390/436/429 389/435/428 388/434/427
f 229/270/263 391/437/430 228/268/261
f 392/438/431 228/268/261 391/437/430
f 391/437/430 393/439/432 392/438/431
f 1000/440/433 392/438/431 393/439/432
f 965/441/434 698/442/435 394/443/436
f 395/444/437 394/443/436 698/442/435
f 394/443/436 395/444/437 1027/445/438
f 829/446/439 1027/445/438 395/444/437
f 396/447/440 394/443/436 397/448/441
f 402/449/442 397/448/441 394/443/436
f 394/443/436 1027/445/438 402/449/442
f 829/446/439 402/449/442 1027/445/438
f 398/450/443 399/451/444 400/452/445
f 401/453/446 400/452/445 399/451/444
f 400/452/445 401/453/446 402/454/442
f 397/455/441 402/454/442 401/453/446
f 367/412/405 403/456/447 369/414/407
f 326/371/364 369/414/407 403/456/447
f 403/456/447 404/457/448 326/371/364
f 324/369/362 326/371/364 404/457/448
f 977/458/449 405/459/450 406/460/451
f 407/461/452 406/460/451 405/459/450
f 405/459/450 408/462/453 407/461/452
f 409/463/454 407/461/452 408/462/453
f 87/105/97 410/464/455 89/107/99
f 411/465/456 89/107/99 410/464/455
f 89/107/99 411/465/456 91/109/101
f 93/111/103 91/109/101 411/465/456
f 946/143/135 316/361/354 947/145/137
f 945/147/139 947/145/137 316/361/354
f 316/361/354 961/466/457 945/147/139
f 123/149/141 945/147/139 961/466/457
f 412/467/458 413/468/459 414/469/460
f 415/470/461 414/469/460 413/468/459
f 413/468/459 416/471/462 415/470/461
f 417/472/463 415/470/461 416/471/462
f 122/148/140 124/150/142 418/473/464
f 419/474/465 418/473/464 124/150/142
f 418/473/464 419/474/465 420/475/466
f 950/476/467 420/475/466 419/474/465
f 421/477/468 422/478/469 423/479/470
f 424/480/471 423/479/470 422/478/469
f 423/479/470 424/480/471 323/368/361
f 325/370/363 323/368/361 424/480/471
f 425/481/472 426/482/473 427/483/474
f 428/484/475 427/483/474 426/482/473
f 427/483/474 428/484/475 429/485/476
f 430/486/477 429/485/476 428/484/475
f 959/487/478 431/488/479 935/489/480
f 432/490/481 935/489/480 431/488/479
f 935/489/480 432/490/481 433/491/482
f 434/492/483 433/491/482 432/490/481
f 435/493/484 436/494/485 999/495/486
f 437/496/487 999/495/486 436/494/485
f 999/495/486 437/496/487 438/497/488
f 439/498/489 438/497/488 437/496/487
f 440/499/490 441/500/491 442/501/492
f 443/502/493 442/501/492 441/500/491
f 441/500/491 444/503/494 443/502/493
f 989/504/495 443/502/493 444/503/494
f 159/187/180 445/505/496 966/189/182
f 446/506/497 966/189/182 445/505/496
f 447/507/498 448/508/499 449/509/500
f 113/135/127 449/509/500 448/508/499
f 449/509/500 113/135/127 450/510/501
f 111/133/125 450/510/501 113/135/127
f 450/510/501 111/133/125 451/511/502
f 109/131/123 451/511/502 111/133/125
f 451/511/502 109/131/123 452/512/503
f 453/513/504 452/512/503 109/131/123
f 452/512/503 453/513/504 954/514/505
f 975/515/506 954/514/505 453/513/504
f 502/516/507 504/517/508 454/518/509
f 778/519/510 454/518/509 504/517/508
f 454/518/509 778/519/510 455/520/511
f 991/521/512 455/520/511 778/519/510
f 455/520/511 991/521/512 456/522/513
f 953/523/514 456/522/513 991/521/512
f 456/522/513 953/523/514 457/524/515
f 458/525/516 457/524/515 953/523/514
f 457/524/515 458/525/516 459/526/517
f 992/527/518 459/526/517 458/525/516
f 459/526/517 992/527/518 460/528/519
f 461/529/520 460/528/519 992/527/518
f 460/528/519 461/529/520 715/530/521
f 462/531/522 715/530/521 461/529/520
f 715/530/521 462/531/522 756/532/523
f 458/525/516 756/532/523 462/531/522
f 756/532/523 458/525/516 463/533/524
f 953/523/514 463/533/524 458/525/516
f 218/256/249 173/208/201 210/248/241
f 175/210/203 210/248/241 173/208/201
f 210/248/241 175/210/203 208/246/239
f 177/212/205 208/246/239 175/210/203
f 208/246/239 177/212/205 206/244/237
f 179/214/207 206/244/237 177/212/205
f 206/244/237 179/214/207 981/242/235
f 464/534/525 981/242/235 179/214/207
f 981/242/235 464/534/525 465/535/526
f 466/536/527 465/535/526 464/534/525
f 465/535/526 466/536/527 467/537/528
f 468/538/529 467/537/528 466/536/527
f 467/537/528 468/538/529 469/539/530
f 470/540/531 469/539/530 468/538/529
f 469/539/530 470/540/531 471/541/532
f 472/542/533 471/541/532 470/540/531
f 471/541/532 472/542/533 994/543/534
f 270/315/308 473/544/535 268/313/306
f 474/545/536 268/313/306 473/544/535
f 473/544/535 475/546/537 474/545/536
f 476/547/538 474/545/536 475/546/537
f 475/546/537 312/357/350 476/547/538
f 477/548/539 476/547/538 312/357/350
f 312/357/350 310/355/348 477/548/539
f 478/549/540 477/548/539 310/355/348
f 310/355/348 308/353/346 478/549/540
f 479/550/541 478/549/540 308/353/346
f 308/353/346 306/351/344 479/550/541
f 480/551/542 479/550/541 306/351/344
f 306/351/344 304/349/342 480/551/542
f 481/552/543 480/551/542 304/349/342
f 304/349/342 995/553/544 481/552/543
f 1016/263/256 481/552/543 995/553/544
f 995/553/544 225/265/258 1016/263/256
f 142/170/162 101/122/114 134/162/154
f 103/124/116 134/162/154 101/122/114
f 134/162/154 103/124/116 132/160/152
f 105/126/118 132/160/152 103/124/116
f 132/160/152 105/126/118 130/158/150
f 107/128/120 130/158/150 105/126/118
f 130/158/150 107/128/120 128/156/148
f 482/554/545 128/156/148 107/128/120
f 128/156/148 482/554/545 417/472/463
f 483/555/546 417/472/463 482/554/545
f 417/472/463 483/555/546 415/470/461
f 484/556/547 415/470/461 483/555/546
f 415/470/461 484/556/547 414/469/460
f 485/557/548 414/469/460 484/556/547
f 414/469/460 485/557/548 412/467/458
f 486/558/549 412/467/458 485/557/548
f 412/467/458 486/558/549 987/559/550
f 324/369/362 404/457/448 322/367/360
f 487/560/551 322/367/360 404/457/448
f 404/457/448 403/456/447 487/560/551
f 488/561/552 487/560/551 403/456/447
f 403/456/447 367/412/405 488/561/552
f 489/562/553 488/561/552 367/412/405
f 367/412/405 365/410/403 489/562/553
f 490/563/554 489/562/553 365/410/403
f 365/410/403 363/408/401 490/563/554
f 491/564/555 490/563/554 363/408/401
f 363/408/401 361/406/399 491/564/555
f 492/565/556 491/564/555 361/406/399
f 361/406/399 359/404/397 492/565/556
f 493/566/557 492/565/556 359/404/397
f 359/404/397 494/567/558 493/566/557
f 1006/568/559 493/566/557 494/567/558
f 494/567/558 495/569/560 1006/568/559
f 221/259/252 496/570/561 223/261/254
f 497/571/562 223/261/254 496/570/561
f 496/570/561 205/243/236 497/571/562
f 498/572/563 497/571/562 205/243/236
f 205/243/236 204/241/234 498/572/563
f 996/573/564 498/572/563 204/241/234
f 135/163/155 133/161/153 499/574/565
f 131/159/151 499/574/565 133/161/153
f 499/574/565 131/159/151 129/157/149
f 136/164/156 138/166/158 134/162/154
f 142/170/162 134/162/154 138/166/158
f 138/166/158 140/168/160 142/170/162
f 122/148/140 418/473/464 121/146/138
f 500/575/566 121/146/138 418/473/464
f 418/473/464 420/475/466 500/575/566
f 997/576/567 501/577/568 993/578/569
f 126/152/144 993/578/569 501/577/568
f 993/578/569 126/152/144 983/154/146
f 502/579/507 503/580/570 504/581/508
f 505/582/571 504/581/508 503/580/570
f 504/581/508 505/582/571 506/583/572
f 71/85/76 507/584/573 73/87/79
f 75/89/81 73/87/79 507/584/573
f 507/584/573 77/91/83 75/89/81
f 95/113/105 93/111/103 508/585/574
f 411/465/456 508/585/574 93/111/103
f 508/585/574 411/465/456 509/586/575
f 320/365/358 510/587/576 318/363/356
f 511/588/577 318/363/356 510/587/576
f 510/587/576 512/589/578 511/588/577
f 109/131/123 968/129/121 453/513/504
f 975/515/506 453/513/504 968/129/121
f 968/129/121 106/127/119 975/515/506
f 959/487/478 935/489/480 513/590/579
f 514/591/580 513/590/579 935/489/480
f 935/489/480 515/592/581 514/591/580
f 440/499/490 516/593/582 441/500/491
f 517/594/583 441/500/491 516/593/582
f 441/500/491 517/594/583 444/503/494
f 1001/595/584 518/596/585 519/597/586
f 520/598/587 519/597/586 518/596/585
f 518/596/585 521/599/588 520/598/587
f 522/600/589 523/601/590 524/602/591
f 525/603/592 524/602/591 523/601/590
f 523/601/590 526/604/593 525/603/592
f 343/388/381 527/605/594 345/390/383
f 528/606/595 345/390/383 527/605/594
f 527/605/594 529/607/596 528/606/595
f 159/187/180 157/185/178 445/505/496
f 1017/183/176 445/505/496 157/185/178
f 147/174/167 530/608/597 145/172/165
f 143/77/163 145/172/165 530/608/597
f 211/249/242 496/570/561 219/257/250
f 221/259/252 219/257/250 496/570/561
f 531/609/598 532/610/599 533/611/600
f 867/612/601 533/611/600 532/610/599
f 1017/183/176 154/181/174 534/613/602
f 152/179/172 534/613/602 154/181/174
f 1003/614/603 535/615/604 1004/616/605
f 536/617/606 1004/616/605 535/615/604
f 537/618/607 538/619/608 539/620/609
f 540/621/610 539/620/609 538/619/608
f 267/312/305 264/309/302 541/622/611
f 542/623/612 541/622/611 264/309/302
f 944/624/613 543/625/614 544/626/615
f 545/627/616 544/626/615 543/625/614
f 546/628/617 547/629/618 548/630/619
f 549/631/620 548/630/619 547/629/618
f 1007/632/621 550/633/622 551/634/623
f 552/635/624 551/634/623 550/633/622
f 267/312/305 553/636/625 269/314/307
f 554/637/626 269/314/307 553/636/625
f 555/638/627 556/639/628 557/640/629
f 558/641/630 557/640/629 556/639/628
f 375/420/413 559/642/631 560/643/632
f 561/82/633 560/643/632 559/642/631
f 558/641/630 562/644/634 563/645/635
f 564/646/636 563/645/635 562/644/634
f 565/647/637 854/648/638 965/441/434
f 566/649/639 965/441/434 854/648/638
f 1009/650/640 567/651/641 568/652/642
f 569/653/643 568/652/642 567/651/641
f 294/339/332 1010/654/644 296/341/334
f 298/343/336 296/341/334 1010/654/644
f 960/655/645 939/656/646 570/657/647
f 571/658/648 570/657/647 939/656/646
f 572/659/649 573/660/650 574/661/651
f 575/662/652 574/661/651 573/660/650
f 938/663/653 576/664/654 973/665/655
f 577/666/656 973/665/655 576/664/654
f 287/332/325 285/330/323 578/667/657
f 283/328/321 578/667/657 285/330/323
f 85/101/93 958/99/91 579/668/658
f 982/97/89 579/668/658 958/99/91
f 74/88/80 580/669/659 72/86/78
f 984/80/77 72/86/78 580/669/659
f 135/163/155 499/574/565 581/670/660
f 582/671/661 581/670/660 499/574/565
f 583/672/662 584/673/663 585/674/664
f 586/675/665 585/674/664 584/673/663
f 982/97/89 81/95/87 587/676/666
f 79/93/85 587/676/666 81/95/87
f 458/525/516 462/531/522 992/527/518
f 461/529/520 992/527/518 462/531/522
f 588/677/667 589/678/668 590/679/669
f 591/680/670 590/679/669 589/678/668
f 321/366/359 319/364/357 448/508/499
f 1011/681/671 448/508/499 319/364/357
f 975/515/506 592/682/672 954/514/505
f 593/683/673 954/514/505 592/682/672
f 594/684/674 595/685/675 596/686/676
f 597/687/677 596/686/676 595/685/675
f 455/520/511 1012/688/678 454/518/509
f 598/689/679 454/518/509 1012/688/678
f 425/481/472 599/690/680 600/691/681
f 990/83/682 600/691/681 599/690/680
f 349/394/387 1013/692/683 351/396/389
f 353/398/391 351/396/389 1013/692/683
f 601/693/684 602/694/685 603/695/686
f 1014/696/687 603/695/686 602/694/685
f 1014/696/687 602/694/685 604/697/688
f 605/698/689 604/697/688 602/694/685
f 606/699/690 607/700/691 608/701/692
f 609/702/693 608/701/692 607/700/691
f 610/703/694 611/704/695 967/190/183
f 612/705/696 311/356/349 313/358/351
f 204/241/234 203/239/232 996/573/564
f 537/618/607 996/573/564 203/239/232
f 203/239/232 613/706/697 537/618/607
f 538/619/608 537/618/607 613/706/697
f 613/706/697 614/707/698 538/619/608
f 540/621/610 538/619/608 614/707/698
f 614/707/698 615/708/699 540/621/610
f 474/545/536 540/621/610 615/708/699
f 615/708/699 266/311/304 474/545/536
f 268/313/306 474/545/536 266/311/304
f 582/671/661 499/574/565 616/709/700
f 617/710/701 616/709/700 499/574/565
f 499/574/565 129/157/149 617/710/701
f 618/711/702 617/710/701 129/157/149
f 129/157/149 980/155/147 618/711/702
f 619/712/703 618/711/702 980/155/147
f 980/155/147 127/153/145 619/712/703
f 588/677/667 619/712/703 127/153/145
f 127/153/145 620/713/704 588/677/667
f 589/678/668 588/677/667 620/713/704
f 620/713/704 512/589/578 589/678/668
f 591/680/670 589/678/668 512/589/578
f 512/589/578 510/587/576 591/680/670
f 487/560/551 591/680/670 510/587/576
f 510/587/576 320/365/358 487/560/551
f 322/367/360 487/560/551 320/365/358
f 960/655/645 621/714/705 939/656/646
f 622/715/706 939/656/646 621/714/705
f 621/714/705 245/287/280 622/715/706
f 623/716/707 622/715/706 245/287/280
f 245/287/280 243/285/278 623/716/707
f 624/717/708 623/716/707 243/285/278
f 243/285/278 241/283/276 624/717/708
f 625/718/709 624/717/708 241/283/276
f 241/283/276 291/336/329 625/718/709
f 626/719/710 625/718/709 291/336/329
f 291/336/329 289/334/327 626/719/710
f 627/720/711 626/719/710 289/334/327
f 289/334/327 628/721/712 627/720/711
f 397/455/441 627/720/711 628/721/712
f 628/721/712 396/722/440 397/455/441
f 629/723/713 630/724/714 631/725/715
f 632/726/716 631/725/715 630/724/714
f 631/725/715 632/726/716 609/702/693
f 633/727/717 609/702/693 632/726/716
f 609/702/693 633/727/717 608/701/692
f 634/728/718 608/701/692 633/727/717
f 608/701/692 634/728/718 606/699/690
f 635/729/719 606/699/690 634/728/718
f 606/699/690 635/729/719 636/730/720
f 601/693/684 636/730/720 635/729/719
f 636/730/720 601/693/684 637/731/721
f 603/695/686 637/731/721 601/693/684
f 637/731/721 603/695/686 969/732/722
f 1014/696/687 969/732/722 603/695/686
f 969/732/722 1014/696/687 638/733/723
f 629/723/713 631/725/715 639/734/724
f 640/735/725 639/734/724 631/725/715
f 631/725/715 609/702/693 640/735/725
f 641/736/726 640/735/725 609/702/693
f 609/702/693 607/700/691 641/736/726
f 642/737/727 641/736/726 607/700/691
f 607/700/691 643/738/728 642/737/727
f 529/607/596 642/737/727 643/738/728
f 643/738/728 644/739/729 529/607/596
f 528/606/595 529/607/596 644/739/729
f 644/739/729 645/740/730 528/606/595
f 345/390/383 528/606/595 645/740/730
f 645/740/730 646/741/731 345/390/383
f 647/742/732 345/390/383 646/741/731
f 852/743/733 648/744/734 373/418/411
f 649/745/735 373/418/411 648/744/734
f 373/418/411 649/745/735 371/416/409
f 650/746/736 371/416/409 649/745/735
f 371/416/409 650/746/736 144/171/164
f 651/747/737 144/171/164 650/746/736
f 144/171/164 651/747/737 652/748/738
f 653/749/739 652/748/738 651/747/737
f 652/748/738 653/749/739 150/177/170
f 654/750/740 150/177/170 653/749/739
f 150/177/170 654/750/740 152/179/172
f 655/751/741 152/179/172 654/750/740
f 152/179/172 655/751/741 534/613/602
f 953/752/514 991/753/512 656/754/742
f 657/755/743 656/754/742 991/753/512
f 656/754/742 657/755/743 658/756/744
f 659/757/745 658/756/744 657/755/743
f 658/756/744 659/757/745 71/85/76
f 660/758/746 71/85/76 659/757/745
f 71/85/76 660/758/746 507/584/573
f 661/759/747 507/584/573 660/758/746
f 507/584/573 661/759/747 77/91/83
f 662/760/748 77/91/83 661/759/747
f 77/91/83 662/760/748 79/93/85
f 663/761/749 79/93/85 662/760/748
f 79/93/85 663/761/749 587/676/666
f 309/354/347 311/356/349 664/762/750
f 612/705/696 664/762/750 311/356/349
f 664/762/750 612/705/696 665/763/751
f 666/764/752 665/763/751 612/705/696
f 158/186/179 667/765/753 156/184/177
f 668/766/754 156/184/177 667/765/753
f 156/184/177 668/766/754 155/182/175
f 669/767/755 155/182/175 668/766/754
f 155/182/175 669/767/755 153/180/173
f 151/178/171 153/180/173 669/767/755
f 498/572/563 996/573/564 479/550/541
f 537/618/607 479/550/541 996/573/564
f 479/550/541 537/618/607 478/549/540
f 539/620/609 478/549/540 537/618/607
f 478/549/540 539/620/609 477/548/539
f 540/621/610 477/548/539 539/620/609
f 477/548/539 540/621/610 476/547/538
f 474/545/536 476/547/538 540/621/610
f 164/196/189 166/198/191 670/768/756
f 168/200/193 670/768/756 166/198/191
f 670/768/756 168/200/193 820/769/757
f 170/202/195 820/769/757 168/200/193
f 820/769/757 170/202/195 671/770/758
f 171/204/197 671/770/758 170/202/195
f 671/770/758 171/204/197 1019/771/759
f 217/255/248 1019/771/759 171/204/197
f 234/275/268 232/273/266 294/339/332
f 230/271/264 294/339/332 232/273/266
f 294/339/332 230/271/264 1010/654/644
f 936/269/262 1010/654/644 230/271/264
f 1010/654/644 936/269/262 298/343/336
f 672/772/760 298/343/336 936/269/262
f 298/343/336 672/772/760 300/345/338
f 302/347/340 300/345/338 672/772/760
f 673/773/761 674/774/762 396/447/440
f 965/441/434 396/447/440 674/774/762
f 674/774/762 675/775/763 965/441/434
f 565/647/637 965/441/434 675/775/763
f 675/775/763 676/776/764 565/647/637
f 853/777/765 565/647/637 676/776/764
f 676/776/764 677/778/766 853/777/765
f 828/779/767 853/777/765 677/778/766
f 678/780/768 679/781/769 84/100/92
f 680/782/770 84/100/92 679/781/769
f 84/100/92 680/782/770 83/98/90
f 681/783/771 83/98/90 680/782/770
f 83/98/90 681/783/771 82/96/88
f 682/784/772 82/96/88 681/783/771
f 82/96/88 682/784/772 80/94/86
f 78/92/84 80/94/86 682/784/772
f 618/711/702 619/712/703 491/564/555
f 588/677/667 491/564/555 619/712/703
f 491/564/555 588/677/667 490/563/554
f 590/679/669 490/563/554 588/677/667
f 490/563/554 590/679/669 489/562/553
f 591/680/670 489/562/553 590/679/669
f 489/562/553 591/680/670 488/561/552
f 487/560/551 488/561/552 591/680/670
f 92/110/102 94/112/104 409/463/454
f 96/114/106 409/463/454 94/112/104
f 409/463/454 96/114/106 407/785/452
f 98/116/108 407/785/452 96/114/106
f 407/785/452 98/116/108 406/786/451
f 940/118/110 406/786/451 98/116/108
f 406/786/451 940/118/110 683/787/773
f 141/169/161 683/787/773 940/118/110
f 1021/788/774 998/789/775 349/394/387
f 1022/790/776 349/394/387 998/789/775
f 349/394/387 1022/790/776 1013/692/683
f 1015/791/777 1013/692/683 1022/790/776
f 1013/692/683 1015/791/777 353/398/391
f 684/792/778 353/398/391 1015/791/777
f 353/398/391 684/792/778 355/400/393
f 357/402/395 355/400/393 684/792/778
f 471/541/532 994/543/534 1023/793/779
f 1018/794/780 1023/793/779 994/543/534
f 1023/793/779 1018/794/780 685/795/781
f 1024/796/782 685/795/781 1018/794/780
f 685/795/781 1024/796/782 465/535/526
f 957/240/233 465/535/526 1024/796/782
f 465/535/526 957/240/233 981/242/235
f 841/797/783 551/634/623 1025/798/784
f 552/635/624 1025/798/784 551/634/623
f 1025/798/784 552/635/624 686/799/785
f 550/633/622 686/799/785 552/635/624
f 686/799/785 550/633/622 687/800/786
f 1007/632/621 687/800/786 550/633/622
f 687/800/786 1007/632/621 688/801/787
f 972/203/196 169/201/194 545/627/616
f 544/626/615 545/627/616 169/201/194
f 169/201/194 167/199/192 544/626/615
f 689/802/788 544/626/615 167/199/192
f 167/199/192 690/803/789 689/802/788
f 691/804/790 689/802/788 690/803/789
f 690/803/789 692/805/791 691/804/790
f 972/203/196 693/806/792 949/205/198
f 172/207/200 949/205/198 693/806/792
f 693/806/792 694/807/793 172/207/200
f 174/209/202 172/207/200 694/807/793
f 694/807/793 695/808/794 174/209/202
f 176/211/204 174/209/202 695/808/794
f 695/808/794 178/213/206 176/211/204
f 265/310/303 696/809/795 697/810/796
f 1026/811/797 697/810/796 696/809/795
f 696/809/795 614/707/698 1026/811/797
f 199/235/228 1026/811/797 614/707/698
f 614/707/698 613/706/697 199/235/228
f 201/237/230 199/235/228 613/706/697
f 613/706/697 203/239/232 201/237/230
f 385/431/424 387/433/426 1028/812/798
f 1029/813/799 1028/812/798 387/433/426
f 387/433/426 389/435/428 1029/813/799
f 951/814/800 1029/813/799 389/435/428
f 389/435/428 390/436/429 951/814/800
f 1020/264/257 951/814/800 390/436/429
f 390/436/429 224/262/255 1020/264/257
f 698/815/435 937/816/801 576/664/654
f 577/666/656 576/664/654 937/816/801
f 937/816/801 699/817/802 577/666/656
f 973/665/655 577/666/656 699/817/802
f 699/817/802 700/818/803 973/665/655
f 938/663/653 973/665/655 700/818/803
f 700/818/803 1030/819/804 938/663/653
f 256/301/294 571/658/648 258/303/296
f 939/656/646 258/303/296 571/658/648
f 258/303/296 939/656/646 260/305/298
f 701/820/805 260/305/298 939/656/646
f 260/305/298 701/820/805 702/821/806
f 703/822/807 702/821/806 701/820/805
f 702/821/806 703/822/807 704/823/808
f 256/301/294 255/299/292 705/824/809
f 254/297/290 705/824/809 255/299/292
f 705/824/809 254/297/290 706/825/810
f 252/295/288 706/825/810 254/297/290
f 706/825/810 252/295/288 707/826/811
f 250/293/286 707/826/811 252/295/288
f 707/826/811 250/293/286 248/291/284
f 331/376/369 708/827/812 333/378/371
f 335/380/373 333/378/371 708/827/812
f 708/827/812 709/828/813 335/380/373
f 337/382/375 335/380/373 709/828/813
f 709/828/813 710/829/814 337/382/375
f 711/830/815 337/382/375 710/829/814
f 710/829/814 712/831/816 711/830/815
f 412/467/458 987/559/550 413/468/459
f 997/576/567 413/468/459 987/559/550
f 413/468/459 997/576/567 416/471/462
f 993/578/569 416/471/462 997/576/567
f 416/471/462 993/578/569 417/472/463
f 983/154/146 417/472/463 993/578/569
f 417/472/463 983/154/146 128/156/148
f 713/832/817 714/833/818 715/834/521
f 421/477/468 715/834/521 714/833/818
f 715/834/521 421/477/468 716/835/819
f 423/479/470 716/835/819 421/477/468
f 716/835/819 423/479/470 717/836/820
f 323/368/361 717/836/820 423/479/470
f 717/836/820 323/368/361 321/366/359
f 502/516/507 454/518/509 460/528/519
f 598/689/679 460/528/519 454/518/509
f 460/528/519 598/689/679 459/526/517
f 1012/688/678 459/526/517 598/689/679
f 459/526/517 1012/688/678 457/524/515
f 455/520/511 457/524/515 1012/688/678
f 457/524/515 455/520/511 456/522/513
f 963/117/109 97/115/107 593/683/673
f 954/514/505 593/683/673 97/115/107
f 97/115/107 95/113/105 954/514/505
f 718/837/821 954/514/505 95/113/105
f 95/113/105 508/585/574 718/837/821
f 719/838/822 718/837/821 508/585/574
f 508/585/574 509/586/575 719/838/822
f 963/117/109 720/839/823 964/119/111
f 100/121/113 964/119/111 720/839/823
f 720/839/823 721/840/824 100/121/113
f 102/123/115 100/121/113 721/840/824
f 721/840/824 722/841/825 102/123/115
f 104/125/117 102/123/115 722/841/825
f 722/841/825 106/127/119 104/125/117
f 318/363/356 511/588/577 316/361/354
f 961/466/457 316/361/354 511/588/577
f 511/588/577 512/589/578 961/466/457
f 123/149/141 961/466/457 512/589/578
f 512/589/578 620/713/704 123/149/141
f 125/151/143 123/149/141 620/713/704
f 620/713/704 127/153/145 125/151/143
f 435/493/484 999/495/486 1032/842/826
f 1001/595/584 1032/842/826 999/495/486
f 999/495/486 438/497/488 1001/595/584
f 518/596/585 1001/595/584 438/497/488
f 438/497/488 439/498/489 518/596/585
f 521/599/588 518/596/585 439/498/489
f 439/498/489 723/843/827 521/599/588
f 724/844/828 605/698/689 725/845/829
f 602/694/685 725/845/829 605/698/689
f 725/845/829 602/694/685 726/846/830
f 727/847/831 726/846/830 602/694/685
f 726/846/830 727/847/831 728/848/832
f 729/849/833 728/848/832 727/847/831
f 728/848/832 729/849/833 730/850/834
f 724/844/828 985/851/835 731/852/836
f 732/853/837 731/852/836 985/851/835
f 731/852/836 732/853/837 733/854/838
f 734/855/839 733/854/838 732/853/837
f 733/854/838 734/855/839 735/856/840
f 736/857/841 735/856/840 734/855/839
f 735/856/840 736/857/841 638/733/723
f 967/190/183 162/192/185 610/703/694
f 737/858/842 610/703/694 162/192/185
f 610/703/694 737/858/842 611/704/695
f 738/859/843 611/704/695 737/858/842
f 611/704/695 738/859/843 739/860/844
f 740/861/845 739/860/844 738/859/843
f 307/352/345 309/354/347 305/350/343
f 664/762/750 305/350/343 309/354/347
f 305/350/343 664/762/750 303/348/341
f 665/763/751 303/348/341 664/762/750
f 303/348/341 665/763/751 301/346/339
f 299/344/337 301/346/339 665/763/751
f 741/862/846 742/863/847 974/864/848
f 852/743/733 974/864/848 742/863/847
f 974/864/848 852/743/733 743/865/849
f 373/418/411 743/865/849 852/743/733
f 743/865/849 373/418/411 744/866/850
f 374/419/412 744/866/850 373/418/411
f 972/203/196 545/627/616 693/806/792
f 694/807/793 693/806/792 545/627/616
f 545/627/616 543/625/614 694/807/793
f 695/808/794 694/807/793 543/625/614
f 543/625/614 944/624/613 695/808/794
f 178/213/206 695/808/794 944/624/613
f 256/301/294 705/824/809 571/658/648
f 706/825/810 571/658/648 705/824/809
f 571/658/648 706/825/810 570/657/647
f 707/826/811 570/657/647 706/825/810
f 570/657/647 707/826/811 960/655/645
f 248/291/284 960/655/645 707/826/811
f 396/722/440 628/721/712 673/867/761
f 745/868/851 673/867/761 628/721/712
f 673/867/761 745/868/851 746/869/852
f 747/870/853 746/869/852 745/868/851
f 746/869/852 747/870/853 748/871/854
f 749/872/855 748/871/854 747/870/853
f 952/104/96 88/106/98 750/873/856
f 751/874/857 750/873/856 88/106/98
f 750/873/856 751/874/857 752/875/858
f 1008/876/859 752/875/858 751/874/857
f 752/875/858 1008/876/859 942/877/860
f 753/878/861 942/877/860 1008/876/859
f 362/407/400 364/409/402 360/405/398
f 754/879/862 360/405/398 364/409/402
f 360/405/398 754/879/862 358/403/396
f 755/880/863 358/403/396 754/879/862
f 358/403/396 755/880/863 356/401/394
f 354/399/392 356/401/394 755/880/863
f 756/881/523 463/882/524 715/834/521
f 953/752/514 715/834/521 463/882/524
f 715/834/521 953/752/514 713/832/817
f 656/754/742 713/832/817 953/752/514
f 713/832/817 656/754/742 757/883/864
f 758/884/865 757/883/864 656/754/742
f 963/117/109 593/683/673 720/839/823
f 721/840/824 720/839/823 593/683/673
f 593/683/673 592/682/672 721/840/824
f 722/841/825 721/840/824 592/682/672
f 592/682/672 975/515/506 722/841/825
f 106/127/119 722/841/825 975/515/506
f 889/885/866 233/274/267 759/886/867
f 235/276/269 759/886/867 233/274/267
f 759/886/867 235/276/269 760/887/868
f 237/278/271 760/887/868 235/276/269
f 760/887/868 237/278/271 761/888/869
f 239/280/273 761/888/869 237/278/271
f 761/888/869 239/280/273 762/889/870
f 978/282/275 762/889/870 239/280/273
f 762/889/870 978/282/275 979/890/871
f 701/820/805 622/715/706 703/822/807
f 763/891/872 703/822/807 622/715/706
f 622/715/706 623/716/707 763/891/872
f 572/659/649 763/891/872 623/716/707
f 623/716/707 624/717/708 572/659/649
f 573/660/650 572/659/649 624/717/708
f 624/717/708 399/451/444 573/660/650
f 575/662/652 573/660/650 399/451/444
f 399/451/444 398/450/443 575/662/652
f 90/108/100 970/892/873 88/106/98
f 751/874/857 88/106/98 970/892/873
f 970/892/873 764/893/874 751/874/857
f 1008/876/859 751/874/857 764/893/874
f 764/893/874 765/894/875 1008/876/859
f 753/878/861 1008/876/859 765/894/875
f 765/894/875 409/463/454 753/878/861
f 766/895/876 753/878/861 409/463/454
f 409/463/454 408/462/453 766/895/876
f 330/375/368 332/377/370 370/415/408
f 767/896/877 370/415/408 332/377/370
f 332/377/370 334/379/372 767/896/877
f 368/413/406 767/896/877 334/379/372
f 334/379/372 336/381/374 368/413/406
f 768/897/878 368/413/406 336/381/374
f 336/381/374 338/383/376 768/897/878
f 769/898/879 768/897/878 338/383/376
f 338/383/376 340/385/378 769/898/879
f 486/558/549 770/899/880 120/144/136
f 119/142/134 120/144/136 770/899/880
f 770/899/880 485/557/548 119/142/134
f 118/140/132 119/142/134 485/557/548
f 485/557/548 484/556/547 118/140/132
f 116/138/130 118/140/132 484/556/547
f 484/556/547 483/555/546 116/138/130
f 114/136/128 116/138/130 483/555/546
f 483/555/546 771/900/881 114/136/128
f 718/837/821 719/838/822 452/512/503
f 772/901/882 452/512/503 719/838/822
f 452/512/503 772/901/882 451/511/502
f 594/684/674 451/511/502 772/901/882
f 451/511/502 594/684/674 450/510/501
f 596/686/676 450/510/501 594/684/674
f 450/510/501 596/686/676 773/902/883
f 597/687/677 773/902/883 596/686/676
f 773/902/883 597/687/677 774/903/884
f 661/759/747 660/758/746 775/904/885
f 659/757/745 775/904/885 660/758/746
f 775/904/885 659/757/745 776/905/886
f 657/755/743 776/905/886 659/757/745
f 776/905/886 657/755/743 777/906/887
f 991/753/512 777/906/887 657/755/743
f 777/906/887 991/753/512 506/583/572
f 778/907/510 506/583/572 991/753/512
f 506/583/572 778/907/510 504/581/508
f 515/592/581 779/908/888 514/591/580
f 780/909/889 514/591/580 779/908/888
f 514/591/580 780/909/889 513/590/579
f 781/910/890 513/590/579 780/909/889
f 513/590/579 781/910/890 959/487/478
f 986/911/891 959/487/478 781/910/890
f 959/487/478 986/911/891 431/488/479
f 782/912/892 431/488/479 986/911/891
f 431/488/479 782/912/892 783/913/893
f 1033/914/894 784/915/895 785/916/896
f 786/917/897 785/916/896 784/915/895
f 785/916/896 786/917/897 787/918/898
f 788/919/899 787/918/898 786/917/897
f 787/918/898 788/919/899 789/920/900
f 790/921/901 789/920/900 788/919/899
f 789/920/900 790/921/901 791/922/902
f 792/923/903 791/922/902 790/921/901
f 791/922/902 792/923/903 793/924/904
f 632/726/716 434/492/483 633/727/717
f 794/925/905 633/727/717 434/492/483
f 633/727/717 794/925/905 634/728/718
f 730/850/834 634/728/718 794/925/905
f 634/728/718 730/850/834 635/729/719
f 729/849/833 635/729/719 730/850/834
f 635/729/719 729/849/833 601/693/684
f 727/847/831 601/693/684 729/849/833
f 601/693/684 727/847/831 602/694/685
f 795/926/906 796/927/907 158/186/179
f 667/765/753 158/186/179 796/927/907
f 797/928/908 798/929/909 799/930/910
f 800/931/911 799/930/910 798/929/909
f 798/929/909 773/902/883 800/931/911
f 774/903/884 800/931/911 773/902/883
f 70/84/75 801/932/912 71/85/76
f 658/756/744 71/85/76 801/932/912
f 801/932/912 802/933/913 658/756/744
f 656/754/742 658/756/744 802/933/913
f 802/933/913 758/884/865 656/754/742
f 115/137/129 448/508/499 117/139/131
f 948/141/133 117/139/131 448/508/499
f 448/508/499 1011/681/671 948/141/133
f 317/362/355 948/141/133 1011/681/671
f 1011/681/671 319/364/357 317/362/355
f 107/128/120 108/130/122 482/554/545
f 771/900/881 482/554/545 108/130/122
f 108/130/122 110/132/124 771/900/881
f 114/136/128 771/900/881 110/132/124
f 110/132/124 112/134/126 114/136/128
f 595/685/675 594/684/674 803/934/914
f 804/935/915 803/934/914 594/684/674
f 594/684/674 772/901/882 804/935/915
f 509/586/575 804/935/915 772/901/882
f 772/901/882 719/838/822 509/586/575
f 450/510/501 773/902/883 449/509/500
f 447/507/498 449/509/500 773/902/883
f 773/902/883 798/929/909 447/507/498
f 805/936/916 447/507/498 798/929/909
f 798/929/909 797/928/908 805/936/916
f 359/404/397 357/402/395 494/567/558
f 495/569/560 494/567/558 357/402/395
f 357/402/395 684/792/778 495/569/560
f 806/937/917 495/569/560 684/792/778
f 684/792/778 1015/791/777 806/937/917
f 807/938/918 808/939/919 809/940/920
f 793/924/904 809/940/920 808/939/919
f 809/940/920 793/924/904 810/941/921
f 792/923/903 810/941/921 793/924/904
f 810/941/921 792/923/903 811/942/922
f 607/700/691 606/699/690 643/738/728
f 644/739/729 643/738/728 606/699/690
f 606/699/690 636/730/720 644/739/729
f 812/943/923 644/739/729 636/730/720
f 636/730/720 637/731/721 812/943/923
f 813/944/924 529/607/596 814/945/925
f 815/946/926 814/945/925 529/607/596
f 529/607/596 527/605/594 815/946/926
f 816/947/927 815/946/926 527/605/594
f 527/605/594 343/388/381 816/947/927
f 525/948/592 817/949/928 524/950/591
f 818/951/929 524/950/591 817/949/928
f 817/949/928 712/831/816 818/951/929
f 819/952/930 818/951/929 712/831/816
f 712/831/816 710/829/814 819/952/930
f 312/357/350 475/546/537 314/359/352
f 272/317/310 314/359/352 475/546/537
f 475/546/537 473/544/535 272/317/310
f 270/315/308 272/317/310 473/544/535
f 1005/300/293 257/302/295 671/953/758
f 820/954/757 671/953/758 257/302/295
f 257/302/295 259/304/297 820/954/757
f 670/768/756 820/954/757 259/304/297
f 161/191/184 956/955/931 971/193/186
f 821/956/932 971/193/186 956/955/931
f 971/193/186 821/956/932 163/195/188
f 165/197/190 163/195/188 821/956/932
f 194/229/222 697/810/796 196/231/224
f 955/233/226 196/231/224 697/810/796
f 697/810/796 1026/811/797 955/233/226
f 199/235/228 955/233/226 1026/811/797
f 471/541/532 1023/793/779 469/539/530
f 467/537/528 469/539/530 1023/793/779
f 1023/793/779 685/795/781 467/537/528
f 465/535/526 467/537/528 685/795/781
f 198/234/227 200/236/229 822/957/933
f 823/958/934 822/957/933 200/236/229
f 822/957/933 823/958/934 824/959/935
f 825/960/936 824/959/935 823/958/934
f 144/171/164 826/961/937 371/416/409
f 372/417/410 371/416/409 826/961/937
f 575/662/652 398/450/443 827/962/938
f 828/963/767 827/962/938 398/450/443
f 398/450/443 400/452/445 828/963/767
f 829/964/439 828/963/767 400/452/445
f 400/452/445 402/454/442 829/964/439
f 530/608/597 933/78/939 143/77/163
f 933/78/939 530/608/597 830/965/940
f 147/174/167 830/965/940 530/608/597
f 830/965/940 147/174/167 831/966/941
f 832/967/942 831/966/941 147/174/167
f 831/966/941 832/967/942 833/968/943
f 834/969/944 833/968/943 832/967/942
f 833/968/943 834/969/944 835/970/945
f 531/609/598 835/970/945 834/969/944
f 835/970/945 531/609/598 836/971/946
f 533/611/600 836/971/946 531/609/598
f 836/971/946 533/611/600 380/425/418
f 837/972/947 380/425/418 533/611/600
f 380/425/418 837/972/947 379/424/417
f 838/973/948 379/424/417 837/972/947
f 379/424/417 838/973/948 839/974/949
f 840/975/950 839/974/949 838/973/948
f 841/976/783 974/864/848 842/977/951
f 554/637/626 842/977/951 974/864/848
f 842/977/951 554/637/626 843/978/952
f 553/636/625 843/978/952 554/637/626
f 843/978/952 553/636/625 844/979/953
f 267/312/305 844/979/953 553/636/625
f 844/979/953 267/312/305 845/980/954
f 541/622/611 845/980/954 267/312/305
f 845/980/954 541/622/611 846/981/955
f 186/221/214 846/981/955 541/622/611
f 846/981/955 186/221/214 847/982/956
f 184/219/212 847/982/956 186/221/214
f 847/982/956 184/219/212 848/983/957
f 182/217/210 848/983/957 184/219/212
f 848/983/957 182/217/210 849/984/958
f 850/985/959 849/984/958 182/217/210
f 849/984/958 850/985/959 544/626/615
f 944/624/613 544/626/615 850/985/959
f 841/797/783 906/986/960 551/634/623
f 851/987/961 551/634/623 906/986/960
f 551/634/623 851/987/961 1007/632/621
f 648/988/734 1007/632/621 851/987/961
f 1007/632/621 648/988/734 688/801/787
f 852/989/733 688/801/787 648/988/734
f 688/801/787 852/989/733 687/800/786
f 1003/614/603 687/800/786 852/989/733
f 687/800/786 1003/614/603 686/799/785
f 1004/616/605 686/799/785 1003/614/603
f 686/799/785 1004/616/605 1025/798/784
f 536/617/606 1025/798/784 1004/616/605
f 1025/798/784 536/617/606 974/990/848
f 535/615/604 974/990/848 536/617/606
f 974/990/848 535/615/604 741/991/846
f 1003/614/603 741/991/846 535/615/604
f 741/991/846 1003/614/603 742/992/847
f 852/989/733 742/992/847 1003/614/603
f 698/815/435 576/664/654 395/993/437
f 926/994/962 395/993/437 576/664/654
f 576/664/654 938/663/653 926/994/962
f 853/995/765 926/994/962 938/663/653
f 938/663/653 1030/819/804 853/995/765
f 565/996/637 853/995/765 1030/819/804
f 1030/819/804 700/818/803 565/996/637
f 1009/650/640 565/996/637 700/818/803
f 700/818/803 699/817/802 1009/650/640
f 567/651/641 1009/650/640 699/817/802
f 699/817/802 937/816/801 567/651/641
f 569/653/643 567/651/641 937/816/801
f 937/816/801 965/997/434 569/653/643
f 568/652/642 569/653/643 965/997/434
f 965/997/434 566/998/639 568/652/642
f 1009/650/640 568/652/642 566/998/639
f 566/998/639 854/999/638 1009/650/640
f 565/996/637 1009/650/640 854/999/638
f 580/669/659 855/81/963 984/80/77
f 855/81/963 580/669/659 856/1000/964
f 74/88/80 856/1000/964 580/669/659
f 856/1000/964 74/88/80 857/1001/965
f 858/1002/966 857/1001/965 74/88/80
f 857/1001/965 858/1002/966 859/1003/967
f 860/1004/968 859/1003/967 858/1002/966
f 859/1003/967 860/1004/968 861/1005/969
f 583/672/662 861/1005/969 860/1004/968
f 861/1005/969 583/672/662 862/1006/970
f 585/674/664 862/1006/970 583/672/662
f 862/1006/970 585/674/664 430/486/477
f 863/1007/971 430/486/477 585/674/664
f 430/486/477 863/1007/971 429/485/476
f 864/1008/972 429/485/476 863/1007/971
f 429/485/476 864/1008/972 865/1009/973
f 866/1010/974 865/1009/973 864/1008/972
f 502/579/507 715/834/521 503/580/570
f 716/835/819 503/580/570 715/834/521
f 503/580/570 716/835/819 797/928/908
f 717/836/820 797/928/908 716/835/819
f 797/928/908 717/836/820 805/936/916
f 321/366/359 805/936/916 717/836/820
f 805/936/916 321/366/359 447/507/498
f 448/508/499 447/507/498 321/366/359
f 724/844/828 731/852/836 605/698/689
f 733/854/838 605/698/689 731/852/836
f 605/698/689 733/854/838 604/697/688
f 735/856/840 604/697/688 733/854/838
f 604/697/688 735/856/840 1014/696/687
f 638/733/723 1014/696/687 735/856/840
f 726/846/830 728/848/832 783/913/893
f 431/488/479 783/913/893 728/848/832
f 728/848/832 730/850/834 431/488/479
f 432/490/481 431/488/479 730/850/834
f 730/850/834 794/925/905 432/490/481
f 434/492/483 432/490/481 794/925/905
f 479/550/541 480/551/542 498/572/563
f 497/571/562 498/572/563 480/551/542
f 480/551/542 481/552/543 497/571/562
f 223/261/254 497/571/562 481/552/543
f 481/552/543 1016/263/256 223/261/254
f 533/611/600 867/1011/601 837/972/947
f 838/973/948 837/972/947 867/1011/601
f 867/1011/601 868/1012/975 838/973/948
f 840/975/950 838/973/948 868/1012/975
f 868/1012/975 869/1013/976 840/975/950
f 842/977/951 843/978/952 870/1014/977
f 871/1015/978 870/1014/977 843/978/952
f 870/1014/977 871/1015/978 872/1016/979
f 873/1017/980 872/1016/979 871/1015/978
f 872/1016/979 873/1017/980 874/1018/981
f 188/223/216 541/622/611 190/225/218
f 192/227/220 190/225/218 541/622/611
f 541/622/611 542/623/612 192/227/220
f 263/308/301 192/227/220 542/623/612
f 542/623/612 264/309/302 263/308/301
f 179/214/207 181/216/209 464/534/525
f 875/1019/982 464/534/525 181/216/209
f 181/216/209 183/218/211 875/1019/982
f 187/222/215 875/1019/982 183/218/211
f 183/218/211 185/220/213 187/222/215
f 547/629/618 546/628/617 876/1020/983
f 877/1021/984 876/1020/983 546/628/617
f 546/628/617 878/1022/985 877/1021/984
f 692/805/791 877/1021/984 878/1022/985
f 878/1022/985 691/804/790 692/805/791
f 847/982/956 873/1017/980 846/981/955
f 845/980/954 846/981/955 873/1017/980
f 873/1017/980 871/1015/978 845/980/954
f 844/979/953 845/980/954 871/1015/978
f 871/1015/978 843/978/952 844/979/953
f 304/349/342 302/347/340 995/553/544
f 225/265/258 995/553/544 302/347/340
f 302/347/340 672/772/760 225/265/258
f 227/267/260 225/265/258 672/772/760
f 672/772/760 936/269/262 227/267/260
f 247/290/283 879/1023/986 246/288/281
f 979/890/871 246/288/281 879/1023/986
f 246/288/281 979/890/871 244/286/279
f 978/282/275 244/286/279 979/890/871
f 244/286/279 978/282/275 242/284/277
f 574/661/651 880/1024/987 572/659/649
f 881/1025/988 572/659/649 880/1024/987
f 572/659/649 881/1025/988 763/891/872
f 704/823/808 763/891/872 881/1025/988
f 763/891/872 704/823/808 703/822/807
f 828/963/767 677/1026/766 827/962/938
f 882/1027/989 827/962/938 677/1026/766
f 827/962/938 882/1027/989 883/1028/990
f 884/1029/991 883/1028/990 882/1027/989
f 883/1028/990 884/1029/991 885/1030/992
f 624/717/708 625/718/709 399/451/444
f 626/719/710 399/451/444 625/718/709
f 399/451/444 626/719/710 401/453/446
f 627/720/711 401/453/446 626/719/710
f 401/453/446 627/720/711 397/455/441
f 491/564/555 492/565/556 618/711/702
f 617/710/701 618/711/702 492/565/556
f 492/565/556 493/566/557 617/710/701
f 616/709/700 617/710/701 493/566/557
f 493/566/557 1006/568/559 616/709/700
f 585/674/664 586/1031/665 863/1007/971
f 864/1008/972 863/1007/971 586/1031/665
f 586/1031/665 886/1032/993 864/1008/972
f 866/1010/974 864/1008/972 886/1032/993
f 886/1032/993 887/1033/994 866/1010/974
f 503/580/570 797/928/908 799/930/910
f 231/272/265 233/274/267 888/1034/995
f 889/1035/866 888/1034/995 233/274/267
f 888/1034/995 889/1035/866 393/439/432
f 1028/812/798 393/439/432 889/1035/866
f 393/439/432 1028/812/798 1000/440/433
f 1029/813/799 1000/440/433 1028/812/798
f 1000/440/433 1029/813/799 392/438/431
f 890/1036/996 392/438/431 1029/813/799
f 392/438/431 890/1036/996 228/268/261
f 226/266/259 228/268/261 890/1036/996
f 562/644/634 891/1037/997 564/646/636
f 892/1038/998 564/646/636 891/1037/997
f 564/646/636 892/1038/998 893/1039/999
f 885/1030/992 893/1039/999 892/1038/998
f 893/1039/999 885/1030/992 894/1040/1000
f 884/1029/991 894/1040/1000 885/1030/992
f 894/1040/1000 884/1029/991 895/1041/1001
f 882/1027/989 895/1041/1001 884/1029/991
f 895/1041/1001 882/1027/989 908/1042/1002
f 677/1026/766 908/1042/1002 882/1027/989
f 121/146/138 500/575/566 120/144/136
f 486/1043/549 120/144/136 500/575/566
f 500/575/566 420/475/466 486/1043/549
f 987/559/550 486/1043/549 420/475/466
f 420/475/466 950/476/467 987/559/550
f 997/576/567 987/559/550 950/476/467
f 950/476/467 419/474/465 997/576/567
f 501/577/568 997/576/567 419/474/465
f 419/474/465 124/150/142 501/577/568
f 126/152/144 501/577/568 124/150/142
f 516/593/582 784/915/895 517/594/583
f 1033/1044/894 517/594/583 784/915/895
f 517/594/583 1033/1044/894 444/503/494
f 1032/842/826 444/503/494 1033/1044/894
f 444/503/494 1032/842/826 989/504/495
f 1001/595/584 989/504/495 1032/842/826
f 989/504/495 1001/595/584 443/502/493
f 519/597/586 443/502/493 1001/595/584
f 443/502/493 519/597/586 442/501/492
f 520/598/587 442/501/492 519/597/586
f 976/194/187 896/1045/1003 162/192/185
f 737/858/842 162/192/185 896/1045/1003
f 896/1045/1003 897/1046/1004 737/858/842
f 738/859/843 737/858/842 897/1046/1004
f 897/1046/1004 898/1047/1005 738/859/843
f 740/861/845 738/859/843 898/1047/1005
f 898/1047/1005 670/768/756 740/861/845
f 261/306/299 740/861/845 670/768/756
f 670/768/756 259/304/297 261/306/299
f 276/321/314 278/323/316 315/360/353
f 899/1048/1006 315/360/353 278/323/316
f 278/323/316 280/325/318 899/1048/1006
f 313/358/351 899/1048/1006 280/325/318
f 280/325/318 282/327/320 313/358/351
f 612/705/696 313/358/351 282/327/320
f 282/327/320 284/329/322 612/705/696
f 666/764/752 612/705/696 284/329/322
f 284/329/322 286/331/324 666/764/752
f 277/322/315 900/1049/1007 279/324/317
f 281/326/319 279/324/317 900/1049/1007
f 900/1049/1007 749/872/855 281/326/319
f 283/328/321 281/326/319 749/872/855
f 749/872/855 747/870/853 283/328/321
f 578/667/657 283/328/321 747/870/853
f 747/870/853 745/868/851 578/667/657
f 287/332/325 578/667/657 745/868/851
f 745/868/851 289/334/327 287/332/325
f 472/542/533 901/1050/1008 195/230/223
f 193/228/221 195/230/223 901/1050/1008
f 901/1050/1008 470/540/531 193/228/221
f 191/226/219 193/228/221 470/540/531
f 470/540/531 468/538/529 191/226/219
f 189/224/217 191/226/219 468/538/529
f 468/538/529 466/536/527 189/224/217
f 187/222/215 189/224/217 466/536/527
f 466/536/527 875/1019/982 187/222/215
f 689/802/788 691/804/790 849/984/958
f 878/1022/985 849/984/958 691/804/790
f 849/984/958 878/1022/985 848/983/957
f 546/628/617 848/983/957 878/1022/985
f 848/983/957 546/628/617 847/982/956
f 548/630/619 847/982/956 546/628/617
f 847/982/956 548/630/619 873/1017/980
f 549/631/620 873/1017/980 548/630/619
f 873/1017/980 549/631/620 874/1018/981
f 653/749/739 651/747/737 902/1051/1009
f 650/746/736 902/1051/1009 651/747/737
f 902/1051/1009 650/746/736 903/1052/1010
f 649/745/735 903/1052/1010 650/746/736
f 903/1052/1010 649/745/735 904/1053/1011
f 648/744/734 904/1053/1011 649/745/735
f 904/1053/1011 648/744/734 905/1054/1012
f 851/1055/961 905/1054/1012 648/744/734
f 905/1054/1012 851/1055/961 906/1056/960
f 274/319/312 314/359/352 272/317/310
f 313/358/351 315/360/353 899/1048/1006
f 898/1047/1005 164/196/189 670/768/756
f 988/206/199 217/255/248 171/204/197
f 667/765/753 796/927/907 668/766/754
f 907/1057/1013 868/1012/975 867/1011/601
f 901/1050/1008 472/542/533 470/540/531
f 1025/798/784 974/990/848 841/797/783
f 541/622/611 188/223/216 186/221/214
f 464/534/525 875/1019/982 466/536/527
f 689/802/788 849/984/958 544/626/615
f 889/885/866 759/886/867 760/887/868
f 234/275/268 294/339/332 236/277/270
f 965/997/434 937/816/801 698/815/435
f 396/447/440 965/441/434 394/443/436
f 979/890/871 879/1023/986 762/889/870
f 622/715/706 701/820/805 939/656/646
f 677/778/766 676/776/764 908/1058/1002
f 289/334/327 745/868/851 628/721/712
f 750/873/856 752/875/858 952/104/96
f 768/897/878 366/411/404 368/413/406
f 328/373/366 369/414/407 326/371/364
f 368/413/406 370/415/408 767/896/877
f 765/894/875 92/110/102 409/463/454
f 99/120/112 141/169/161 940/118/110
f 680/782/770 679/781/769 681/783/771
f 909/1059/1014 886/1032/993 586/1031/665
f 770/899/880 486/558/549 485/557/548
f 460/528/519 715/530/521 502/516/507
f 448/508/499 115/137/129 113/135/127
f 482/554/545 771/900/881 483/555/546
f 718/837/821 452/512/503 954/514/505
f 422/478/469 910/1060/1015 424/480/471
f 911/1061/1016 912/1062/1017 913/1063/1018
f 1033/914/894 785/916/896 787/918/898
f 1021/788/774 349/394/387 347/392/385
f 347/392/385 345/390/383 647/742/732
f 793/924/904 808/939/919 791/922/902
f 261/306/299 262/307/300 740/861/845
f 384/430/423 740/861/845 262/307/300
f 740/861/845 384/430/423 739/860/844
f 382/427/420 739/860/844 384/430/423
f 739/860/844 382/427/420 611/704/695
f 381/426/419 611/704/695 382/427/420
f 611/704/695 381/426/419 967/190/183
f 962/1064/1019 967/190/183 381/426/419
f 967/190/183 962/1064/1019 160/188/181
f 555/638/627 160/188/181 962/1064/1019
f 160/188/181 555/638/627 158/186/179
f 557/640/629 158/186/179 555/638/627
f 158/186/179 557/640/629 869/1013/976
f 558/641/630 869/1013/976 557/640/629
f 869/1013/976 558/641/630 840/975/950
f 563/645/635 840/975/950 558/641/630
f 840/975/950 563/645/635 839/974/949
f 564/646/636 839/974/949 563/645/635
f 839/974/949 564/646/636 379/424/417
f 893/1039/999 379/424/417 564/646/636
f 379/424/417 893/1039/999 377/422/415
f 914/1065/1020 377/422/415 893/1039/999
f 377/422/415 914/1065/1020 375/420/413
f 915/1066/1021 375/420/413 914/1065/1020
f 375/420/413 915/1066/1021 559/642/631
f 895/1041/1001 559/642/631 915/1066/1021
f 559/642/631 895/1041/1001 561/82/633
f 135/163/155 581/670/660 137/165/157
f 916/1067/1022 137/165/157 581/670/660
f 581/670/660 582/671/661 916/1067/1022
f 917/1068/1023 916/1067/1022 582/671/661
f 582/671/661 616/709/700 917/1068/1023
f 723/843/827 917/1068/1023 616/709/700
f 616/709/700 1006/568/559 723/843/827
f 521/599/588 723/843/827 1006/568/559
f 1006/568/559 495/569/560 521/599/588
f 520/598/587 521/599/588 495/569/560
f 495/569/560 806/937/917 520/598/587
f 442/501/492 520/598/587 806/937/917
f 806/937/917 1015/791/777 442/501/492
f 440/499/490 442/501/492 1015/791/777
f 1015/791/777 1022/790/776 440/499/490
f 516/593/582 440/499/490 1022/790/776
f 1022/790/776 998/789/775 516/593/582
f 784/915/895 516/593/582 998/789/775
f 998/789/775 1021/788/774 784/915/895
f 786/917/897 784/915/895 1021/788/774
f 1021/788/774 347/392/385 786/917/897
f 788/919/899 786/917/897 347/392/385
f 347/392/385 647/742/732 788/919/899
f 790/921/901 788/919/899 647/742/732
f 647/742/732 646/741/731 790/921/901
f 792/923/903 790/921/901 646/741/731
f 646/741/731 645/740/730 792/923/903
f 811/942/922 792/923/903 645/740/730
f 645/740/730 812/943/923 811/942/922
f 810/941/921 811/942/922 812/943/923
f 812/943/923 637/731/721 810/941/921
f 809/940/920 810/941/921 637/731/721
f 637/731/721 969/732/722 809/940/920
f 807/938/918 809/940/920 969/732/722
f 969/732/722 638/733/723 807/938/918
f 918/1069/1024 807/938/918 638/733/723
f 638/733/723 736/857/841 918/1069/1024
f 919/1070/1025 918/1069/1024 736/857/841
f 736/857/841 734/855/839 919/1070/1025
f 920/1071/1026 919/1070/1025 734/855/839
f 734/855/839 732/853/837 920/1071/1026
f 921/1072/1027 920/1071/1026 732/853/837
f 732/853/837 985/851/835 921/1072/1027
f 977/458/449 921/1072/1027 985/851/835
f 985/851/835 724/844/828 977/458/449
f 405/459/450 977/458/449 724/844/828
f 724/844/828 725/845/829 405/459/450
f 408/462/453 405/459/450 725/845/829
f 725/845/829 726/846/830 408/462/453
f 766/895/876 408/462/453 726/846/830
f 726/846/830 783/913/893 766/895/876
f 753/878/861 766/895/876 783/913/893
f 783/913/893 782/912/892 753/878/861
f 942/877/860 753/878/861 782/912/892
f 782/912/892 986/911/891 942/877/860
f 752/875/858 942/877/860 986/911/891
f 986/911/891 781/910/890 752/875/858
f 952/104/96 752/875/858 781/910/890
f 781/910/890 780/909/889 952/104/96
f 86/102/94 952/104/96 780/909/889
f 780/909/889 779/908/888 86/102/94
f 84/100/92 86/102/94 779/908/888
f 779/908/888 515/592/581 84/100/92
f 887/1033/994 84/100/92 515/592/581
f 515/592/581 935/489/480 887/1033/994
f 866/1010/974 887/1033/994 935/489/480
f 935/489/480 433/491/482 866/1010/974
f 865/1009/973 866/1010/974 433/491/482
f 433/491/482 434/492/483 865/1009/973
f 429/485/476 865/1009/973 434/492/483
f 434/492/483 632/726/716 429/485/476
f 427/483/474 429/485/476 632/726/716
f 632/726/716 630/724/714 427/483/474
f 425/481/472 427/483/474 630/724/714
f 630/724/714 629/723/713 425/481/472
f 599/690/680 425/481/472 629/723/713
f 629/723/713 639/734/724 599/690/680
f 990/83/682 599/690/680 639/734/724
f 194/229/222 192/227/220 697/810/796
f 263/308/301 697/810/796 192/227/220
f 697/810/796 263/308/301 265/310/303
f 445/505/496 1017/183/176 446/506/497
f 897/1046/1004 896/1045/1003 898/1047/1005
f 164/196/189 898/1047/1005 896/1045/1003
f 896/1045/1003 976/194/187 164/196/189
f 147/174/167 149/176/169 832/967/942
f 834/969/944 832/967/942 149/176/169
f 149/176/169 151/178/171 834/969/944
f 211/249/242 209/247/240 496/570/561
f 207/245/238 496/570/561 209/247/240
f 496/570/561 207/245/238 205/243/236
f 212/250/243 214/252/245 210/248/241
f 218/256/249 210/248/241 214/252/245
f 214/252/245 216/254/247 218/256/249
f 198/234/227 822/957/933 197/232/225
f 922/1073/1028 197/232/225 822/957/933
f 822/957/933 824/959/935 922/1073/1028
f 1018/794/780 923/1074/1029 1024/796/782
f 202/238/231 1024/796/782 923/1074/1029
f 1024/796/782 202/238/231 957/240/233
f 841/976/783 842/977/951 906/1056/960
f 924/1075/1030 906/1056/960 842/977/951
f 906/1056/960 924/1075/1030 905/1054/1012
f 144/171/164 652/748/738 146/173/166
f 148/175/168 146/173/166 652/748/738
f 652/748/738 150/177/170 148/175/168
f 167/199/192 165/197/190 690/803/789
f 821/956/932 690/803/789 165/197/190
f 690/803/789 821/956/932 692/805/791
f 266/311/304 615/708/699 265/310/303
f 696/809/795 265/310/303 615/708/699
f 615/708/699 614/707/698 696/809/795
f 182/217/210 180/215/208 850/985/959
f 944/624/613 850/985/959 180/215/208
f 180/215/208 178/213/206 944/624/613
f 555/638/627 962/1064/1019 556/639/628
f 925/1076/1031 556/639/628 962/1064/1019
f 556/639/628 925/1076/1031 558/641/630
f 229/270/263 231/272/265 391/437/430
f 888/1034/995 391/437/430 231/272/265
f 391/437/430 888/1034/995 393/439/432
f 1029/813/799 951/814/800 890/1036/996
f 226/266/259 890/1036/996 951/814/800
f 951/814/800 1020/264/257 226/266/259
f 236/277/270 291/336/329 238/279/272
f 240/281/274 238/279/272 291/336/329
f 291/336/329 241/283/276 240/281/274
f 895/1041/1001 915/1066/1021 894/1040/1000
f 914/1065/1020 894/1040/1000 915/1066/1021
f 894/1040/1000 914/1065/1020 893/1039/999
f 260/305/298 702/821/806 262/307/300
f 383/429/422 262/307/300 702/821/806
f 702/821/806 704/823/808 383/429/422
f 828/779/767 829/446/439 853/777/765
f 926/1077/962 853/777/765 829/446/439
f 829/446/439 395/444/437 926/1077/962
f 245/287/280 621/714/705 941/289/282
f 960/655/645 941/289/282 621/714/705
f 941/289/282 960/655/645 248/291/284
f 85/101/93 579/668/658 943/103/95
f 931/1078/1032 943/103/95 579/668/658
f 579/668/658 982/97/89 931/1078/1032
f 764/893/874 970/892/873 765/894/875
f 92/110/102 765/894/875 970/892/873
f 970/892/873 90/108/100 92/110/102
f 74/88/80 76/90/82 858/1002/966
f 860/1004/968 858/1002/966 76/90/82
f 76/90/82 78/92/84 860/1004/968
f 966/189/182 446/506/497 161/191/184
f 956/955/931 161/191/184 446/506/497
f 446/506/497 1017/183/176 956/955/931
f 821/956/932 956/955/931 1017/183/176
f 1017/183/176 534/613/602 821/956/932
f 692/805/791 821/956/932 534/613/602
f 534/613/602 655/751/741 692/805/791
f 877/1021/984 692/805/791 655/751/741
f 655/751/741 654/750/740 877/1021/984
f 876/1020/983 877/1021/984 654/750/740
f 654/750/740 653/749/739 876/1020/983
f 547/629/618 876/1020/983 653/749/739
f 653/749/739 902/1051/1009 547/629/618
f 549/631/620 547/629/618 902/1051/1009
f 902/1051/1009 903/1052/1010 549/631/620
f 874/1018/981 549/631/620 903/1052/1010
f 903/1052/1010 904/1053/1011 874/1018/981
f 872/1016/979 874/1018/981 904/1053/1011
f 904/1053/1011 905/1054/1012 872/1016/979
f 870/1014/977 872/1016/979 905/1054/1012
f 905/1054/1012 924/1075/1030 870/1014/977
f 842/977/951 870/1014/977 924/1075/1030
f 671/953/758 1019/771/759 1005/300/293
f 217/255/248 1005/300/293 1019/771/759
f 1005/300/293 217/255/248 1031/298/291
f 215/253/246 1031/298/291 217/255/248
f 1031/298/291 215/253/246 253/296/289
f 213/251/244 253/296/289 215/253/246
f 253/296/289 213/251/244 251/294/287
f 220/258/251 251/294/287 213/251/244
f 251/294/287 220/258/251 249/292/285
f 222/260/253 249/292/285 220/258/251
f 249/292/285 222/260/253 247/290/283
f 224/262/255 247/290/283 222/260/253
f 247/290/283 224/262/255 879/1023/986
f 390/436/429 879/1023/986 224/262/255
f 879/1023/986 390/436/429 762/889/870
f 388/434/427 762/889/870 390/436/429
f 762/889/870 388/434/427 761/888/869
f 386/432/425 761/888/869 388/434/427
f 761/888/869 386/432/425 760/887/868
f 385/431/424 760/887/868 386/432/425
f 760/887/868 385/431/424 889/885/866
f 1028/812/798 889/885/866 385/431/424
f 943/103/95 931/1078/1032 87/105/97
f 410/464/455 87/105/97 931/1078/1032
f 931/1078/1032 982/97/89 410/464/455
f 411/465/456 410/464/455 982/97/89
f 982/97/89 587/676/666 411/465/456
f 509/586/575 411/465/456 587/676/666
f 587/676/666 663/761/749 509/586/575
f 804/935/915 509/586/575 663/761/749
f 663/761/749 662/760/748 804/935/915
f 803/934/914 804/935/915 662/760/748
f 662/760/748 661/759/747 803/934/914
f 595/685/675 803/934/914 661/759/747
f 661/759/747 775/904/885 595/685/675
f 597/687/677 595/685/675 775/904/885
f 775/904/885 776/905/886 597/687/677
f 774/903/884 597/687/677 776/905/886
f 776/905/886 777/906/887 774/903/884
f 800/931/911 774/903/884 777/906/887
f 777/906/887 506/583/572 800/931/911
f 799/930/910 800/931/911 506/583/572
f 506/583/572 505/582/571 799/930/910
f 503/580/570 799/930/910 505/582/571
f 406/460/451 683/787/773 977/458/449
f 141/169/161 977/458/449 683/787/773
f 977/458/449 141/169/161 921/1072/1027
f 139/167/159 921/1072/1027 141/169/161
f 921/1072/1027 139/167/159 920/1071/1026
f 137/165/157 920/1071/1026 139/167/159
f 920/1071/1026 137/165/157 919/1070/1025
f 916/1067/1022 919/1070/1025 137/165/157
f 919/1070/1025 916/1067/1022 918/1069/1024
f 917/1068/1023 918/1069/1024 916/1067/1022
f 918/1069/1024 917/1068/1023 807/938/918
f 723/843/827 807/938/918 917/1068/1023
f 807/938/918 723/843/827 808/939/919
f 439/498/489 808/939/919 723/843/827
f 808/939/919 439/498/489 791/922/902
f 437/496/487 791/922/902 439/498/489
f 791/922/902 437/496/487 789/920/900
f 436/494/485 789/920/900 437/496/487
f 789/920/900 436/494/485 787/918/898
f 435/493/484 787/918/898 436/494/485
f 787/918/898 435/493/484 1033/914/894
f 1032/842/826 1033/914/894 435/493/484
f 962/1064/1019 381/426/419 925/1076/1031
f 1002/428/421 925/1076/1031 381/426/419
f 925/1076/1031 1002/428/421 558/641/630
f 383/429/422 558/641/630 1002/428/421
f 558/641/630 383/429/422 562/644/634
f 704/823/808 562/644/634 383/429/422
f 562/644/634 704/823/808 891/1037/997
f 881/1025/988 891/1037/997 704/823/808
f 891/1037/997 881/1025/988 892/1038/998
f 880/1024/987 892/1038/998 881/1025/988
f 892/1038/998 880/1024/987 885/1030/992
f 574/661/651 885/1030/992 880/1024/987
f 885/1030/992 574/661/651 883/1028/990
f 575/662/652 883/1028/990 574/661/651
f 883/1028/990 575/662/652 827/962/938
f 665/763/751 666/764/752 299/344/337
f 286/331/324 299/344/337 666/764/752
f 299/344/337 286/331/324 297/342/335
f 288/333/326 297/342/335 286/331/324
f 297/342/335 288/333/326 295/340/333
f 290/335/328 295/340/333 288/333/326
f 295/340/333 290/335/328 293/338/331
f 292/337/330 293/338/331 290/335/328
f 364/409/402 366/411/404 754/879/862
f 768/897/878 754/879/862 366/411/404
f 754/879/862 768/897/878 755/880/863
f 769/898/879 755/880/863 768/897/878
f 755/880/863 769/898/879 354/399/392
f 340/385/378 354/399/392 769/898/879
f 354/399/392 340/385/378 352/397/390
f 342/387/380 352/397/390 340/385/378
f 352/397/390 342/387/380 350/395/388
f 344/389/382 350/395/388 342/387/380
f 350/395/388 344/389/382 348/393/386
f 346/391/384 348/393/386 344/389/382
f 158/186/179 869/1013/976 795/926/906
f 868/1012/975 795/926/906 869/1013/976
f 795/926/906 868/1012/975 796/927/907
f 907/1057/1013 796/927/907 868/1012/975
f 796/927/907 907/1057/1013 668/766/754
f 867/612/601 668/766/754 907/1057/1013
f 668/766/754 867/612/601 669/767/755
f 532/610/599 669/767/755 867/612/601
f 669/767/755 532/610/599 151/178/171
f 531/609/598 151/178/171 532/610/599
f 151/178/171 531/609/598 834/969/944
f 560/643/632 561/82/633 933/78/939
f 933/78/939 830/965/940 560/643/632
f 375/420/413 560/643/632 830/965/940
f 830/965/940 831/966/941 375/420/413
f 376/421/414 375/420/413 831/966/941
f 831/966/941 833/968/943 376/421/414
f 378/423/416 376/421/414 833/968/943
f 833/968/943 835/970/945 378/423/416
f 380/425/418 378/423/416 835/970/945
f 835/970/945 836/971/946 380/425/418
f 84/100/92 887/1033/994 678/780/768
f 886/1032/993 678/780/768 887/1033/994
f 678/780/768 886/1032/993 679/781/769
f 909/1059/1014 679/781/769 886/1032/993
f 679/781/769 909/1059/1014 681/783/771
f 586/675/665 681/783/771 909/1059/1014
f 681/783/771 586/675/665 682/784/772
f 584/673/663 682/784/772 586/675/665
f 682/784/772 584/673/663 78/92/84
f 583/672/662 78/92/84 584/673/663
f 78/92/84 583/672/662 860/1004/968
f 600/691/681 990/83/682 855/81/963
f 855/81/963 856/1000/964 600/691/681
f 425/481/472 600/691/681 856/1000/964
f 856/1000/964 857/1001/965 425/481/472
f 426/482/473 425/481/472 857/1001/965
f 857/1001/965 859/1003/967 426/482/473
f 428/484/475 426/482/473 859/1003/967
f 859/1003/967 861/1005/969 428/484/475
f 430/486/477 428/484/475 861/1005/969
f 861/1005/969 862/1006/970 430/486/477
f 708/827/812 331/376/369 927/1079/1033
f 928/1080/1034 927/1079/1033 331/376/369
f 331/376/369 329/374/367 928/1080/1034
f 929/1081/1035 928/1080/1034 329/374/367
f 329/374/367 327/372/365 929/1081/1035
f 913/1063/1018 929/1081/1035 327/372/365
f 327/372/365 325/370/363 913/1063/1018
f 911/1061/1016 913/1063/1018 325/370/363
f 325/370/363 424/480/471 911/1061/1016
f 912/1062/1017 911/1061/1016 424/480/471
f 424/480/471 910/1060/1015 912/1062/1017
f 930/1082/1036 814/945/925 526/1083/593
f 815/946/926 526/1083/593 814/945/925
f 526/1083/593 815/946/926 525/948/592
f 816/947/927 525/948/592 815/946/926
f 525/948/592 816/947/927 817/949/928
f 343/388/381 817/949/928 816/947/927
f 817/949/928 343/388/381 712/831/816
f 341/386/379 712/831/816 343/388/381
f 712/831/816 341/386/379 711/830/815
f 339/384/377 711/830/815 341/386/379
f 711/830/815 339/384/377 337/382/375
f 197/232/225 922/1073/1028 195/230/223
f 472/1084/533 195/230/223 922/1073/1028
f 922/1073/1028 824/959/935 472/1084/533
f 994/543/534 472/1084/533 824/959/935
f 824/959/935 825/960/936 994/543/534
f 1018/794/780 994/543/534 825/960/936
f 825/960/936 823/958/934 1018/794/780
f 923/1074/1029 1018/794/780 823/958/934
f 823/958/934 200/236/229 923/1074/1029
f 202/238/231 923/1074/1029 200/236/229
f 813/944/924 642/737/727 529/607/596
f 812/943/923 645/740/730 644/739/729
usemtl g1_mesh_3.001
f 1034/1085/1037 1035/1086/1038 1036/1087/1039
f 1929/1088/1040 1928/1089/1041 1331/1090/1042
f 1037/1091/1043 1038/1092/1044 1039/1093/1045
f 1040/1094/1046 1041/1095/1047 1042/1096/1048
f 1043/1097/1049 1044/1098/1050 1045/1099/1051
f 1046/1100/1052 1047/1101/1053 1048/1102/1054
f 1049/1103/1055 1050/1104/1056 1051/1105/1057
f 1052/1106/1058 1053/1107/1059 1054/1108/1060
f 1055/1109/1061 1056/1110/1062 1116/1111/1063
f 1057/1112/1064 1107/1113/1065 1058/1114/1066
f 1041/1095/1047 1059/1115/1067 1060/1116/1068
f 1061/1117/1069 1060/1116/1068 1059/1115/1067
f 1060/1116/1068 1061/1117/1069 1062/1118/1070
f 1063/1119/1071 1062/1118/1070 1061/1117/1069
f 1062/1118/1070 1063/1119/1071 1064/1120/1072
f 1057/1112/1064 1064/1120/1072 1063/1119/1071
f 1064/1120/1072 1057/1112/1064 1065/1121/1073
f 1058/1114/1066 1065/1121/1073 1057/1112/1064
f 1065/1121/1073 1058/1114/1066 1110/1122/1074
f 1066/1123/1075 1067/1124/1076 1068/1125/1077
f 1069/1126/1078 1068/1125/1077 1067/1124/1076
f 1067/1124/1076 1070/1127/1079 1069/1126/1078
f 1071/1128/1080 1069/1126/1078 1070/1127/1079
f 1070/1127/1079 1072/1129/1081 1071/1128/1080
f 1073/1130/1082 1071/1128/1080 1072/1129/1081
f 1072/1129/1081 1074/1131/1083 1073/1130/1082
f 1075/1132/1084 1073/1130/1082 1074/1131/1083
f 1074/1131/1083 1076/1133/1085 1075/1132/1084
f 1077/1134/1086 1075/1132/1084 1076/1133/1085
f 1076/1133/1085 1078/1135/1087 1077/1134/1086
f 1079/1136/1088 1077/1134/1086 1078/1135/1087
f 1078/1135/1087 1080/1137/1089 1079/1136/1088
f 1081/1138/1090 1326/1139/1091 1082/1140/1092
f 1328/1141/1093 1082/1140/1092 1326/1139/1091
f 1082/1140/1092 1328/1141/1093 1083/1142/1094
f 1259/1143/1095 1083/1142/1094 1328/1141/1093
f 1083/1142/1094 1259/1143/1095 1084/1144/1096
f 1260/1145/1097 1084/1144/1096 1259/1143/1095
f 1084/1144/1096 1260/1145/1097 1085/1146/1098
f 1086/1147/1099 1085/1146/1098 1260/1145/1097
f 1085/1146/1098 1086/1147/1099 1087/1148/1100
f 1318/1149/1101 1087/1148/1100 1086/1147/1099
f 1087/1148/1100 1318/1149/1101 1088/1150/1102
f 1089/1151/1103 1088/1150/1102 1318/1149/1101
f 1088/1150/1102 1089/1151/1103 1090/1152/1104
f 1091/1153/1105 1092/1154/1106 1093/1155/1107
f 1094/1156/1108 1093/1155/1107 1092/1154/1106
f 1093/1155/1107 1094/1156/1108 1095/1157/1109
f 1096/1158/1110 1095/1157/1109 1094/1156/1108
f 1095/1157/1109 1096/1158/1110 1097/1159/1111
f 1098/1160/1112 1097/1159/1111 1096/1158/1110
f 1097/1159/1111 1098/1160/1112 1099/1161/1113
f 1100/1162/1114 1099/1161/1113 1098/1160/1112
f 1099/1161/1113 1100/1162/1114 1101/1163/1115
f 1102/1164/1116 1101/1163/1115 1100/1162/1114
f 1101/1163/1115 1102/1164/1116 1038/1092/1044
f 1103/1165/1117 1038/1092/1044 1102/1164/1116
f 1038/1092/1044 1103/1165/1117 1039/1093/1045
f 1104/1166/1118 1105/1167/1119 1106/1168/1120
f 1107/1169/1065 1106/1168/1120 1105/1167/1119
f 1105/1167/1119 1108/1170/1121 1107/1169/1065
f 1058/1171/1066 1107/1169/1065 1108/1170/1121
f 1108/1170/1121 1109/1172/1122 1058/1171/1066
f 1110/1173/1074 1058/1171/1066 1109/1172/1122
f 1109/1172/1122 1111/1174/1123 1110/1173/1074
f 1112/1175/1124 1110/1173/1074 1111/1174/1123
f 1111/1174/1123 1113/1176/1125 1112/1175/1124
f 1114/1177/1126 1112/1175/1124 1113/1176/1125
f 1113/1176/1125 1115/1178/1127 1114/1177/1126
f 1116/1179/1063 1114/1177/1126 1115/1178/1127
f 1115/1178/1127 1117/1180/1128 1116/1179/1063
f 1316/1181/1129 1118/1182/1130 1119/1183/1131
f 1144/1184/1132 1119/1183/1131 1118/1182/1130
f 1118/1182/1130 1120/1185/1133 1144/1184/1132
f 1121/1186/1134 1144/1184/1132 1120/1185/1133
f 1120/1185/1133 1122/1187/1135 1121/1186/1134
f 1123/1188/1136 1121/1186/1134 1122/1187/1135
f 1122/1187/1135 1124/1189/1137 1123/1188/1136
f 1088/1150/1102 1123/1188/1136 1124/1189/1137
f 1124/1189/1137 1125/1190/1138 1088/1150/1102
f 1087/1148/1100 1088/1150/1102 1125/1190/1138
f 1126/1191/1139 1127/1192/1140 1128/1193/1141
f 1129/1194/1142 1128/1193/1141 1127/1192/1140
f 1127/1192/1140 1130/1195/1143 1129/1194/1142
f 1131/1196/1144 1129/1194/1142 1130/1195/1143
f 1130/1195/1143 1132/1197/1145 1131/1196/1144
f 1133/1198/1146 1131/1196/1144 1132/1197/1145
f 1132/1197/1145 1134/1199/1147 1133/1198/1146
f 1135/1200/1148 1133/1198/1146 1134/1199/1147
f 1134/1199/1147 1136/1201/1149 1135/1200/1148
f 1137/1202/1150 1135/1200/1148 1136/1201/1149
f 1138/1203/1151 1139/1204/1152 1140/1205/1153
f 1141/1206/1154 1140/1205/1153 1139/1204/1152
f 1139/1204/1152 1142/1207/1155 1141/1206/1154
f 1143/1208/1156 1141/1206/1154 1142/1207/1155
f 1142/1207/1155 1144/1209/1132 1143/1208/1156
f 1145/1210/1157 1143/1208/1156 1144/1209/1132
f 1144/1209/1132 1334/1211/1158 1145/1210/1157
f 1146/1212/1159 1145/1210/1157 1334/1211/1158
f 1334/1211/1158 1090/1213/1104 1146/1212/1159
f 1089/1214/1103 1146/1212/1159 1090/1213/1104
f 1906/1215/1160 1138/1203/1151 1147/1216/1161
f 1148/1217/1162 1147/1216/1161 1138/1203/1151
f 1138/1203/1151 1140/1205/1153 1148/1217/1162
f 1149/1218/1163 1148/1217/1162 1140/1205/1153
f 1140/1205/1153 1141/1206/1154 1149/1218/1163
f 1150/1219/1164 1149/1218/1163 1141/1206/1154
f 1141/1206/1154 1151/1220/1165 1150/1219/1164
f 1152/1221/1166 1150/1219/1164 1151/1220/1165
f 1151/1220/1165 1126/1191/1139 1152/1221/1166
f 1153/1222/1167 1152/1221/1166 1126/1191/1139
f 1126/1191/1139 1128/1193/1141 1153/1222/1167
f 1154/1223/1168 1153/1222/1167 1128/1193/1141
f 1128/1193/1141 1155/1224/1169 1154/1223/1168
f 1066/1123/1075 1154/1223/1168 1155/1224/1169
f 1155/1224/1169 1129/1194/1142 1066/1123/1075
f 1067/1124/1076 1066/1123/1075 1129/1194/1142
f 1129/1194/1142 1156/1225/1170 1067/1124/1076
f 1070/1127/1079 1067/1124/1076 1156/1225/1170
f 1156/1225/1170 1131/1196/1144 1070/1127/1079
f 1157/1226/1171 1070/1127/1079 1131/1196/1144
f 1131/1196/1144 1158/1227/1172 1157/1226/1171
f 1074/1131/1083 1157/1226/1171 1158/1227/1172
f 1158/1227/1172 1159/1228/1173 1074/1131/1083
f 1076/1133/1085 1074/1131/1083 1159/1228/1173
f 1159/1228/1173 1137/1202/1150 1076/1133/1085
f 1078/1135/1087 1076/1133/1085 1137/1202/1150
f 1137/1202/1150 1160/1229/1174 1078/1135/1087
f 1161/1230/1175 1078/1135/1087 1160/1229/1174
f 1160/1229/1174 1162/1231/1176 1161/1230/1175
f 1163/1232/1177 1161/1230/1175 1162/1231/1176
f 1162/1231/1176 1164/1233/1178 1163/1232/1177
f 1165/1234/1179 1163/1232/1177 1164/1233/1178
f 1164/1233/1178 1166/1235/1180 1165/1234/1179
f 1167/1236/1181 1165/1234/1179 1166/1235/1180
f 1166/1235/1180 1168/1237/1182 1167/1236/1181
f 1169/1238/1183 1167/1236/1181 1168/1237/1182
f 1168/1237/1182 1170/1239/1184 1169/1238/1183
f 1928/1089/1041 1171/1240/1185 1172/1241/1186
f 1173/1242/1187 1172/1241/1186 1171/1240/1185
f 1172/1241/1186 1173/1242/1187 1174/1243/1188
f 1175/1244/1189 1174/1243/1188 1173/1242/1187
f 1174/1243/1188 1175/1244/1189 1176/1245/1190
f 1177/1246/1191 1176/1245/1190 1175/1244/1189
f 1176/1245/1190 1177/1246/1191 1178/1247/1192
f 1179/1248/1193 1178/1247/1192 1177/1246/1191
f 1178/1247/1192 1179/1248/1193 1035/1086/1038
f 1180/1249/1194 1035/1086/1038 1179/1248/1193
f 1035/1086/1038 1180/1249/1194 1181/1250/1195
f 1182/1251/1196 1181/1250/1195 1180/1249/1194
f 1181/1250/1195 1182/1251/1196 1183/1252/1197
f 1091/1153/1105 1183/1252/1197 1182/1251/1196
f 1183/1252/1197 1091/1153/1105 1049/1103/1055
f 1093/1155/1107 1049/1103/1055 1091/1153/1105
f 1049/1103/1055 1093/1155/1107 1050/1104/1056
f 1095/1157/1109 1050/1104/1056 1093/1155/1107
f 1050/1104/1056 1095/1157/1109 1051/1105/1057
f 1184/1253/1198 1051/1105/1057 1095/1157/1109
f 1051/1105/1057 1184/1253/1198 1185/1254/1199
f 1099/1161/1113 1185/1254/1199 1184/1253/1198
f 1185/1254/1199 1099/1161/1113 1186/1255/1200
f 1101/1163/1115 1186/1255/1200 1099/1161/1113
f 1186/1255/1200 1101/1163/1115 1187/1256/1201
f 1038/1092/1044 1187/1256/1201 1101/1163/1115
f 1187/1256/1201 1038/1092/1044 1188/1257/1202
f 1037/1091/1043 1188/1257/1202 1038/1092/1044
f 1188/1257/1202 1037/1091/1043 1189/1258/1203
f 1190/1259/1204 1189/1258/1203 1037/1091/1043
f 1189/1258/1203 1190/1259/1204 1191/1260/1205
f 1192/1261/1206 1191/1260/1205 1190/1259/1204
f 1191/1260/1205 1192/1261/1206 1193/1262/1207
f 1194/1263/1208 1193/1262/1207 1192/1261/1206
f 1193/1262/1207 1194/1263/1208 1047/1101/1053
f 1195/1264/1209 1047/1101/1053 1194/1263/1208
f 1047/1101/1053 1195/1264/1209 1048/1102/1054
f 1196/1265/1210 1153/1222/1167 1904/1266/1211
f 1903/1267/1212 1904/1266/1211 1153/1222/1167
f 1153/1222/1167 1154/1223/1168 1903/1267/1212
f 1197/1268/1213 1903/1267/1212 1154/1223/1168
f 1154/1223/1168 1066/1123/1075 1197/1268/1213
f 1198/1269/1214 1197/1268/1213 1066/1123/1075
f 1066/1123/1075 1068/1125/1077 1198/1269/1214
f 1199/1270/1215 1198/1269/1214 1068/1125/1077
f 1068/1125/1077 1069/1126/1078 1199/1270/1215
f 1200/1271/1216 1199/1270/1215 1069/1126/1078
f 1069/1126/1078 1071/1128/1080 1200/1271/1216
f 1201/1272/1217 1200/1271/1216 1071/1128/1080
f 1071/1128/1080 1073/1130/1082 1201/1272/1217
f 1122/1187/1135 1201/1272/1217 1073/1130/1082
f 1073/1130/1082 1075/1132/1084 1122/1187/1135
f 1124/1189/1137 1122/1187/1135 1075/1132/1084
f 1075/1132/1084 1077/1134/1086 1124/1189/1137
f 1125/1190/1138 1124/1189/1137 1077/1134/1086
f 1077/1134/1086 1079/1136/1088 1125/1190/1138
f 1087/1148/1100 1125/1190/1138 1079/1136/1088
f 1079/1136/1088 1080/1137/1089 1087/1148/1100
f 1202/1273/1218 1087/1148/1100 1080/1137/1089
f 1080/1137/1089 1161/1230/1175 1202/1273/1218
f 1084/1144/1096 1202/1273/1218 1161/1230/1175
f 1161/1230/1175 1163/1232/1177 1084/1144/1096
f 1083/1142/1094 1084/1144/1096 1163/1232/1177
f 1163/1232/1177 1165/1234/1179 1083/1142/1094
f 1082/1140/1092 1083/1142/1094 1165/1234/1179
f 1165/1234/1179 1167/1236/1181 1082/1140/1092
f 1081/1138/1090 1082/1140/1092 1167/1236/1181
f 1167/1236/1181 1169/1238/1183 1081/1138/1090
f 1203/1274/1219 1204/1275/1220 1180/1249/1194
f 1926/1276/1221 1180/1249/1194 1204/1275/1220
f 1180/1249/1194 1926/1276/1221 1182/1251/1196
f 1205/1277/1222 1182/1251/1196 1926/1276/1221
f 1182/1251/1196 1205/1277/1222 1091/1153/1105
f 1206/1278/1223 1091/1153/1105 1205/1277/1222
f 1091/1153/1105 1206/1278/1223 1092/1154/1106
f 1207/1279/1224 1092/1154/1106 1206/1278/1223
f 1092/1154/1106 1207/1279/1224 1094/1156/1108
f 1208/1280/1225 1094/1156/1108 1207/1279/1224
f 1094/1156/1108 1208/1280/1225 1096/1158/1110
f 1209/1281/1226 1096/1158/1110 1208/1280/1225
f 1096/1158/1110 1209/1281/1226 1098/1160/1112
f 1210/1282/1227 1098/1160/1112 1209/1281/1226
f 1098/1160/1112 1210/1282/1227 1100/1162/1114
f 1211/1283/1228 1100/1162/1114 1210/1282/1227
f 1100/1162/1114 1211/1283/1228 1102/1164/1116
f 1212/1284/1229 1102/1164/1116 1211/1283/1228
f 1102/1164/1116 1212/1284/1229 1103/1165/1117
f 1113/1176/1125 1103/1165/1117 1212/1284/1229
f 1103/1165/1117 1113/1176/1125 1039/1093/1045
f 1213/1285/1230 1039/1093/1045 1113/1176/1125
f 1039/1093/1045 1213/1285/1230 1037/1091/1043
f 1109/1172/1122 1037/1091/1043 1213/1285/1230
f 1037/1091/1043 1109/1172/1122 1190/1259/1204
f 1108/1170/1121 1190/1259/1204 1109/1172/1122
f 1190/1259/1204 1108/1170/1121 1192/1261/1206
f 1105/1167/1119 1192/1261/1206 1108/1170/1121
f 1192/1261/1206 1105/1167/1119 1194/1263/1208
f 1104/1166/1118 1194/1263/1208 1105/1167/1119
f 1194/1263/1208 1104/1166/1118 1195/1264/1209
f 1214/1286/1231 1215/1287/1232 1216/1288/1233
f 1217/1289/1234 1216/1288/1233 1215/1287/1232
f 1215/1287/1232 1218/1290/1235 1217/1289/1234
f 1219/1291/1236 1217/1289/1234 1218/1290/1235
f 1218/1290/1235 1220/1292/1237 1219/1291/1236
f 1221/1293/1238 1219/1291/1236 1220/1292/1237
f 1220/1292/1237 1222/1294/1239 1221/1293/1238
f 1223/1295/1240 1221/1293/1238 1222/1294/1239
f 1222/1294/1239 1224/1296/1241 1223/1295/1240
f 1225/1297/1242 1223/1295/1240 1224/1296/1241
f 1224/1296/1241 1226/1298/1243 1225/1297/1242
f 1130/1195/1143 1225/1297/1242 1226/1298/1243
f 1226/1298/1243 1227/1299/1244 1130/1195/1143
f 1132/1197/1145 1130/1195/1143 1227/1299/1244
f 1227/1299/1244 1228/1300/1245 1132/1197/1145
f 1134/1199/1147 1132/1197/1145 1228/1300/1245
f 1228/1300/1245 1229/1301/1246 1134/1199/1147
f 1136/1201/1149 1134/1199/1147 1229/1301/1246
f 1229/1301/1246 1230/1302/1247 1136/1201/1149
f 1137/1202/1150 1136/1201/1149 1230/1302/1247
f 1230/1302/1247 1231/1303/1248 1137/1202/1150
f 1160/1229/1174 1137/1202/1150 1231/1303/1248
f 1231/1303/1248 1162/1231/1176 1160/1229/1174
f 1064/1120/1072 1232/1304/1249 1233/1305/1250
f 1234/1306/1251 1233/1305/1250 1232/1304/1249
f 1233/1305/1250 1234/1306/1251 1235/1307/1252
f 1236/1308/1253 1235/1307/1252 1234/1306/1251
f 1235/1307/1252 1236/1308/1253 1237/1309/1254
f 1052/1106/1058 1237/1309/1254 1236/1308/1253
f 1237/1309/1254 1052/1106/1058 1238/1310/1255
f 1054/1108/1060 1238/1310/1255 1052/1106/1058
f 1238/1310/1255 1054/1108/1060 1239/1311/1256
f 1240/1312/1257 1239/1311/1256 1054/1108/1060
f 1239/1311/1256 1240/1312/1257 1241/1313/1258
f 1242/1314/1259 1241/1313/1258 1240/1312/1257
f 1241/1313/1258 1242/1314/1259 1243/1315/1260
f 1244/1316/1261 1243/1315/1260 1242/1314/1259
f 1243/1315/1260 1244/1316/1261 1042/1096/1048
f 1245/1317/1262 1042/1096/1048 1244/1316/1261
f 1042/1096/1048 1245/1317/1262 1040/1094/1046
f 1246/1318/1263 1040/1094/1046 1245/1317/1262
f 1040/1094/1046 1246/1318/1263 1045/1099/1051
f 1187/1256/1201 1045/1099/1051 1246/1318/1263
f 1045/1099/1051 1187/1256/1201 1043/1097/1049
f 1188/1257/1202 1043/1097/1049 1187/1256/1201
f 1043/1097/1049 1188/1257/1202 1189/1258/1203
f 1162/1231/1176 1231/1303/1248 1164/1233/1178
f 1247/1319/1264 1164/1233/1178 1231/1303/1248
f 1164/1233/1178 1247/1319/1264 1248/1320/1265
f 1230/1302/1247 1248/1320/1265 1247/1319/1264
f 1248/1320/1265 1230/1302/1247 1249/1321/1266
f 1229/1301/1246 1249/1321/1266 1230/1302/1247
f 1249/1321/1266 1229/1301/1246 1250/1322/1267
f 1251/1323/1268 1250/1322/1267 1229/1301/1246
f 1250/1322/1267 1251/1323/1268 1252/1324/1269
f 1253/1325/1270 1252/1324/1269 1251/1323/1268
f 1252/1324/1269 1253/1325/1270 1254/1326/1271
f 1255/1327/1272 1254/1326/1271 1253/1325/1270
f 1254/1326/1271 1255/1327/1272 1256/1328/1273
f 1214/1286/1231 1256/1328/1273 1255/1327/1272
f 1256/1328/1273 1214/1286/1231 1257/1329/1274
f 1258/1330/1275 1257/1329/1274 1214/1286/1231
f 1257/1329/1274 1258/1330/1275 1259/1331/1095
f 1260/1332/1097 1259/1331/1095 1258/1330/1275
f 1189/1258/1203 1191/1260/1205 1043/1097/1049
f 1044/1098/1050 1043/1097/1049 1191/1260/1205
f 1191/1260/1205 1261/1333/1276 1044/1098/1050
f 1045/1099/1051 1044/1098/1050 1261/1333/1276
f 1261/1333/1276 1262/1334/1277 1045/1099/1051
f 1040/1094/1046 1045/1099/1051 1262/1334/1277
f 1262/1334/1277 1263/1335/1278 1040/1094/1046
f 1041/1095/1047 1040/1094/1046 1263/1335/1278
f 1263/1335/1278 1059/1115/1067 1041/1095/1047
f 1319/1336/1279 1264/1337/1280 1265/1338/1281
f 1274/1339/1282 1265/1338/1281 1264/1337/1280
f 1265/1338/1281 1274/1339/1282 1266/1340/1283
f 1267/1341/1284 1266/1340/1283 1274/1339/1282
f 1266/1340/1283 1267/1341/1284 1210/1282/1227
f 1268/1342/1285 1210/1282/1227 1267/1341/1284
f 1210/1282/1227 1268/1342/1285 1211/1283/1228
f 1115/1178/1127 1211/1283/1228 1268/1342/1285
f 1211/1283/1228 1115/1178/1127 1212/1284/1229
f 1113/1176/1125 1212/1284/1229 1115/1178/1127
f 1035/1086/1038 1181/1250/1195 1036/1087/1039
f 1049/1103/1055 1036/1087/1039 1181/1250/1195
f 1036/1087/1039 1049/1103/1055 1242/1314/1259
f 1051/1105/1057 1242/1314/1259 1049/1103/1055
f 1242/1314/1259 1051/1105/1057 1244/1316/1261
f 1269/1343/1286 1244/1316/1261 1051/1105/1057
f 1244/1316/1261 1269/1343/1286 1245/1317/1262
f 1270/1344/1287 1245/1317/1262 1269/1343/1286
f 1245/1317/1262 1270/1344/1287 1246/1318/1263
f 1187/1256/1201 1246/1318/1263 1270/1344/1287
f 1172/1241/1186 1174/1243/1188 1271/1345/1288
f 1176/1245/1190 1271/1345/1288 1174/1243/1188
f 1271/1345/1288 1176/1245/1190 1272/1346/1289
f 1273/1347/1290 1272/1346/1289 1176/1245/1190
f 1272/1346/1289 1273/1347/1290 1274/1348/1282
f 1275/1349/1291 1274/1348/1282 1273/1347/1290
f 1274/1348/1282 1275/1349/1291 1335/1350/1292
f 1055/1109/1061 1335/1350/1292 1275/1349/1291
f 1335/1350/1292 1055/1109/1061 1117/1351/1128
f 1116/1111/1063 1117/1351/1128 1055/1109/1061
f 1276/1352/1293 1277/1353/1294 1278/1354/1295
f 1279/1355/1296 1278/1354/1295 1277/1353/1294
f 1277/1353/1294 1198/1269/1214 1279/1355/1296
f 1280/1356/1297 1279/1355/1296 1198/1269/1214
f 1198/1269/1214 1199/1270/1215 1280/1356/1297
f 1118/1182/1130 1280/1356/1297 1199/1270/1215
f 1199/1270/1215 1200/1271/1216 1118/1182/1130
f 1201/1272/1217 1118/1182/1130 1200/1271/1216
f 1214/1286/1231 1255/1327/1272 1215/1287/1232
f 1253/1325/1270 1215/1287/1232 1255/1327/1272
f 1215/1287/1232 1253/1325/1270 1281/1357/1298
f 1282/1358/1299 1281/1357/1298 1253/1325/1270
f 1281/1357/1298 1282/1358/1299 1283/1359/1300
f 1284/1360/1301 1283/1359/1300 1282/1358/1299
f 1283/1359/1300 1284/1360/1301 1222/1294/1239
f 1224/1296/1241 1222/1294/1239 1284/1360/1301
f 1248/1320/1265 1249/1321/1266 1285/1361/1302
f 1250/1322/1267 1285/1361/1302 1249/1321/1266
f 1285/1361/1302 1250/1322/1267 1286/1362/1303
f 1252/1324/1269 1286/1362/1303 1250/1322/1267
f 1286/1362/1303 1252/1324/1269 1287/1363/1304
f 1254/1326/1271 1287/1363/1304 1252/1324/1269
f 1287/1363/1304 1254/1326/1271 1288/1364/1305
f 1289/1365/1306 1288/1364/1305 1254/1326/1271
f 1290/1366/1307 1985/1367/1308 1291/1368/1309
f 1292/1369/1310 1291/1368/1309 1985/1367/1308
f 1291/1368/1309 1292/1369/1310 1206/1278/1223
f 1293/1370/1311 1206/1278/1223 1292/1369/1310
f 1206/1278/1223 1293/1370/1311 1207/1279/1224
f 1265/1338/1281 1207/1279/1224 1293/1370/1311
f 1207/1279/1224 1265/1338/1281 1208/1280/1225
f 1209/1281/1226 1208/1280/1225 1265/1338/1281
f 1064/1120/1072 1233/1305/1250 1062/1118/1070
f 1060/1116/1068 1062/1118/1070 1233/1305/1250
f 1233/1305/1250 1294/1371/1312 1060/1116/1068
f 1295/1372/1313 1060/1116/1068 1294/1371/1312
f 1294/1371/1312 1296/1373/1314 1295/1372/1313
f 1297/1374/1315 1295/1372/1313 1296/1373/1314
f 1296/1373/1314 1238/1310/1255 1297/1374/1315
f 1239/1311/1256 1297/1374/1315 1238/1310/1255
f 1261/1333/1276 1298/1375/1316 1262/1334/1277
f 1263/1335/1278 1262/1334/1277 1298/1375/1316
f 1298/1375/1316 1299/1376/1317 1263/1335/1278
f 1059/1115/1067 1263/1335/1278 1299/1376/1317
f 1299/1376/1317 1300/1377/1318 1059/1115/1067
f 1061/1117/1069 1059/1115/1067 1300/1377/1318
f 1300/1377/1318 1301/1378/1319 1061/1117/1069
f 1302/1379/1320 1061/1117/1069 1301/1378/1319
f 1151/1220/1165 1141/1206/1154 1303/1380/1321
f 1143/1208/1156 1303/1380/1321 1141/1206/1154
f 1303/1380/1321 1143/1208/1156 1221/1293/1238
f 1145/1210/1157 1221/1293/1238 1143/1208/1156
f 1221/1293/1238 1145/1210/1157 1219/1291/1236
f 1146/1212/1159 1219/1291/1236 1145/1210/1157
f 1219/1291/1236 1146/1212/1159 1304/1381/1322
f 1305/1382/1323 1306/1383/1324 1286/1362/1303
f 1307/1384/1325 1286/1362/1303 1306/1383/1324
f 1286/1362/1303 1307/1384/1325 1285/1361/1302
f 1308/1385/1326 1285/1361/1302 1307/1384/1325
f 1285/1361/1302 1308/1385/1326 1309/1386/1327
f 1168/1237/1182 1309/1386/1327 1308/1385/1326
f 1309/1386/1327 1168/1237/1182 1166/1235/1180
f 1178/1247/1192 1053/1107/1059 1176/1245/1190
f 1273/1347/1290 1176/1245/1190 1053/1107/1059
f 1053/1107/1059 1052/1106/1058 1273/1347/1290
f 1275/1349/1291 1273/1347/1290 1052/1106/1058
f 1052/1106/1058 1236/1308/1253 1275/1349/1291
f 1055/1109/1061 1275/1349/1291 1236/1308/1253
f 1236/1308/1253 1056/1110/1062 1055/1109/1061
f 1310/1387/1328 1299/1376/1317 1311/1388/1329
f 1312/1389/1330 1311/1388/1329 1299/1376/1317
f 1299/1376/1317 1298/1375/1316 1312/1389/1330
f 1046/1100/1052 1312/1389/1330 1298/1375/1316
f 1298/1375/1316 1313/1390/1331 1046/1100/1052
f 1047/1101/1053 1046/1100/1052 1313/1390/1331
f 1313/1390/1331 1193/1262/1207 1047/1101/1053
f 1151/1220/1165 1303/1380/1321 1126/1191/1139
f 1314/1391/1332 1126/1191/1139 1303/1380/1321
f 1303/1380/1321 1223/1295/1240 1314/1391/1332
f 1127/1192/1140 1314/1391/1332 1223/1295/1240
f 1223/1295/1240 1225/1297/1242 1127/1192/1140
f 1130/1195/1143 1127/1192/1140 1225/1297/1242
f 1906/1215/1160 1315/1392/1333 1138/1203/1151
f 1139/1204/1152 1138/1203/1151 1315/1392/1333
f 1315/1392/1333 1316/1393/1129 1139/1204/1152
f 1142/1207/1155 1139/1204/1152 1316/1393/1129
f 1316/1393/1129 1119/1394/1131 1142/1207/1155
f 1144/1209/1132 1142/1207/1155 1119/1394/1131
f 1258/1330/1275 1214/1286/1231 1317/1395/1334
f 1216/1288/1233 1317/1395/1334 1214/1286/1231
f 1317/1395/1334 1216/1288/1233 1086/1396/1099
f 1304/1381/1322 1086/1396/1099 1216/1288/1233
f 1086/1396/1099 1304/1381/1322 1318/1397/1101
f 1089/1214/1103 1318/1397/1101 1304/1381/1322
f 1178/1247/1192 1035/1086/1038 1053/1107/1059
f 1034/1085/1037 1053/1107/1059 1035/1086/1038
f 1053/1107/1059 1034/1085/1037 1054/1108/1060
f 1036/1087/1039 1054/1108/1060 1034/1085/1037
f 1054/1108/1060 1036/1087/1039 1240/1312/1257
f 1242/1314/1259 1240/1312/1257 1036/1087/1039
f 1928/1089/1041 1172/1241/1186 1331/1090/1042
f 1271/1345/1288 1331/1090/1042 1172/1241/1186
f 1331/1090/1042 1271/1345/1288 1319/1398/1279
f 1272/1346/1289 1319/1398/1279 1271/1345/1288
f 1319/1398/1279 1272/1346/1289 1264/1399/1280
f 1274/1348/1282 1264/1399/1280 1272/1346/1289
f 1065/1121/1073 1320/1400/1335 1064/1120/1072
f 1232/1304/1249 1064/1120/1072 1320/1400/1335
f 1320/1400/1335 1112/1401/1124 1232/1304/1249
f 1056/1110/1062 1232/1304/1249 1112/1401/1124
f 1112/1401/1124 1114/1402/1126 1056/1110/1062
f 1116/1111/1063 1056/1110/1062 1114/1402/1126
f 1147/1216/1161 1148/1217/1162 1321/1403/1336
f 1196/1265/1210 1321/1403/1336 1148/1217/1162
f 1148/1217/1162 1322/1404/1337 1196/1265/1210
f 1153/1222/1167 1196/1265/1210 1322/1404/1337
f 1322/1404/1337 1152/1221/1166 1153/1222/1167
f 1118/1182/1130 1316/1181/1129 1280/1356/1297
f 1315/1405/1333 1280/1356/1297 1316/1181/1129
f 1280/1356/1297 1315/1405/1333 1323/1406/1338
f 1324/1407/1339 1323/1406/1338 1315/1405/1333
f 1323/1406/1338 1324/1407/1339 1325/1408/1340
f 1326/1409/1091 1327/1410/1341 1328/1411/1093
f 1257/1329/1274 1328/1411/1093 1327/1410/1341
f 1327/1410/1341 1289/1365/1306 1257/1329/1274
f 1256/1328/1273 1257/1329/1274 1289/1365/1306
f 1289/1365/1306 1254/1326/1271 1256/1328/1273
f 1171/1240/1185 1329/1412/1342 1173/1242/1187
f 1203/1274/1219 1173/1242/1187 1329/1412/1342
f 1173/1242/1187 1203/1274/1219 1330/1413/1343
f 1180/1249/1194 1330/1413/1343 1203/1274/1219
f 1330/1413/1343 1180/1249/1194 1179/1248/1193
f 1265/1338/1281 1293/1370/1311 1319/1336/1279
f 1331/1414/1042 1319/1336/1279 1293/1370/1311
f 1293/1370/1311 1332/1415/1344 1331/1414/1042
f 1929/1416/1040 1331/1414/1042 1332/1415/1344
f 1332/1415/1344 1989/1417/1345 1929/1416/1040
f 1106/1418/1120 1107/1113/1065 1333/1419/1346
f 1057/1112/1064 1333/1419/1346 1107/1113/1065
f 1333/1419/1346 1057/1112/1064 1302/1379/1320
f 1063/1119/1071 1302/1379/1320 1057/1112/1064
f 1302/1379/1320 1063/1119/1071 1061/1117/1069
f 1251/1323/1268 1228/1300/1245 1253/1325/1270
f 1282/1358/1299 1253/1325/1270 1228/1300/1245
f 1228/1300/1245 1227/1299/1244 1282/1358/1299
f 1226/1298/1243 1282/1358/1299 1227/1299/1244
f 1131/1196/1144 1133/1198/1146 1158/1227/1172
f 1159/1228/1173 1158/1227/1172 1133/1198/1146
f 1133/1198/1146 1135/1200/1148 1159/1228/1173
f 1137/1202/1150 1159/1228/1173 1135/1200/1148
f 1220/1292/1237 1218/1290/1235 1222/1294/1239
f 1283/1359/1300 1222/1294/1239 1218/1290/1235
f 1218/1290/1235 1215/1287/1232 1283/1359/1300
f 1281/1357/1298 1283/1359/1300 1215/1287/1232
f 1144/1184/1132 1121/1186/1134 1334/1420/1158
f 1090/1152/1104 1334/1420/1158 1121/1186/1134
f 1121/1186/1134 1123/1188/1136 1090/1152/1104
f 1088/1150/1102 1090/1152/1104 1123/1188/1136
f 1041/1095/1047 1060/1116/1068 1042/1096/1048
f 1295/1372/1313 1042/1096/1048 1060/1116/1068
f 1042/1096/1048 1295/1372/1313 1243/1315/1260
f 1241/1313/1258 1243/1315/1260 1295/1372/1313
f 1051/1105/1057 1185/1254/1199 1269/1343/1286
f 1186/1255/1200 1269/1343/1286 1185/1254/1199
f 1269/1343/1286 1186/1255/1200 1270/1344/1287
f 1187/1256/1201 1270/1344/1287 1186/1255/1200
f 1237/1309/1254 1238/1310/1255 1235/1307/1252
f 1296/1373/1314 1235/1307/1252 1238/1310/1255
f 1235/1307/1252 1296/1373/1314 1233/1305/1250
f 1294/1371/1312 1233/1305/1250 1296/1373/1314
f 1274/1339/1282 1335/1421/1292 1267/1341/1284
f 1117/1180/1128 1267/1341/1284 1335/1421/1292
f 1267/1341/1284 1117/1180/1128 1268/1342/1285
f 1115/1178/1127 1268/1342/1285 1117/1180/1128
f 1276/1352/1293 1902/1422/1347 1277/1353/1294
f 1197/1268/1213 1277/1353/1294 1902/1422/1347
f 1902/1422/1347 1903/1267/1212 1197/1268/1213
f 1280/1356/1297 1323/1406/1338 1279/1355/1296
f 1278/1354/1295 1279/1355/1296 1323/1406/1338
f 1323/1406/1338 1325/1408/1340 1278/1354/1295
f 1148/1217/1162 1149/1218/1163 1322/1404/1337
f 1150/1219/1164 1322/1404/1337 1149/1218/1163
f 1322/1404/1337 1150/1219/1164 1152/1221/1166
f 1285/1361/1302 1309/1386/1327 1248/1320/1265
f 1166/1235/1180 1248/1320/1265 1309/1386/1327
f 1248/1320/1265 1166/1235/1180 1164/1233/1178
f 1290/1366/1307 1291/1368/1309 1925/1423/1348
f 1205/1277/1222 1925/1423/1348 1291/1368/1309
f 1291/1368/1309 1206/1278/1223 1205/1277/1222
f 1293/1370/1311 1292/1369/1310 1332/1415/1344
f 1985/1367/1308 1332/1415/1344 1292/1369/1310
f 1332/1415/1344 1985/1367/1308 1989/1417/1345
f 1173/1242/1187 1330/1413/1343 1175/1244/1189
f 1177/1246/1191 1175/1244/1189 1330/1413/1343
f 1330/1413/1343 1179/1248/1193 1177/1246/1191
f 1298/1375/1316 1261/1333/1276 1313/1390/1331
f 1313/1390/1331 1261/1333/1276 1193/1262/1207
f 1191/1260/1205 1193/1262/1207 1261/1333/1276
f 1118/1182/1130 1201/1272/1217 1120/1185/1133
f 1122/1187/1135 1120/1185/1133 1201/1272/1217
f 1086/1396/1099 1260/1332/1097 1317/1395/1334
f 1258/1330/1275 1317/1395/1334 1260/1332/1097
f 1087/1148/1100 1202/1273/1218 1085/1146/1098
f 1084/1144/1096 1085/1146/1098 1202/1273/1218
f 1286/1362/1303 1287/1363/1304 1305/1382/1323
f 1288/1364/1305 1305/1382/1323 1287/1363/1304
f 1224/1296/1241 1284/1360/1301 1226/1298/1243
f 1282/1358/1299 1226/1298/1243 1284/1360/1301
f 1216/1288/1233 1217/1289/1234 1304/1381/1322
f 1219/1291/1236 1304/1381/1322 1217/1289/1234
f 1070/1127/1079 1157/1226/1171 1072/1129/1081
f 1074/1131/1083 1072/1129/1081 1157/1226/1171
f 1265/1338/1281 1266/1340/1283 1209/1281/1226
f 1210/1282/1227 1209/1281/1226 1266/1340/1283
f 1112/1401/1124 1320/1400/1335 1110/1122/1074
f 1065/1121/1073 1110/1122/1074 1320/1400/1335
f 1113/1176/1125 1111/1174/1123 1213/1285/1230
f 1109/1172/1122 1213/1285/1230 1111/1174/1123
f 1299/1376/1317 1310/1387/1328 1300/1377/1318
f 1301/1378/1319 1300/1377/1318 1310/1387/1328
f 1239/1311/1256 1241/1313/1258 1297/1374/1315
f 1295/1372/1313 1297/1374/1315 1241/1313/1258
f 1232/1304/1249 1056/1110/1062 1234/1306/1251
f 1236/1308/1253 1234/1306/1251 1056/1110/1062
f 1095/1157/1109 1097/1159/1111 1184/1253/1198
f 1099/1161/1113 1184/1253/1198 1097/1159/1111
f 1129/1194/1142 1155/1224/1169 1128/1193/1141
f 1127/1192/1140 1126/1191/1139 1314/1391/1332
f 1277/1353/1294 1197/1268/1213 1198/1269/1214
f 1315/1392/1333 1906/1215/1160 1324/1424/1339
f 1080/1137/1089 1078/1135/1087 1161/1230/1175
f 1228/1300/1245 1251/1323/1268 1229/1301/1246
f 1230/1302/1247 1247/1319/1264 1231/1303/1248
f 1170/1239/1184 1168/1237/1182 1308/1385/1326
f 1131/1196/1144 1156/1225/1170 1129/1194/1142
f 1223/1295/1240 1303/1380/1321 1221/1293/1238
f 1089/1214/1103 1304/1381/1322 1146/1212/1159
f 1259/1331/1095 1328/1411/1093 1257/1329/1274
f 1926/1276/1221 1925/1423/1348 1205/1277/1222
f 1181/1250/1195 1183/1252/1197 1049/1103/1055
usemtl g1_mesh_-3.001
f 1336/1425/1349 1337/1426/1350 1338/1427/1351
f 1339/1428/1352 1340/1429/1353 1341/1430/1354
f 1342/1431/1355 1343/1432/1356 1344/1433/1357
f 1345/1434/1358 1346/1435/1359 1347/1436/1360
f 1348/1437/1361 1349/1438/1362 1350/1439/1363
f 1986/1440/1364 1351/1441/1365 1527/1442/1366
f 1820/1443/1367 1352/1444/1368 1353/1445/1369
f 1354/1446/1370 1355/1447/1371 1356/1448/1372
f 1357/1449/1373 1358/1450/1374 1359/1451/1375
f 1360/1452/1376 1361/1453/1377 1362/1454/1378
f 1883/1455/1379 1884/1456/1380 1363/1457/1381
f 1364/1458/1382 1365/1459/1383 1366/1460/1384
f 1529/1461/1385 1367/1462/1386 1898/1463/1387
f 1368/1464/1388 1369/1465/1389 1370/1466/1390
f 1371/1467/1391 1370/1466/1390 1372/1468/1392
f 1490/1469/1393 1492/1470/1394 1373/1471/1395
f 1374/1472/1396 1375/1473/1397 1376/1474/1398
f 1377/1475/1399 1378/1476/1400 1379/1477/1401
f 1380/1478/1402 1381/1479/1403 1382/1480/1404
f 1383/1481/1405 1384/1482/1406 1385/1483/1407
f 1386/1484/1408 1387/1485/1409 1388/1486/1410
f 1389/1487/1411 1364/1458/1382 1390/1488/1412
f 1391/1489/1413 1392/1490/1414 1393/1491/1415
f 1394/1492/1416 1395/1493/1417 1396/1494/1418
f 1397/1495/1419 1379/1477/1401 1378/1476/1400
f 1398/1496/1420 1399/1497/1421 1400/1498/1422
f 1401/1499/1423 1402/1500/1424 1403/1501/1425
f 1404/1502/1426 1405/1503/1427 1406/1504/1428
f 1407/1505/1429 1406/1504/1428 1405/1503/1427
f 1406/1504/1428 1407/1505/1429 1408/1506/1430
f 1409/1507/1431 1408/1506/1430 1407/1505/1429
f 1408/1506/1430 1409/1507/1431 1410/1508/1432
f 1411/1509/1433 1410/1508/1432 1409/1507/1431
f 1410/1508/1432 1411/1509/1433 1664/1510/1434
f 1412/1511/1435 1664/1510/1434 1411/1509/1433
f 1664/1510/1434 1412/1511/1435 1983/1512/1436
f 1413/1513/1437 1983/1512/1436 1412/1511/1435
f 1983/1512/1436 1413/1513/1437 1667/1514/1438
f 1414/1515/1439 1667/1514/1438 1413/1513/1437
f 1667/1514/1438 1414/1515/1439 1669/1516/1440
f 1415/1517/1441 1669/1516/1440 1414/1515/1439
f 1669/1516/1440 1415/1517/1441 1416/1518/1442
f 1417/1519/1443 1416/1518/1442 1415/1517/1441
f 1416/1518/1442 1417/1519/1443 1418/1520/1444
f 1419/1521/1445 1418/1520/1444 1417/1519/1443
f 1418/1520/1444 1419/1521/1445 1420/1522/1446
f 1421/1523/1447 1420/1522/1446 1419/1521/1445
f 1420/1522/1446 1421/1523/1447 1422/1524/1448
f 1423/1525/1449 1422/1524/1448 1421/1523/1447
f 1422/1524/1448 1423/1525/1449 1424/1526/1450
f 1425/1527/1451 1424/1526/1450 1423/1525/1449
f 1424/1526/1450 1425/1527/1451 1426/1528/1452
f 1427/1529/1453 1426/1528/1452 1425/1527/1451
f 1426/1528/1452 1427/1529/1453 1805/1530/1454
f 1428/1531/1455 1429/1532/1456 1430/1533/1457
f 1431/1534/1458 1430/1533/1457 1429/1532/1456
f 1430/1533/1457 1431/1534/1458 1432/1535/1459
f 1433/1536/1460 1432/1535/1459 1431/1534/1458
f 1432/1535/1459 1433/1536/1460 1434/1537/1461
f 1435/1538/1462 1434/1537/1461 1433/1536/1460
f 1434/1537/1461 1435/1538/1462 1436/1539/1463
f 1437/1540/1464 1436/1539/1463 1435/1538/1462
f 1436/1539/1463 1437/1540/1464 1438/1541/1465
f 1439/1542/1466 1438/1541/1465 1437/1540/1464
f 1438/1541/1465 1439/1542/1466 1440/1543/1467
f 1481/1544/1468 1440/1543/1467 1439/1542/1466
f 1440/1543/1467 1481/1544/1468 1441/1545/1469
f 1483/1546/1470 1441/1545/1469 1481/1544/1468
f 1441/1545/1469 1483/1546/1470 1442/1547/1471
f 1485/1548/1472 1442/1547/1471 1483/1546/1470
f 1442/1547/1471 1485/1548/1472 1443/1549/1473
f 1674/1550/1474 1443/1549/1473 1485/1548/1472
f 1443/1549/1473 1674/1550/1474 1444/1551/1475
f 1375/1552/1397 1444/1551/1475 1674/1550/1474
f 1444/1551/1475 1375/1552/1397 1445/1553/1476
f 1446/1554/1477 1445/1553/1476 1375/1552/1397
f 1445/1553/1476 1446/1554/1477 1447/1555/1478
f 1448/1556/1479 1447/1555/1478 1446/1554/1477
f 1447/1555/1478 1448/1556/1479 1449/1557/1480
f 1450/1558/1481 1449/1557/1480 1448/1556/1479
f 1449/1557/1480 1450/1558/1481 1451/1559/1482
f 1381/1479/1403 1451/1559/1482 1450/1558/1481
f 1451/1559/1482 1381/1479/1403 1452/1560/1483
f 1380/1478/1402 1452/1560/1483 1381/1479/1403
f 1452/1560/1483 1380/1478/1402 1453/1561/1484
f 1382/1480/1404 1453/1561/1484 1380/1478/1402
f 1412/1511/1435 1411/1509/1433 1454/1562/1485
f 1455/1563/1486 1454/1562/1485 1411/1509/1433
f 1454/1562/1485 1455/1563/1486 1456/1564/1487
f 1457/1565/1488 1456/1564/1487 1455/1563/1486
f 1456/1564/1487 1457/1565/1488 1458/1566/1489
f 1459/1567/1490 1458/1566/1489 1457/1565/1488
f 1458/1566/1489 1459/1567/1490 1460/1568/1491
f 1344/1433/1357 1460/1568/1491 1459/1567/1490
f 1460/1568/1491 1344/1433/1357 1461/1569/1492
f 1343/1432/1356 1461/1569/1492 1344/1433/1357
f 1461/1569/1492 1343/1432/1356 1462/1570/1493
f 1463/1571/1494 1462/1570/1493 1343/1432/1356
f 1462/1570/1493 1463/1571/1494 1417/1519/1443
f 1345/1434/1358 1417/1519/1443 1463/1571/1494
f 1417/1519/1443 1345/1434/1358 1419/1521/1445
f 1347/1436/1360 1419/1521/1445 1345/1434/1358
f 1419/1521/1445 1347/1436/1360 1421/1523/1447
f 1464/1572/1495 1421/1523/1447 1347/1436/1360
f 1421/1523/1447 1464/1572/1495 1423/1525/1449
f 1465/1573/1496 1423/1525/1449 1464/1572/1495
f 1423/1525/1449 1465/1573/1496 1425/1527/1451
f 1466/1574/1497 1425/1527/1451 1465/1573/1496
f 1425/1527/1451 1466/1574/1497 1427/1529/1453
f 1467/1575/1498 1427/1529/1453 1466/1574/1497
f 1441/1545/1469 1468/1576/1499 1440/1543/1467
f 1469/1577/1500 1440/1543/1467 1468/1576/1499
f 1468/1576/1499 1359/1451/1375 1469/1577/1500
f 1470/1578/1501 1469/1577/1500 1359/1451/1375
f 1359/1451/1375 1358/1450/1374 1470/1578/1501
f 1471/1579/1502 1470/1578/1501 1358/1450/1374
f 1358/1450/1374 1472/1580/1503 1471/1579/1502
f 1397/1495/1419 1471/1579/1502 1472/1580/1503
f 1472/1580/1503 1473/1581/1504 1397/1495/1419
f 1474/1582/1505 1475/1583/1506 1476/1584/1507
f 1866/1585/1508 1476/1584/1507 1475/1583/1506
f 1475/1583/1506 1986/1440/1364 1866/1585/1508
f 1477/1586/1509 1478/1587/1510 1394/1492/1416
f 1395/1493/1417 1394/1492/1416 1478/1587/1510
f 1478/1587/1510 1479/1588/1511 1395/1493/1417
f 1441/1545/1469 1442/1547/1471 1468/1576/1499
f 1480/1589/1512 1468/1576/1499 1442/1547/1471
f 1442/1547/1471 1443/1549/1473 1480/1589/1512
f 1440/1543/1467 1469/1577/1500 1438/1541/1465
f 1436/1539/1463 1438/1541/1465 1469/1577/1500
f 1469/1577/1500 1470/1578/1501 1436/1539/1463
f 1481/1590/1468 1482/1591/1513 1483/1592/1470
f 1484/1593/1514 1483/1592/1470 1482/1591/1513
f 1483/1592/1470 1484/1593/1514 1485/1594/1472
f 1445/1553/1476 1486/1595/1515 1444/1551/1475
f 1473/1581/1504 1444/1551/1475 1486/1595/1515
f 1444/1551/1475 1473/1581/1504 1443/1549/1473
f 1382/1596/1404 1487/1597/1516 1453/1598/1484
f 1488/1599/1517 1453/1598/1484 1487/1597/1516
f 1453/1598/1484 1488/1599/1517 1533/1600/1518
f 1555/1601/1519 1489/1602/1520 1490/1603/1393
f 1491/1604/1521 1490/1603/1393 1489/1602/1520
f 1490/1603/1393 1491/1604/1521 1492/1605/1394
f 1988/1606/1522 1493/1607/1523 1400/1498/1422
f 1398/1496/1420 1400/1498/1422 1493/1607/1523
f 1493/1607/1523 1494/1608/1524 1398/1496/1420
f 1495/1609/1525 1496/1610/1526 1497/1611/1527
f 1498/1612/1528 1497/1611/1527 1496/1610/1526
f 1496/1610/1526 1499/1613/1529 1498/1612/1528
f 1500/1614/1530 1501/1615/1531 1502/1616/1532
f 1503/1617/1533 1502/1616/1532 1501/1615/1531
f 1504/1618/1534 1505/1619/1535 1506/1620/1536
f 1507/1621/1537 1506/1620/1536 1505/1619/1535
f 1508/1622/1538 1509/1623/1539 1510/1624/1540
f 1511/1625/1541 1510/1624/1540 1509/1623/1539
f 1512/1626/1542 1953/1627/1543 1513/1628/1544
f 1954/1629/1545 1513/1628/1544 1953/1627/1543
f 1514/1630/1546 1515/1631/1547 1516/1632/1548
f 1517/1633/1549 1516/1632/1548 1515/1631/1547
f 1518/1634/1550 1519/1635/1551 1520/1636/1552
f 1521/1637/1553 1520/1636/1552 1519/1635/1551
f 1522/1638/1554 1523/1639/1555 1524/1640/1556
f 1525/1641/1557 1524/1640/1556 1523/1639/1555
f 1526/1642/1558 1527/1643/1366 1528/1644/1559
f 1529/1645/1385 1528/1644/1559 1527/1643/1366
f 1397/1495/1419 1473/1581/1504 1379/1477/1401
f 1486/1595/1515 1379/1477/1401 1473/1581/1504
f 1379/1477/1401 1486/1595/1515 1377/1475/1399
f 1445/1553/1476 1377/1475/1399 1486/1595/1515
f 1377/1475/1399 1445/1553/1476 1403/1501/1425
f 1447/1555/1478 1403/1501/1425 1445/1553/1476
f 1403/1501/1425 1447/1555/1478 1401/1499/1423
f 1449/1557/1480 1401/1499/1423 1447/1555/1478
f 1401/1499/1423 1449/1557/1480 1530/1646/1560
f 1451/1559/1482 1530/1646/1560 1449/1557/1480
f 1530/1646/1560 1451/1559/1482 1531/1647/1561
f 1452/1560/1483 1531/1647/1561 1451/1559/1482
f 1531/1647/1561 1452/1560/1483 1532/1648/1562
f 1453/1561/1484 1532/1648/1562 1452/1560/1483
f 1532/1648/1562 1453/1561/1484 1533/1649/1518
f 1797/1650/1563 1534/1651/1564 1535/1652/1565
f 1536/1653/1566 1535/1652/1565 1534/1651/1564
f 1535/1652/1565 1536/1653/1566 1537/1654/1567
f 1984/1655/1568 1537/1654/1567 1536/1653/1566
f 1537/1654/1567 1984/1655/1568 1538/1656/1569
f 1801/1657/1570 1538/1656/1569 1984/1655/1568
f 1538/1656/1569 1801/1657/1570 1539/1658/1571
f 1803/1659/1572 1539/1658/1571 1801/1657/1570
f 1539/1658/1571 1803/1659/1572 1540/1660/1573
f 1541/1661/1574 1540/1660/1573 1803/1659/1572
f 1540/1660/1573 1541/1661/1574 1542/1662/1575
f 1543/1663/1576 1542/1662/1575 1541/1661/1574
f 1542/1662/1575 1543/1663/1576 1544/1664/1577
f 1545/1665/1578 1544/1664/1577 1543/1663/1576
f 1544/1664/1577 1545/1665/1578 1546/1666/1579
f 1547/1667/1580 1546/1666/1579 1545/1665/1578
f 1546/1666/1579 1547/1667/1580 1548/1668/1581
f 1549/1669/1582 1548/1668/1581 1547/1667/1580
f 1548/1668/1581 1549/1669/1582 1550/1670/1583
f 1551/1671/1584 1550/1670/1583 1549/1669/1582
f 1550/1670/1583 1551/1671/1584 1552/1672/1585
f 1978/1673/1586 1552/1672/1585 1551/1671/1584
f 1354/1446/1370 1356/1448/1372 1492/1470/1394
f 1373/1471/1395 1492/1470/1394 1356/1448/1372
f 1356/1448/1372 1553/1674/1587 1373/1471/1395
f 1490/1469/1393 1373/1471/1395 1553/1674/1587
f 1553/1674/1587 1554/1675/1588 1490/1469/1393
f 1555/1676/1519 1490/1469/1393 1554/1675/1588
f 1554/1675/1588 1556/1677/1589 1555/1676/1519
f 1818/1678/1590 1555/1676/1519 1556/1677/1589
f 1556/1677/1589 1557/1679/1591 1818/1678/1590
f 1494/1608/1524 1818/1678/1590 1557/1679/1591
f 1557/1679/1591 1558/1680/1592 1494/1608/1524
f 1398/1496/1420 1494/1608/1524 1558/1680/1592
f 1558/1680/1592 1559/1681/1593 1398/1496/1420
f 1399/1497/1421 1398/1496/1420 1559/1681/1593
f 1559/1681/1593 1477/1586/1509 1399/1497/1421
f 1560/1682/1594 1399/1497/1421 1477/1586/1509
f 1477/1586/1509 1394/1492/1416 1560/1682/1594
f 1561/1683/1595 1560/1682/1594 1394/1492/1416
f 1394/1492/1416 1396/1494/1418 1561/1683/1595
f 1562/1684/1596 1561/1683/1595 1396/1494/1418
f 1396/1494/1418 1563/1685/1597 1562/1684/1596
f 1932/1686/1598 1562/1684/1596 1563/1685/1597
f 1910/1687/1599 1908/1688/1600 1564/1689/1601
f 1565/1690/1602 1564/1689/1601 1908/1688/1600
f 1564/1689/1601 1565/1690/1602 1566/1691/1603
f 1567/1692/1604 1566/1691/1603 1565/1690/1602
f 1566/1691/1603 1567/1692/1604 1568/1693/1605
f 1569/1694/1606 1568/1693/1605 1567/1692/1604
f 1568/1693/1605 1569/1694/1606 1570/1695/1607
f 1571/1696/1608 1570/1695/1607 1569/1694/1606
f 1570/1695/1607 1571/1696/1608 1547/1667/1580
f 1572/1697/1609 1547/1667/1580 1571/1696/1608
f 1547/1667/1580 1572/1697/1609 1549/1669/1582
f 1573/1698/1610 1549/1669/1582 1572/1697/1609
f 1549/1669/1582 1573/1698/1610 1551/1671/1584
f 1574/1699/1611 1551/1671/1584 1573/1698/1610
f 1551/1671/1584 1574/1699/1611 1978/1673/1586
f 1575/1700/1612 1978/1673/1586 1574/1699/1611
f 1978/1673/1586 1575/1700/1612 1576/1701/1613
f 1565/1690/1602 1576/1701/1613 1575/1700/1612
f 1576/1701/1613 1565/1690/1602 1908/1688/1600
f 1891/1702/1614 1577/1703/1615 1578/1704/1616
f 1579/1705/1617 1578/1704/1616 1577/1703/1615
f 1580/1706/1618 1581/1707/1619 1582/1708/1620
f 1583/1709/1621 1582/1708/1620 1581/1707/1619
f 1584/1710/1622 1585/1711/1623 1586/1712/1624
f 1587/1713/1625 1586/1712/1624 1585/1711/1623
f 1588/1714/1626 1589/1715/1627 1590/1716/1628
f 1964/1717/1629 1590/1716/1628 1589/1715/1627
f 1591/1718/1630 1592/1719/1631 1593/1720/1632
f 1594/1721/1633 1593/1720/1632 1592/1719/1631
f 1595/1722/1634 1596/1723/1635 1597/1724/1636
f 1598/1725/1637 1597/1724/1636 1596/1723/1635
f 1599/1726/1638 1600/1727/1639 1601/1728/1640
f 1602/1729/1641 1601/1728/1640 1600/1727/1639
f 1603/1730/1642 1604/1731/1643 1605/1732/1644
f 1502/1733/1532 1606/1734/1645 1976/1735/1646
f 1808/1736/1647 1607/1737/1648 1807/1738/1649
f 1535/1652/1565 1608/1739/1650 1797/1650/1563
f 1609/1740/1651 1610/1741/1652 1611/1742/1653
f 1456/1564/1487 1458/1566/1489 1612/1743/1654
f 1613/1744/1655 1614/1745/1656 1615/1746/1657
f 1616/1747/1658 1617/1748/1659 1618/1749/1660
f 1619/1750/1661 1620/1751/1662 1337/1426/1350
f 1891/1702/1614 1578/1704/1616 1503/1752/1533
f 1621/1753/1663 1622/1754/1664 1623/1755/1665
f 1624/1756/1666 1621/1753/1663 1625/1757/1667
f 1536/1653/1566 1534/1651/1564 1984/1655/1568
f 1626/1758/1668 1416/1759/1442 1627/1760/1669
f 1343/1432/1356 1342/1431/1355 1463/1571/1494
f 1805/1530/1454 1424/1526/1450 1426/1528/1452
f 1628/1761/1670 1543/1663/1576 1541/1661/1574
f 1629/1762/1671 1630/1763/1672 1631/1764/1673
f 1632/1765/1674 1579/1705/1617 1577/1703/1615
f 1578/1704/1616 1579/1705/1617 1633/1766/1675
f 1604/1731/1643 1633/1766/1675 1579/1705/1617
f 1633/1766/1675 1604/1731/1643 1504/1618/1534
f 1603/1730/1642 1504/1618/1534 1604/1731/1643
f 1504/1618/1534 1603/1730/1642 1505/1619/1535
f 1516/1632/1548 1505/1619/1535 1603/1730/1642
f 1505/1619/1535 1516/1632/1548 1507/1621/1537
f 1517/1633/1549 1507/1621/1537 1516/1632/1548
f 1507/1621/1537 1517/1633/1549 1634/1767/1676
f 1515/1631/1547 1634/1767/1676 1517/1633/1549
f 1634/1767/1676 1515/1631/1547 1635/1768/1677
f 1636/1769/1678 1635/1768/1677 1515/1631/1547
f 1635/1768/1677 1636/1769/1678 1637/1770/1679
f 1638/1771/1680 1637/1770/1679 1636/1769/1678
f 1637/1770/1679 1638/1771/1680 1639/1772/1681
f 1640/1773/1682 1639/1772/1681 1638/1771/1680
f 1639/1772/1681 1640/1773/1682 1641/1774/1683
f 1988/1606/1522 1642/1775/1684 1643/1776/1685
f 1644/1777/1686 1643/1776/1685 1642/1775/1684
f 1642/1775/1684 1645/1778/1687 1644/1777/1686
f 1646/1779/1688 1644/1777/1686 1645/1778/1687
f 1645/1778/1687 1647/1780/1689 1646/1779/1688
f 1648/1781/1690 1646/1779/1688 1647/1780/1689
f 1647/1780/1689 1649/1782/1691 1648/1781/1690
f 1650/1783/1692 1648/1781/1690 1649/1782/1691
f 1649/1782/1691 1560/1682/1594 1650/1783/1692
f 1651/1784/1693 1650/1783/1692 1560/1682/1594
f 1560/1682/1594 1561/1683/1595 1651/1784/1693
f 1652/1785/1694 1651/1784/1693 1561/1683/1595
f 1561/1683/1595 1562/1684/1596 1652/1785/1694
f 1653/1786/1695 1652/1785/1694 1562/1684/1596
f 1562/1684/1596 1932/1686/1598 1653/1786/1695
f 1654/1787/1696 1653/1786/1695 1932/1686/1598
f 1932/1686/1598 1930/1788/1697 1654/1787/1696
f 1644/1777/1686 1654/1787/1696 1930/1788/1697
f 1930/1788/1697 1643/1776/1685 1644/1777/1686
f 1898/1463/1387 1367/1462/1386 1383/1481/1405
f 1384/1482/1406 1383/1481/1405 1367/1462/1386
f 1367/1462/1386 1655/1789/1698 1384/1482/1406
f 1349/1438/1362 1384/1482/1406 1655/1789/1698
f 1655/1789/1698 1580/1706/1618 1349/1438/1362
f 1350/1439/1363 1349/1438/1362 1580/1706/1618
f 1580/1706/1618 1582/1708/1620 1350/1439/1363
f 1592/1719/1631 1350/1439/1363 1582/1708/1620
f 1582/1708/1620 1583/1709/1621 1592/1719/1631
f 1594/1721/1633 1592/1719/1631 1583/1709/1621
f 1583/1709/1621 1656/1790/1699 1594/1721/1633
f 1593/1720/1632 1594/1721/1633 1656/1790/1699
f 1656/1790/1699 1657/1791/1700 1593/1720/1632
f 1658/1792/1701 1593/1720/1632 1657/1791/1700
f 1657/1791/1700 1659/1793/1702 1658/1792/1701
f 1660/1794/1703 1658/1792/1701 1659/1793/1702
f 1659/1793/1702 1661/1795/1704 1660/1794/1703
f 1662/1796/1705 1660/1794/1703 1661/1795/1704
f 1661/1795/1704 1663/1797/1706 1662/1796/1705
f 1664/1798/1434 1665/1799/1707 1410/1508/1432
f 1408/1506/1430 1410/1508/1432 1665/1799/1707
f 1665/1799/1707 1666/1800/1708 1408/1506/1430
f 1406/1504/1428 1408/1506/1430 1666/1800/1708
f 1666/1800/1708 1667/1801/1438 1406/1504/1428
f 1668/1802/1709 1406/1504/1428 1667/1801/1438
f 1667/1801/1438 1669/1803/1440 1668/1802/1709
f 1624/1756/1666 1668/1802/1709 1669/1803/1440
f 1669/1803/1440 1670/1804/1710 1624/1756/1666
f 1621/1753/1663 1624/1756/1666 1670/1804/1710
f 1670/1804/1710 1671/1805/1711 1621/1753/1663
f 1622/1754/1664 1621/1753/1663 1671/1805/1711
f 1671/1805/1711 1672/1806/1712 1622/1754/1664
f 1577/1807/1615 1622/1754/1664 1672/1806/1712
f 1672/1806/1712 1632/1808/1674 1577/1807/1615
f 1481/1590/1468 1439/1542/1466 1482/1591/1513
f 1437/1540/1464 1482/1591/1513 1439/1542/1466
f 1482/1591/1513 1437/1540/1464 1484/1593/1514
f 1435/1538/1462 1484/1593/1514 1437/1540/1464
f 1484/1593/1514 1435/1538/1462 1485/1594/1472
f 1673/1809/1713 1485/1594/1472 1435/1538/1462
f 1485/1594/1472 1673/1809/1713 1674/1810/1474
f 1372/1468/1392 1674/1810/1474 1673/1809/1713
f 1674/1810/1474 1372/1468/1392 1675/1811/1714
f 1370/1466/1390 1675/1811/1714 1372/1468/1392
f 1675/1811/1714 1370/1466/1390 1676/1812/1715
f 1369/1465/1389 1676/1812/1715 1370/1466/1390
f 1676/1812/1715 1369/1465/1389 1677/1813/1716
f 1383/1814/1405 1677/1813/1716 1369/1465/1389
f 1677/1813/1716 1383/1814/1405 1385/1815/1407
f 1953/1627/1543 1512/1626/1542 1951/1816/1717
f 1678/1817/1718 1951/1816/1717 1512/1626/1542
f 1512/1626/1542 1679/1818/1719 1678/1817/1718
f 1680/1819/1720 1678/1817/1718 1679/1818/1719
f 1679/1818/1719 1681/1820/1721 1680/1819/1720
f 1682/1821/1722 1680/1819/1720 1681/1820/1721
f 1681/1820/1721 1683/1822/1723 1682/1821/1722
f 1619/1750/1661 1682/1821/1722 1683/1822/1723
f 1683/1822/1723 1684/1823/1724 1619/1750/1661
f 1620/1751/1662 1619/1750/1661 1684/1823/1724
f 1684/1823/1724 1685/1824/1725 1620/1751/1662
f 1337/1426/1350 1620/1751/1662 1685/1824/1725
f 1685/1824/1725 1686/1825/1726 1337/1426/1350
f 1338/1427/1351 1337/1426/1350 1686/1825/1726
f 1590/1716/1628 1687/1826/1727 1588/1714/1626
f 1962/1827/1728 1588/1714/1626 1687/1826/1727
f 1588/1714/1626 1962/1827/1728 1688/1828/1729
f 1689/1829/1730 1688/1828/1729 1962/1827/1728
f 1688/1828/1729 1689/1829/1730 1690/1830/1731
f 1691/1831/1732 1690/1830/1731 1689/1829/1730
f 1690/1830/1731 1691/1831/1732 1692/1832/1733
f 1366/1460/1384 1692/1832/1733 1691/1831/1732
f 1692/1832/1733 1366/1460/1384 1693/1833/1734
f 1365/1459/1383 1693/1833/1734 1366/1460/1384
f 1693/1833/1734 1365/1459/1383 1694/1834/1735
f 1364/1458/1382 1694/1834/1735 1365/1459/1383
f 1694/1834/1735 1364/1458/1382 1695/1835/1736
f 1389/1487/1411 1695/1835/1736 1364/1458/1382
f 1696/1836/1737 1697/1837/1738 1698/1838/1739
f 1699/1839/1740 1698/1838/1739 1697/1837/1738
f 1697/1837/1738 1546/1666/1579 1699/1839/1740
f 1700/1840/1741 1699/1839/1740 1546/1666/1579
f 1546/1666/1579 1631/1764/1673 1700/1840/1741
f 1701/1841/1742 1700/1840/1741 1631/1764/1673
f 1631/1764/1673 1630/1763/1672 1701/1841/1742
f 1522/1638/1554 1701/1841/1742 1630/1763/1672
f 1630/1763/1672 1463/1571/1494 1522/1638/1554
f 1523/1639/1555 1522/1638/1554 1463/1571/1494
f 1463/1571/1494 1342/1431/1355 1523/1639/1555
f 1525/1641/1557 1523/1639/1555 1342/1431/1355
f 1342/1431/1355 1702/1842/1743 1525/1641/1557
f 1797/1650/1563 1608/1739/1650 1799/1843/1744
f 1703/1844/1745 1799/1843/1744 1608/1739/1650
f 1608/1739/1650 1535/1652/1565 1703/1844/1745
f 1704/1845/1746 1703/1844/1745 1535/1652/1565
f 1535/1652/1565 1537/1654/1567 1704/1845/1746
f 1705/1846/1747 1704/1845/1746 1537/1654/1567
f 1537/1654/1567 1538/1656/1569 1705/1846/1747
f 1706/1847/1748 1705/1846/1747 1538/1656/1569
f 1538/1656/1569 1539/1658/1571 1706/1847/1748
f 1707/1848/1749 1706/1847/1748 1539/1658/1571
f 1539/1658/1571 1540/1660/1573 1707/1848/1749
f 1544/1664/1577 1707/1848/1749 1540/1660/1573
f 1540/1660/1573 1542/1662/1575 1544/1664/1577
f 1708/1849/1750 1709/1850/1751 1710/1851/1752
f 1711/1852/1753 1710/1851/1752 1709/1850/1751
f 1710/1851/1752 1711/1852/1753 1477/1586/1509
f 1712/1853/1754 1477/1586/1509 1711/1852/1753
f 1477/1586/1509 1712/1853/1754 1478/1587/1510
f 1713/1854/1755 1478/1587/1510 1712/1853/1754
f 1478/1587/1510 1713/1854/1755 1479/1588/1511
f 1599/1726/1638 1479/1588/1511 1713/1854/1755
f 1479/1588/1511 1599/1726/1638 1377/1475/1399
f 1601/1728/1640 1377/1475/1399 1599/1726/1638
f 1377/1475/1399 1601/1728/1640 1378/1476/1400
f 1602/1729/1641 1378/1476/1400 1601/1728/1640
f 1378/1476/1400 1602/1729/1641 1714/1855/1756
f 1354/1446/1370 1715/1856/1757 1355/1447/1371
f 1716/1857/1758 1355/1447/1371 1715/1856/1757
f 1355/1447/1371 1716/1857/1758 1356/1448/1372
f 1717/1858/1759 1356/1448/1372 1716/1857/1758
f 1356/1448/1372 1717/1858/1759 1553/1674/1587
f 1718/1859/1760 1553/1674/1587 1717/1858/1759
f 1553/1674/1587 1718/1859/1760 1554/1675/1588
f 1719/1860/1761 1554/1675/1588 1718/1859/1760
f 1554/1675/1588 1719/1860/1761 1556/1677/1589
f 1720/1861/1762 1556/1677/1589 1719/1860/1761
f 1556/1677/1589 1720/1861/1762 1557/1679/1591
f 1559/1681/1593 1557/1679/1591 1720/1861/1762
f 1557/1679/1591 1559/1681/1593 1558/1680/1592
f 1503/1752/1533 1578/1704/1616 1502/1733/1532
f 1606/1734/1645 1502/1733/1532 1578/1704/1616
f 1578/1704/1616 1633/1766/1675 1606/1734/1645
f 1721/1862/1763 1606/1734/1645 1633/1766/1675
f 1633/1766/1675 1504/1618/1534 1721/1862/1763
f 1722/1863/1764 1721/1862/1763 1504/1618/1534
f 1504/1618/1534 1506/1620/1536 1722/1863/1764
f 1723/1864/1765 1722/1863/1764 1506/1620/1536
f 1506/1620/1536 1507/1621/1537 1723/1864/1765
f 1724/1865/1766 1723/1864/1765 1507/1621/1537
f 1507/1621/1537 1634/1767/1676 1724/1865/1766
f 1635/1768/1677 1724/1865/1766 1634/1767/1676
f 1552/1672/1585 1725/1866/1767 1550/1670/1583
f 1629/1762/1671 1550/1670/1583 1725/1866/1767
f 1725/1866/1767 1726/1867/1768 1629/1762/1671
f 1630/1763/1672 1629/1762/1671 1726/1867/1768
f 1726/1867/1768 1727/1868/1769 1630/1763/1672
f 1463/1571/1494 1630/1763/1672 1727/1868/1769
f 1727/1868/1769 1728/1869/1770 1463/1571/1494
f 1345/1434/1358 1463/1571/1494 1728/1869/1770
f 1728/1869/1770 1729/1870/1771 1345/1434/1358
f 1346/1435/1359 1345/1434/1358 1729/1870/1771
f 1729/1870/1771 1464/1572/1495 1346/1435/1359
f 1347/1436/1360 1346/1435/1359 1464/1572/1495
f 1730/1871/1772 1731/1872/1773 1513/1628/1544
f 1732/1873/1774 1513/1628/1544 1731/1872/1773
f 1513/1628/1544 1732/1873/1774 1512/1626/1542
f 1733/1874/1775 1512/1626/1542 1732/1873/1774
f 1512/1626/1542 1733/1874/1775 1679/1818/1719
f 1734/1875/1776 1679/1818/1719 1733/1874/1775
f 1679/1818/1719 1734/1875/1776 1681/1820/1721
f 1735/1876/1777 1681/1820/1721 1734/1875/1776
f 1681/1820/1721 1735/1876/1777 1683/1822/1723
f 1736/1877/1778 1683/1822/1723 1735/1876/1777
f 1683/1822/1723 1736/1877/1778 1684/1823/1724
f 1737/1878/1779 1684/1823/1724 1736/1877/1778
f 1529/1461/1385 1527/1442/1366 1367/1462/1386
f 1351/1441/1365 1367/1462/1386 1527/1442/1366
f 1367/1462/1386 1351/1441/1365 1655/1789/1698
f 1738/1879/1780 1655/1789/1698 1351/1441/1365
f 1655/1789/1698 1738/1879/1780 1580/1706/1618
f 1739/1880/1781 1580/1706/1618 1738/1879/1780
f 1580/1706/1618 1739/1880/1781 1581/1707/1619
f 1740/1881/1782 1581/1707/1619 1739/1880/1781
f 1581/1707/1619 1740/1881/1782 1583/1709/1621
f 1741/1882/1783 1583/1709/1621 1740/1881/1782
f 1583/1709/1621 1741/1882/1783 1656/1790/1699
f 1657/1791/1700 1656/1790/1699 1741/1882/1783
f 1563/1685/1597 1396/1494/1418 1822/1883/1784
f 1395/1493/1417 1822/1883/1784 1396/1494/1418
f 1822/1883/1784 1395/1493/1417 1742/1884/1785
f 1479/1588/1511 1742/1884/1785 1395/1493/1417
f 1742/1884/1785 1479/1588/1511 1743/1885/1786
f 1377/1475/1399 1743/1885/1786 1479/1588/1511
f 1743/1885/1786 1377/1475/1399 1744/1886/1787
f 1403/1501/1425 1744/1886/1787 1377/1475/1399
f 1744/1886/1787 1403/1501/1425 1745/1887/1788
f 1402/1500/1424 1745/1887/1788 1403/1501/1425
f 1745/1887/1788 1402/1500/1424 1530/1646/1560
f 1401/1499/1423 1530/1646/1560 1402/1500/1424
f 1746/1888/1789 1589/1715/1627 1747/1889/1790
f 1748/1890/1791 1747/1889/1790 1589/1715/1627
f 1589/1715/1627 1588/1714/1626 1748/1890/1791
f 1749/1891/1792 1748/1890/1791 1588/1714/1626
f 1588/1714/1626 1688/1828/1729 1749/1891/1792
f 1750/1892/1793 1749/1891/1792 1688/1828/1729
f 1688/1828/1729 1690/1830/1731 1750/1892/1793
f 1751/1893/1794 1750/1892/1793 1690/1830/1731
f 1690/1830/1731 1692/1832/1733 1751/1893/1794
f 1752/1894/1795 1751/1893/1794 1692/1832/1733
f 1692/1832/1733 1693/1833/1734 1752/1894/1795
f 1753/1895/1796 1752/1894/1795 1693/1833/1734
f 1754/1896/1797 1610/1741/1652 1615/1746/1657
f 1613/1744/1655 1615/1746/1657 1610/1741/1652
f 1610/1741/1652 1609/1740/1651 1613/1744/1655
f 1755/1897/1798 1613/1744/1655 1609/1740/1651
f 1609/1740/1651 1756/1898/1799 1755/1897/1798
f 1757/1899/1800 1755/1897/1798 1756/1898/1799
f 1756/1898/1799 1758/1900/1801 1757/1899/1800
f 1605/1732/1644 1757/1899/1800 1758/1900/1801
f 1758/1900/1801 1514/1630/1546 1605/1732/1644
f 1603/1730/1642 1605/1732/1644 1514/1630/1546
f 1514/1630/1546 1516/1632/1548 1603/1730/1642
f 1759/1901/1802 1760/1902/1803 1761/1903/1804
f 1762/1904/1805 1761/1903/1804 1760/1902/1803
f 1760/1902/1803 1763/1905/1806 1762/1904/1805
f 1764/1906/1807 1762/1904/1805 1763/1905/1806
f 1763/1905/1806 1765/1907/1808 1764/1906/1807
f 1766/1908/1809 1764/1906/1807 1765/1907/1808
f 1765/1907/1808 1767/1909/1810 1766/1908/1809
f 1768/1910/1811 1766/1908/1809 1767/1909/1810
f 1767/1909/1810 1769/1911/1812 1768/1910/1811
f 1770/1912/1813 1768/1910/1811 1769/1911/1812
f 1769/1911/1812 1771/1913/1814 1770/1912/1813
f 1386/1484/1408 1360/1452/1376 1772/1914/1815
f 1362/1454/1378 1772/1914/1815 1360/1452/1376
f 1772/1914/1815 1362/1454/1378 1773/1915/1816
f 1774/1916/1817 1773/1915/1816 1362/1454/1378
f 1773/1915/1816 1774/1916/1817 1775/1917/1818
f 1776/1918/1819 1775/1917/1818 1774/1916/1817
f 1775/1917/1818 1776/1918/1819 1777/1919/1820
f 1348/1437/1361 1777/1919/1820 1776/1918/1819
f 1777/1919/1820 1348/1437/1361 1591/1718/1630
f 1350/1439/1363 1591/1718/1630 1348/1437/1361
f 1591/1718/1630 1350/1439/1363 1592/1719/1631
f 1778/1920/1821 1779/1921/1822 1780/1922/1823
f 1781/1923/1824 1780/1922/1823 1779/1921/1822
f 1780/1922/1823 1781/1923/1824 1782/1924/1825
f 1783/1925/1826 1782/1924/1825 1781/1923/1824
f 1782/1924/1825 1783/1925/1826 1784/1926/1827
f 1785/1927/1828 1784/1926/1827 1783/1925/1826
f 1784/1926/1827 1785/1927/1828 1786/1928/1829
f 1787/1929/1830 1786/1928/1829 1785/1927/1828
f 1786/1928/1829 1787/1929/1830 1788/1930/1831
f 1789/1931/1832 1788/1930/1831 1787/1929/1830
f 1788/1930/1831 1789/1931/1832 1790/1932/1833
f 1509/1623/1539 1518/1634/1550 1511/1625/1541
f 1520/1636/1552 1511/1625/1541 1518/1634/1550
f 1511/1625/1541 1520/1636/1552 1791/1933/1834
f 1792/1934/1835 1791/1933/1834 1520/1636/1552
f 1791/1933/1834 1792/1934/1835 1793/1935/1836
f 1794/1936/1837 1793/1935/1836 1792/1934/1835
f 1793/1935/1836 1794/1936/1837 1795/1937/1838
f 1796/1938/1839 1795/1937/1838 1794/1936/1837
f 1795/1937/1838 1796/1938/1839 1321/1939/1336
f 1147/1940/1161 1321/1939/1336 1796/1938/1839
f 1534/1941/1564 1797/1942/1563 1798/1943/1840
f 1799/1944/1744 1798/1943/1840 1797/1942/1563
f 1798/1943/1840 1799/1944/1744 1800/1945/1841
f 1889/1946/1842 1800/1945/1841 1799/1944/1744
f 1800/1945/1841 1889/1946/1842 1801/1947/1570
f 1802/1948/1843 1801/1947/1570 1889/1946/1842
f 1801/1947/1570 1802/1948/1843 1803/1949/1572
f 1804/1950/1844 1803/1949/1572 1802/1948/1843
f 1803/1949/1572 1804/1950/1844 1541/1951/1574
f 1804/1950/1844 1628/1952/1670 1541/1951/1574
f 1805/1953/1454 1806/1954/1845 1807/1955/1649
f 1808/1956/1647 1807/1955/1649 1806/1954/1845
f 1806/1954/1845 1809/1957/1846 1808/1956/1647
f 1627/1760/1669 1808/1956/1647 1809/1957/1846
f 1809/1957/1846 1467/1958/1498 1627/1760/1669
f 1626/1758/1668 1627/1760/1669 1467/1958/1498
f 1467/1958/1498 1918/1959/1847 1626/1758/1668
f 1804/1950/1844 1626/1758/1668 1918/1959/1847
f 1918/1959/1847 1725/1960/1767 1804/1950/1844
f 1552/1961/1585 1804/1950/1844 1725/1960/1767
f 1586/1712/1624 1587/1713/1625 1595/1722/1634
f 1596/1723/1635 1595/1722/1634 1587/1713/1625
f 1587/1713/1625 1810/1962/1848 1596/1723/1635
f 1811/1963/1849 1596/1723/1635 1810/1962/1848
f 1810/1962/1848 1812/1964/1850 1811/1963/1849
f 1813/1965/1851 1811/1963/1849 1812/1964/1850
f 1812/1964/1850 1814/1966/1852 1813/1965/1851
f 1815/1967/1853 1813/1965/1851 1814/1966/1852
f 1814/1966/1852 1329/1968/1342 1815/1967/1853
f 1171/1969/1185 1815/1967/1853 1329/1968/1342
f 1492/1605/1394 1491/1604/1521 1354/1970/1370
f 1715/1971/1757 1354/1970/1370 1491/1604/1521
f 1491/1604/1521 1489/1602/1520 1715/1971/1757
f 1816/1972/1854 1715/1971/1757 1489/1602/1520
f 1489/1602/1520 1555/1601/1519 1816/1972/1854
f 1817/1973/1855 1816/1972/1854 1555/1601/1519
f 1555/1601/1519 1818/1974/1590 1817/1973/1855
f 1819/1975/1856 1817/1973/1855 1818/1974/1590
f 1818/1974/1590 1494/1976/1524 1819/1975/1856
f 1493/1977/1523 1819/1975/1856 1494/1976/1524
f 1382/1596/1404 1820/1978/1367 1487/1597/1516
f 1353/1979/1369 1487/1597/1516 1820/1978/1367
f 1487/1597/1516 1353/1979/1369 1488/1599/1517
f 1374/1472/1396 1488/1599/1517 1353/1979/1369
f 1488/1599/1517 1374/1472/1396 1533/1600/1518
f 1376/1474/1398 1533/1600/1518 1374/1472/1396
f 1533/1600/1518 1376/1474/1398 1821/1980/1857
f 1819/1975/1856 1821/1980/1857 1376/1474/1398
f 1821/1980/1857 1819/1975/1856 1822/1981/1784
f 1563/1982/1597 1822/1981/1784 1819/1975/1856
f 1502/1616/1532 1616/1747/1658 1500/1614/1530
f 1618/1749/1660 1500/1614/1530 1616/1747/1658
f 1500/1614/1530 1618/1749/1660 1823/1983/1858
f 1832/1984/1859 1823/1983/1858 1618/1749/1660
f 1823/1983/1858 1832/1984/1859 1824/1985/1860
f 1831/1986/1861 1824/1985/1860 1832/1984/1859
f 1824/1985/1860 1831/1986/1861 1825/1987/1862
f 1826/1988/1863 1825/1987/1862 1831/1986/1861
f 1825/1987/1862 1826/1988/1863 1980/1989/1864
f 1639/1772/1681 1641/1774/1683 1795/1937/1838
f 1827/1990/1865 1795/1937/1838 1641/1774/1683
f 1795/1937/1838 1827/1990/1865 1793/1935/1836
f 1828/1991/1866 1793/1935/1836 1827/1990/1865
f 1793/1935/1836 1828/1991/1866 1791/1933/1834
f 1829/1992/1867 1791/1933/1834 1828/1991/1866
f 1791/1933/1834 1829/1992/1867 1511/1625/1541
f 1830/1993/1868 1511/1625/1541 1829/1992/1867
f 1511/1625/1541 1830/1993/1868 1510/1624/1540
f 1831/1994/1861 1832/1995/1859 1833/1996/1869
f 1834/1997/1870 1833/1996/1869 1832/1995/1859
f 1833/1996/1869 1834/1997/1870 1835/1998/1871
f 1836/1999/1872 1835/1998/1871 1834/1997/1870
f 1835/1998/1871 1836/1999/1872 1837/2000/1873
f 1838/2001/1874 1837/2000/1873 1836/1999/1872
f 1837/2000/1873 1838/2001/1874 1839/2002/1875
f 1682/1821/1722 1839/2002/1875 1838/2001/1874
f 1839/2002/1875 1682/1821/1722 1619/1750/1661
f 1913/2003/1876 1840/2004/1877 1841/2005/1878
f 1842/2006/1879 1841/2005/1878 1840/2004/1877
f 1840/2004/1877 1843/2007/1880 1842/2006/1879
f 1844/2008/1881 1842/2006/1879 1843/2007/1880
f 1843/2007/1880 1968/2009/1882 1844/2008/1881
f 1845/2010/1883 1844/2008/1881 1968/2009/1882
f 1968/2009/1882 1877/2011/1884 1845/2010/1883
f 1616/1747/1658 1845/2010/1883 1877/2011/1884
f 1877/2011/1884 1617/1748/1659 1616/1747/1658
f 1527/1643/1366 1526/1642/1558 1363/1457/1381
f 1883/1455/1379 1363/1457/1381 1526/1642/1558
f 1526/1642/1558 1846/2012/1885 1883/1455/1379
f 1857/2013/1886 1883/1455/1379 1846/2012/1885
f 1846/2012/1885 1847/2014/1887 1857/2013/1886
f 1855/2015/1888 1857/2013/1886 1847/2014/1887
f 1847/2014/1887 1848/2016/1889 1855/2015/1888
f 1849/2017/1890 1855/2015/1888 1848/2016/1889
f 1848/2016/1889 1850/2018/1891 1849/2017/1890
f 1661/1795/1704 1814/1966/1852 1663/1797/1706
f 1851/2019/1892 1663/1797/1706 1814/1966/1852
f 1814/1966/1852 1812/1964/1850 1851/2019/1892
f 1852/2020/1893 1851/2019/1892 1812/1964/1850
f 1812/1964/1850 1810/1962/1848 1852/2020/1893
f 1853/2021/1894 1852/2020/1893 1810/1962/1848
f 1810/1962/1848 1587/1713/1625 1853/2021/1894
f 1854/2022/1895 1853/2021/1894 1587/1713/1625
f 1587/1713/1625 1585/1711/1623 1854/2022/1895
f 1855/2023/1888 1856/2024/1896 1857/2025/1886
f 1858/2026/1897 1857/2025/1886 1856/2024/1896
f 1856/2024/1896 1859/2027/1898 1858/2026/1897
f 1860/2028/1899 1858/2026/1897 1859/2027/1898
f 1859/2027/1898 1861/2029/1900 1860/2028/1899
f 1862/2030/1901 1860/2028/1899 1861/2029/1900
f 1861/2029/1900 1863/2031/1902 1862/2030/1901
f 1691/1831/1732 1862/2030/1901 1863/2031/1902
f 1863/2031/1902 1366/1460/1384 1691/1831/1732
f 1934/2032/1903 1474/2033/1505 1864/2034/1904
f 1476/2035/1507 1864/2034/1904 1474/2033/1505
f 1864/2034/1904 1476/2035/1507 1865/2036/1905
f 1866/2037/1508 1865/2036/1905 1476/2035/1507
f 1865/2036/1905 1866/2037/1508 1971/2038/1906
f 1867/2039/1907 1971/2038/1906 1866/2037/1508
f 1971/2038/1906 1867/2039/1907 1885/2040/1908
f 1363/1457/1381 1885/2040/1908 1867/2039/1907
f 1885/2040/1908 1363/1457/1381 1884/1456/1380
f 1702/1842/1743 1342/1431/1355 1868/2041/1909
f 1344/1433/1357 1868/2041/1909 1342/1431/1355
f 1868/2041/1909 1344/1433/1357 1869/2042/1910
f 1459/1567/1490 1869/2042/1910 1344/1433/1357
f 1869/2042/1910 1459/1567/1490 1870/2043/1911
f 1457/1565/1488 1870/2043/1911 1459/1567/1490
f 1870/2043/1911 1457/1565/1488 1405/1503/1427
f 1407/1505/1429 1405/1503/1427 1457/1565/1488
f 1871/2044/1912 1841/2045/1878 1872/2046/1913
f 1873/2047/1914 1872/2046/1913 1841/2045/1878
f 1841/2045/1878 1874/2048/1915 1873/2047/1914
f 1875/2049/1916 1873/2047/1914 1874/2048/1915
f 1874/2048/1915 1976/1735/1646 1875/2049/1916
f 1876/2050/1917 1875/2049/1916 1976/1735/1646
f 1976/1735/1646 1606/1734/1645 1876/2050/1917
f 1721/1862/1763 1876/2050/1917 1606/1734/1645
f 1832/1995/1859 1618/2051/1660 1834/1997/1870
f 1617/2052/1659 1834/1997/1870 1618/2051/1660
f 1834/1997/1870 1617/2052/1659 1836/1999/1872
f 1877/2053/1884 1836/1999/1872 1617/2052/1659
f 1836/1999/1872 1877/2053/1884 1838/2001/1874
f 1878/2054/1918 1838/2001/1874 1877/2053/1884
f 1838/2001/1874 1878/2054/1918 1682/1821/1722
f 1680/1819/1720 1682/1821/1722 1878/2054/1918
f 1416/1518/1442 1418/1520/1444 1627/2055/1669
f 1420/1522/1446 1627/2055/1669 1418/1520/1444
f 1627/2055/1669 1420/1522/1446 1808/1736/1647
f 1420/1522/1446 1422/1524/1448 1808/1736/1647
f 1607/1737/1648 1808/1736/1647 1422/1524/1448
f 1422/1524/1448 1424/1526/1450 1607/1737/1648
f 1807/1738/1649 1607/1737/1648 1424/1526/1450
f 1424/1526/1450 1805/1530/1454 1807/1738/1649
f 1714/1855/1756 1879/2056/1919 1378/1476/1400
f 1397/1495/1419 1378/1476/1400 1879/2056/1919
f 1879/2056/1919 1880/2057/1920 1397/1495/1419
f 1471/1579/1502 1397/1495/1419 1880/2057/1920
f 1880/2057/1920 1432/1535/1459 1471/1579/1502
f 1470/1578/1501 1471/1579/1502 1432/1535/1459
f 1432/1535/1459 1434/1537/1461 1470/1578/1501
f 1436/1539/1463 1470/1578/1501 1434/1537/1461
f 1881/2058/1921 1495/1609/1525 1474/1582/1505
f 1497/1611/1527 1474/1582/1505 1495/1609/1525
f 1474/1582/1505 1497/1611/1527 1475/1583/1506
f 1498/1612/1528 1475/1583/1506 1497/1611/1527
f 1475/1583/1506 1498/1612/1528 1986/1440/1364
f 1882/2059/1922 1986/1440/1364 1498/1612/1528
f 1986/1440/1364 1882/2059/1922 1351/1441/1365
f 1738/1879/1780 1351/1441/1365 1882/2059/1922
f 1857/2025/1886 1858/2026/1897 1883/2060/1379
f 1884/2061/1380 1883/2060/1379 1858/2026/1897
f 1858/2026/1897 1860/2028/1899 1884/2061/1380
f 1885/2062/1908 1884/2061/1380 1860/2028/1899
f 1860/2028/1899 1862/2030/1901 1885/2062/1908
f 1886/2063/1923 1885/2062/1908 1862/2030/1901
f 1862/2030/1901 1691/1831/1732 1886/2063/1923
f 1689/1829/1730 1886/2063/1923 1691/1831/1732
f 1375/1552/1397 1374/2064/1396 1446/1554/1477
f 1448/1556/1479 1446/1554/1477 1374/2064/1396
f 1374/2064/1396 1353/1445/1369 1448/1556/1479
f 1450/1558/1481 1448/1556/1479 1353/1445/1369
f 1353/1445/1369 1352/1444/1368 1450/1558/1481
f 1381/1479/1403 1450/1558/1481 1352/1444/1368
f 1352/1444/1368 1820/1443/1367 1381/1479/1403
f 1382/1480/1404 1381/1479/1403 1820/1443/1367
f 1605/1732/1644 1604/1731/1643 1757/1899/1800
f 1755/1897/1798 1757/1899/1800 1604/1731/1643
f 1604/1731/1643 1887/2065/1924 1755/1897/1798
f 1613/1744/1655 1755/1897/1798 1887/2065/1924
f 1887/2065/1924 1888/2066/1925 1613/1744/1655
f 1614/1745/1656 1613/1744/1655 1888/2066/1925
f 1888/2066/1925 1889/2067/1842 1614/1745/1656
f 1823/1983/1858 1890/2068/1926 1500/1614/1530
f 1501/1615/1531 1500/1614/1530 1890/2068/1926
f 1890/2068/1926 1623/1755/1665 1501/1615/1531
f 1503/1617/1533 1501/1615/1531 1623/1755/1665
f 1623/1755/1665 1622/1754/1664 1503/1617/1533
f 1891/2069/1614 1503/1617/1533 1622/1754/1664
f 1622/1754/1664 1577/1807/1615 1891/2069/1614
f 1892/2070/1927 1340/1429/1353 1893/2071/1928
f 1339/1428/1352 1893/2071/1928 1340/1429/1353
f 1893/2071/1928 1339/1428/1352 1759/1901/1802
f 1894/2072/1929 1759/1901/1802 1339/1428/1352
f 1759/1901/1802 1894/2072/1929 1760/1902/1803
f 1765/1907/1808 1760/1902/1803 1894/2072/1929
f 1760/1902/1803 1765/1907/1808 1763/1905/1806
f 1348/1437/1361 1776/1918/1819 1349/1438/1362
f 1774/1916/1817 1349/1438/1362 1776/1918/1819
f 1349/1438/1362 1774/1916/1817 1895/2073/1930
f 1362/1454/1378 1895/2073/1930 1774/1916/1817
f 1895/2073/1930 1362/1454/1378 1896/2074/1931
f 1361/1453/1377 1896/2074/1931 1362/1454/1378
f 1896/2074/1931 1361/1453/1377 1816/2075/1854
f 1846/2012/1885 1526/1642/1558 1897/2076/1932
f 1528/1644/1559 1897/2076/1932 1526/1642/1558
f 1897/2076/1932 1528/1644/1559 1368/1464/1388
f 1529/1645/1385 1368/1464/1388 1528/1644/1559
f 1368/1464/1388 1529/1645/1385 1369/1465/1389
f 1898/2077/1387 1369/1465/1389 1529/1645/1385
f 1369/1465/1389 1898/2077/1387 1383/1814/1405
f 1899/2078/1933 1900/2079/1934 1392/1490/1414
f 1393/1491/1415 1392/1490/1414 1900/2079/1934
f 1900/2079/1934 1778/1920/1821 1393/1491/1415
f 1901/2080/1935 1393/1491/1415 1778/1920/1821
f 1778/1920/1821 1780/1922/1823 1901/2080/1935
f 1784/1926/1827 1901/2080/1935 1780/1922/1823
f 1780/1922/1823 1782/1924/1825 1784/1926/1827
f 1276/2081/1293 1724/1865/1766 1902/2082/1347
f 1903/2083/1212 1902/2082/1347 1724/1865/1766
f 1724/1865/1766 1635/1768/1677 1903/2083/1212
f 1904/2084/1211 1903/2083/1212 1635/1768/1677
f 1635/1768/1677 1637/1770/1679 1904/2084/1211
f 1639/1772/1681 1904/2084/1211 1637/1770/1679
f 1796/1938/1839 1905/2085/1936 1147/1940/1161
f 1906/2086/1160 1147/1940/1161 1905/2085/1936
f 1905/2085/1936 1521/1637/1553 1906/2086/1160
f 1324/2087/1339 1906/2086/1160 1521/1637/1553
f 1521/1637/1553 1519/1635/1551 1324/2087/1339
f 1325/2088/1340 1324/2087/1339 1519/1635/1551
f 1564/1689/1601 1566/1691/1603 1910/1687/1599
f 1907/2089/1937 1910/1687/1599 1566/1691/1603
f 1566/1691/1603 1568/1693/1605 1907/2089/1937
f 1545/1665/1578 1907/2089/1937 1568/1693/1605
f 1568/1693/1605 1570/1695/1607 1545/1665/1578
f 1547/1667/1580 1545/1665/1578 1570/1695/1607
f 1576/2090/1613 1908/2091/1600 1909/2092/1938
f 1910/2093/1599 1909/2092/1938 1908/2091/1600
f 1909/2092/1938 1910/2093/1599 1911/2094/1939
f 1628/1952/1670 1911/2094/1939 1910/2093/1599
f 1911/2094/1939 1628/1952/1670 1552/1961/1585
f 1804/1950/1844 1552/1961/1585 1628/1952/1670
f 1456/1564/1487 1612/1743/1654 1454/1562/1485
f 1912/2095/1940 1454/1562/1485 1612/1743/1654
f 1612/1743/1654 1458/1566/1489 1912/2095/1940
f 1414/1515/1439 1912/2095/1940 1458/1566/1489
f 1458/1566/1489 1460/1568/1491 1414/1515/1439
f 1461/1569/1492 1414/1515/1439 1460/1568/1491
f 1841/2045/1878 1871/2044/1912 1913/2096/1876
f 1977/2097/1941 1913/2096/1876 1871/2044/1912
f 1871/2044/1912 1914/2098/1942 1977/2097/1941
f 1954/1629/1545 1977/2097/1941 1914/2098/1942
f 1914/2098/1942 1730/1871/1772 1954/1629/1545
f 1513/1628/1544 1954/1629/1545 1730/1871/1772
f 1571/1696/1608 1569/1694/1606 1572/1697/1609
f 1573/1698/1610 1572/1697/1609 1569/1694/1606
f 1569/1694/1606 1567/1692/1604 1573/1698/1610
f 1574/1699/1611 1573/1698/1610 1567/1692/1604
f 1567/1692/1604 1565/1690/1602 1574/1699/1611
f 1575/1700/1612 1574/1699/1611 1565/1690/1602
f 1522/1638/1554 1524/1640/1556 1701/1841/1742
f 1700/1840/1741 1701/1841/1742 1524/1640/1556
f 1524/1640/1556 1915/2099/1943 1700/1840/1741
f 1699/1839/1740 1700/1840/1741 1915/2099/1943
f 1915/2099/1943 1916/2100/1944 1699/1839/1740
f 1698/1838/1739 1699/1839/1740 1916/2100/1944
f 1464/1572/1495 1729/1870/1771 1465/1573/1496
f 1728/1869/1770 1465/1573/1496 1729/1870/1771
f 1465/1573/1496 1728/1869/1770 1466/1574/1497
f 1917/2101/1945 1466/1574/1497 1728/1869/1770
f 1466/1574/1497 1917/2101/1945 1467/1575/1498
f 1918/2102/1847 1467/1575/1498 1917/2101/1945
f 1919/2103/1946 1771/1913/1814 1920/2104/1947
f 1921/2105/1948 1920/2104/1947 1771/1913/1814
f 1771/1913/1814 1769/1911/1812 1921/2105/1948
f 1922/2106/1949 1921/2105/1948 1769/1911/1812
f 1769/1911/1812 1767/1909/1810 1922/2106/1949
f 1765/1907/1808 1922/2106/1949 1767/1909/1810
f 1765/1907/1808 1894/2072/1929 1922/2106/1949
f 1923/2107/1950 1922/2106/1949 1894/2072/1929
f 1894/2072/1929 1339/1428/1352 1923/2107/1950
f 1924/2108/1951 1923/2107/1950 1339/1428/1352
f 1339/1428/1352 1341/1430/1354 1924/2108/1951
f 1919/2103/1946 1924/2108/1951 1341/1430/1354
f 1290/2109/1307 1925/2110/1348 1741/1882/1783
f 1926/2111/1221 1741/1882/1783 1925/2110/1348
f 1741/1882/1783 1926/2111/1221 1657/1791/1700
f 1204/2112/1220 1657/1791/1700 1926/2111/1221
f 1657/1791/1700 1204/2112/1220 1659/1793/1702
f 1661/1795/1704 1659/1793/1702 1204/2112/1220
f 1815/1967/1853 1171/1969/1185 1927/2113/1952
f 1928/2114/1041 1927/2113/1952 1171/1969/1185
f 1927/2113/1952 1928/2114/1041 1598/1725/1637
f 1929/2115/1040 1598/1725/1637 1928/2114/1041
f 1598/1725/1637 1929/2115/1040 1597/1724/1636
f 1989/2116/1345 1597/1724/1636 1929/2115/1040
f 1642/1775/1684 1988/1606/1522 1645/1778/1687
f 1400/1498/1422 1645/1778/1687 1988/1606/1522
f 1645/1778/1687 1400/1498/1422 1647/1780/1689
f 1399/1497/1421 1647/1780/1689 1400/1498/1422
f 1647/1780/1689 1399/1497/1421 1649/1782/1691
f 1560/1682/1594 1649/1782/1691 1399/1497/1421
f 1643/2117/1685 1930/2118/1697 1931/2119/1953
f 1932/2120/1598 1931/2119/1953 1930/2118/1697
f 1931/2119/1953 1932/2120/1598 1933/2121/1954
f 1563/1982/1597 1933/2121/1954 1932/2120/1598
f 1933/2121/1954 1563/1982/1597 1493/1977/1523
f 1819/1975/1856 1493/1977/1523 1563/1982/1597
f 1359/1451/1375 1468/1576/1499 1357/1449/1373
f 1480/1589/1512 1357/1449/1373 1468/1576/1499
f 1357/1449/1373 1480/1589/1512 1358/1450/1374
f 1443/1549/1473 1358/1450/1374 1480/1589/1512
f 1358/1450/1374 1443/1549/1473 1472/1580/1503
f 1473/1581/1504 1472/1580/1503 1443/1549/1473
f 1474/1582/1505 1934/2122/1903 1881/2058/1921
f 1987/2123/1955 1881/2058/1921 1934/2122/1903
f 1881/2058/1921 1987/2123/1955 1935/2124/1956
f 1964/1717/1629 1935/2124/1956 1987/2123/1955
f 1935/2124/1956 1964/1717/1629 1746/1888/1789
f 1589/1715/1627 1746/1888/1789 1964/1717/1629
f 1650/1783/1692 1651/1784/1693 1648/1781/1690
f 1652/1785/1694 1648/1781/1690 1651/1784/1693
f 1648/1781/1690 1652/1785/1694 1646/1779/1688
f 1653/1786/1695 1646/1779/1688 1652/1785/1694
f 1646/1779/1688 1653/1786/1695 1644/1777/1686
f 1654/1787/1696 1644/1777/1686 1653/1786/1695
f 1599/1726/1638 1713/1854/1755 1600/1727/1639
f 1712/1853/1754 1600/1727/1639 1713/1854/1755
f 1600/1727/1639 1712/1853/1754 1936/2125/1957
f 1711/1852/1753 1936/2125/1957 1712/1853/1754
f 1936/2125/1957 1711/1852/1753 1937/2126/1958
f 1709/1850/1751 1937/2126/1958 1711/1852/1753
f 1530/1646/1560 1531/1647/1561 1745/1887/1788
f 1744/1886/1787 1745/1887/1788 1531/1647/1561
f 1531/1647/1561 1532/1648/1562 1744/1886/1787
f 1744/1886/1787 1532/1648/1562 1938/2127/1959
f 1533/1649/1518 1938/2127/1959 1532/1648/1562
f 1938/2127/1959 1533/1649/1518 1821/2128/1857
f 1939/2129/1960 1940/2130/1961 1790/1932/1833
f 1941/2131/1962 1790/1932/1833 1940/2130/1961
f 1790/1932/1833 1941/2131/1962 1788/1930/1831
f 1942/2132/1963 1788/1930/1831 1941/2131/1962
f 1788/1930/1831 1942/2132/1963 1786/1928/1829
f 1784/1926/1827 1786/1928/1829 1942/2132/1963
f 1784/1926/1827 1942/2132/1963 1901/2080/1935
f 1943/2133/1964 1901/2080/1935 1942/2132/1963
f 1901/2080/1935 1943/2133/1964 1393/1491/1415
f 1944/2134/1965 1393/1491/1415 1943/2133/1964
f 1393/1491/1415 1944/2134/1965 1391/1489/1413
f 1939/2129/1960 1391/1489/1413 1944/2134/1965
f 1945/2135/1966 1946/2136/1967 1625/1757/1667
f 1624/1756/1666 1625/1757/1667 1946/2136/1967
f 1946/2136/1967 1404/1502/1426 1624/1756/1666
f 1668/1802/1709 1624/1756/1666 1404/1502/1426
f 1404/1502/1426 1406/1504/1428 1668/1802/1709
f 1947/2137/1968 1948/2138/1969 1723/1864/1765
f 1949/2139/1970 1723/1864/1765 1948/2138/1969
f 1723/1864/1765 1949/2139/1970 1722/1863/1764
f 1950/2140/1971 1722/1863/1764 1949/2139/1970
f 1722/1863/1764 1950/2140/1971 1721/1862/1763
f 1843/2007/1880 1840/2004/1877 1678/2141/1718
f 1951/2142/1717 1678/2141/1718 1840/2004/1877
f 1840/2004/1877 1952/2143/1972 1951/2142/1717
f 1953/2144/1543 1951/2142/1717 1952/2143/1972
f 1952/2143/1972 1954/2145/1545 1953/2144/1543
f 1889/1946/1842 1632/1808/1674 1802/1948/1843
f 1672/1806/1712 1802/1948/1843 1632/1808/1674
f 1802/1948/1843 1672/1806/1712 1955/2146/1973
f 1671/1805/1711 1955/2146/1973 1672/1806/1712
f 1955/2146/1973 1671/1805/1711 1670/1804/1710
f 1802/1948/1843 1955/2146/1973 1804/1950/1844
f 1626/1758/1668 1804/1950/1844 1955/2146/1973
f 1955/2146/1973 1670/1804/1710 1626/1758/1668
f 1416/1759/1442 1626/1758/1668 1670/1804/1710
f 1670/1804/1710 1669/1803/1440 1416/1759/1442
f 1980/1989/1864 1956/2147/1974 1825/1987/1862
f 1957/2148/1975 1825/1987/1862 1956/2147/1974
f 1825/1987/1862 1957/2148/1975 1824/1985/1860
f 1890/2068/1926 1824/1985/1860 1957/2148/1975
f 1824/1985/1860 1890/2068/1926 1823/1983/1858
f 1429/1532/1456 1371/1467/1391 1431/1534/1458
f 1372/1468/1392 1431/1534/1458 1371/1467/1391
f 1431/1534/1458 1372/1468/1392 1433/1536/1460
f 1673/1809/1713 1433/1536/1460 1372/1468/1392
f 1433/1536/1460 1673/1809/1713 1435/1538/1462
f 1958/2149/1976 1740/1881/1782 1959/2150/1977
f 1960/2151/1978 1959/2150/1977 1740/1881/1782
f 1740/1881/1782 1739/1880/1781 1960/2151/1978
f 1961/2152/1979 1960/2151/1978 1739/1880/1781
f 1739/1880/1781 1738/1879/1780 1961/2152/1979
f 1865/2036/1905 1962/2153/1728 1864/2034/1904
f 1687/2154/1727 1864/2034/1904 1962/2153/1728
f 1864/2034/1904 1687/2154/1727 1963/2155/1980
f 1590/2156/1628 1963/2155/1980 1687/2154/1727
f 1963/2155/1980 1590/2156/1628 1964/2157/1629
f 1816/1972/1854 1817/1973/1855 1385/1815/1407
f 1385/1815/1407 1817/1973/1855 1677/1813/1716
f 1965/2158/1981 1677/1813/1716 1817/1973/1855
f 1677/1813/1716 1965/2158/1981 1676/1812/1715
f 1675/1811/1714 1676/1812/1715 1965/2158/1981
f 1817/1973/1855 1819/1975/1856 1965/2158/1981
f 1376/1474/1398 1965/2158/1981 1819/1975/1856
f 1965/2158/1981 1376/1474/1398 1675/1811/1714
f 1375/1473/1397 1675/1811/1714 1376/1474/1398
f 1675/1811/1714 1375/1473/1397 1674/1810/1474
f 1850/2018/1891 1848/2016/1889 1966/2159/1982
f 1967/2160/1983 1966/2159/1982 1848/2016/1889
f 1848/2016/1889 1847/2014/1887 1967/2160/1983
f 1897/2076/1932 1967/2160/1983 1847/2014/1887
f 1847/2014/1887 1846/2012/1885 1897/2076/1932
f 1604/1731/1643 1579/1705/1617 1887/2065/1924
f 1632/1765/1674 1887/2065/1924 1579/1705/1617
f 1887/2065/1924 1632/1765/1674 1888/2066/1925
f 1889/2067/1842 1888/2066/1925 1632/1765/1674
f 1796/1938/1839 1794/1936/1837 1905/2085/1936
f 1521/1637/1553 1905/2085/1936 1794/1936/1837
f 1794/1936/1837 1792/1934/1835 1521/1637/1553
f 1520/1636/1552 1521/1637/1553 1792/1934/1835
f 1877/2053/1884 1968/2161/1882 1878/2054/1918
f 1843/2162/1880 1878/2054/1918 1968/2161/1882
f 1878/2054/1918 1843/2162/1880 1680/1819/1720
f 1678/1817/1718 1680/1819/1720 1843/2162/1880
f 1725/1866/1767 1918/2102/1847 1726/1867/1768
f 1917/2101/1945 1726/1867/1768 1918/2102/1847
f 1726/1867/1768 1917/2101/1945 1727/1868/1769
f 1728/1869/1770 1727/1868/1769 1917/2101/1945
f 1619/1750/1661 1337/1426/1350 1839/2002/1875
f 1837/2000/1873 1839/2002/1875 1337/1426/1350
f 1337/1426/1350 1336/1425/1349 1837/2000/1873
f 1835/1998/1871 1837/2000/1873 1336/1425/1349
f 1919/2103/1946 1920/2104/1947 1924/2108/1951
f 1923/2107/1950 1924/2108/1951 1920/2104/1947
f 1920/2104/1947 1921/2105/1948 1923/2107/1950
f 1922/2106/1949 1923/2107/1950 1921/2105/1948
f 1340/1429/1353 1969/2163/1984 1341/1430/1354
f 1970/2164/1985 1341/1430/1354 1969/2163/1984
f 1341/1430/1354 1970/2164/1985 1919/2103/1946
f 1771/1913/1814 1919/2103/1946 1970/2164/1985
f 1349/1438/1362 1895/2073/1930 1384/1482/1406
f 1385/1483/1407 1384/1482/1406 1895/2073/1930
f 1895/2073/1930 1896/2074/1931 1385/1483/1407
f 1816/2075/1854 1385/1483/1407 1896/2074/1931
f 1815/1967/1853 1927/2113/1952 1813/1965/1851
f 1598/1725/1637 1813/1965/1851 1927/2113/1952
f 1813/1965/1851 1598/1725/1637 1811/1963/1849
f 1596/1723/1635 1811/1963/1849 1598/1725/1637
f 1885/2062/1908 1886/2063/1923 1971/2165/1906
f 1865/2166/1905 1971/2165/1906 1886/2063/1923
f 1886/2063/1923 1689/1829/1730 1865/2166/1905
f 1962/1827/1728 1865/2166/1905 1689/1829/1730
f 1822/1883/1784 1742/1884/1785 1821/2128/1857
f 1821/2128/1857 1742/1884/1785 1938/2127/1959
f 1743/1885/1786 1938/2127/1959 1742/1884/1785
f 1938/2127/1959 1743/1885/1786 1744/1886/1787
f 1366/1460/1384 1863/2031/1902 1364/1458/1382
f 1861/2029/1900 1364/1458/1382 1863/2031/1902
f 1364/1458/1382 1861/2029/1900 1390/1488/1412
f 1859/2027/1898 1390/1488/1412 1861/2029/1900
f 1939/2129/1960 1944/2134/1965 1940/2130/1961
f 1943/2133/1964 1940/2130/1961 1944/2134/1965
f 1940/2130/1961 1943/2133/1964 1941/2131/1962
f 1942/2132/1963 1941/2131/1962 1943/2133/1964
f 1392/1490/1414 1391/1489/1413 1972/2167/1986
f 1973/2168/1987 1972/2167/1986 1391/1489/1413
f 1391/1489/1413 1939/2129/1960 1973/2168/1987
f 1790/1932/1833 1973/2168/1987 1939/2129/1960
f 1707/1848/1749 1544/1664/1577 1696/1836/1737
f 1697/1837/1738 1696/1836/1737 1544/1664/1577
f 1544/1664/1577 1546/1666/1579 1697/1837/1738
f 1868/2041/1909 1869/2042/1910 1974/2169/1988
f 1975/2170/1989 1974/2169/1988 1869/2042/1910
f 1869/2042/1910 1870/2043/1911 1975/2170/1989
f 1278/2171/1295 1947/2137/1968 1276/2081/1293
f 1723/1864/1765 1276/2081/1293 1947/2137/1968
f 1276/2081/1293 1723/1864/1765 1724/1865/1766
f 1795/1937/1838 1321/1939/1336 1639/1772/1681
f 1196/2172/1210 1639/1772/1681 1321/1939/1336
f 1639/1772/1681 1196/2172/1210 1904/2084/1211
f 1502/1616/1532 1976/2173/1646 1616/1747/1658
f 1845/2010/1883 1616/1747/1658 1976/2173/1646
f 1976/2173/1646 1844/2008/1881 1845/2010/1883
f 1840/2004/1877 1913/2003/1876 1952/2143/1972
f 1977/2174/1941 1952/2143/1972 1913/2003/1876
f 1952/2143/1972 1977/2174/1941 1954/2145/1545
f 1576/2090/1613 1909/2092/1938 1978/2175/1586
f 1911/2094/1939 1978/2175/1586 1909/2092/1938
f 1978/2175/1586 1911/2094/1939 1552/1961/1585
f 1610/1741/1652 1754/1896/1797 1611/1742/1653
f 1979/2176/1990 1611/1742/1653 1754/1896/1797
f 1611/1742/1653 1979/2176/1990 1609/1740/1651
f 1841/2045/1878 1842/2177/1879 1874/2048/1915
f 1844/2178/1881 1874/2048/1915 1842/2177/1879
f 1874/2048/1915 1844/2178/1881 1976/1735/1646
f 1546/1666/1579 1548/1668/1581 1631/1764/1673
f 1629/1762/1671 1631/1764/1673 1548/1668/1581
f 1548/1668/1581 1550/1670/1583 1629/1762/1671
f 1412/1511/1435 1454/1562/1485 1413/1513/1437
f 1912/2095/1940 1413/1513/1437 1454/1562/1485
f 1413/1513/1437 1912/2095/1940 1414/1515/1439
f 1411/1509/1433 1409/1507/1431 1455/1563/1486
f 1407/1505/1429 1455/1563/1486 1409/1507/1431
f 1889/2067/1842 1799/1843/1744 1614/1745/1656
f 1703/1844/1745 1614/1745/1656 1799/1843/1744
f 1614/1745/1656 1703/1844/1745 1615/1746/1657
f 1704/1845/1746 1615/1746/1657 1703/1844/1745
f 1615/1746/1657 1704/1845/1746 1754/1896/1797
f 1705/1846/1747 1754/1896/1797 1704/1845/1746
f 1754/1896/1797 1705/1846/1747 1979/2176/1990
f 1706/1847/1748 1979/2176/1990 1705/1846/1747
f 1979/2176/1990 1706/1847/1748 1609/1740/1651
f 1707/1848/1749 1609/1740/1651 1706/1847/1748
f 1609/1740/1651 1707/1848/1749 1756/1898/1799
f 1696/1836/1737 1756/1898/1799 1707/1848/1749
f 1756/1898/1799 1696/1836/1737 1758/1900/1801
f 1698/1838/1739 1758/1900/1801 1696/1836/1737
f 1758/1900/1801 1698/1838/1739 1514/1630/1546
f 1916/2100/1944 1514/1630/1546 1698/1838/1739
f 1514/1630/1546 1916/2100/1944 1515/1631/1547
f 1915/2099/1943 1515/1631/1547 1916/2100/1944
f 1515/1631/1547 1915/2099/1943 1636/1769/1678
f 1524/1640/1556 1636/1769/1678 1915/2099/1943
f 1636/1769/1678 1524/1640/1556 1638/1771/1680
f 1525/1641/1557 1638/1771/1680 1524/1640/1556
f 1638/1771/1680 1525/1641/1557 1640/1773/1682
f 1702/1842/1743 1640/1773/1682 1525/1641/1557
f 1640/1773/1682 1702/1842/1743 1641/1774/1683
f 1868/2041/1909 1641/1774/1683 1702/1842/1743
f 1641/1774/1683 1868/2041/1909 1827/1990/1865
f 1974/2169/1988 1827/1990/1865 1868/2041/1909
f 1827/1990/1865 1974/2169/1988 1828/1991/1866
f 1945/2135/1966 1828/1991/1866 1974/2169/1988
f 1828/1991/1866 1945/2135/1966 1829/1992/1867
f 1625/1757/1667 1829/1992/1867 1945/2135/1966
f 1829/1992/1867 1625/1757/1667 1830/1993/1868
f 1621/1753/1663 1830/1993/1868 1625/1757/1667
f 1830/1993/1868 1621/1753/1663 1510/1624/1540
f 1623/1755/1665 1510/1624/1540 1621/1753/1663
f 1510/1624/1540 1623/1755/1665 1508/1622/1538
f 1890/2068/1926 1508/1622/1538 1623/1755/1665
f 1508/1622/1538 1890/2068/1926 1509/1623/1539
f 1957/2148/1975 1509/1623/1539 1890/2068/1926
f 1509/1623/1539 1957/2148/1975 1518/1634/1550
f 1956/2147/1974 1518/1634/1550 1957/2148/1975
f 1518/1634/1550 1956/2147/1974 1519/1635/1551
f 1980/1989/1864 1519/1635/1551 1956/2147/1974
f 1519/1635/1551 1980/1989/1864 1325/2088/1340
f 1325/2179/1340 1980/2180/1864 1278/2171/1295
f 1826/2181/1863 1278/2171/1295 1980/2180/1864
f 1278/2171/1295 1826/2181/1863 1947/2137/1968
f 1831/1994/1861 1947/2137/1968 1826/2181/1863
f 1947/2137/1968 1831/1994/1861 1948/2138/1969
f 1833/1996/1869 1948/2138/1969 1831/1994/1861
f 1948/2138/1969 1833/1996/1869 1949/2139/1970
f 1835/1998/1871 1949/2139/1970 1833/1996/1869
f 1949/2139/1970 1835/1998/1871 1950/2140/1971
f 1336/1425/1349 1950/2140/1971 1835/1998/1871
f 1950/2140/1971 1336/1425/1349 1721/1862/1763
f 1338/1427/1351 1721/1862/1763 1336/1425/1349
f 1721/1862/1763 1338/1427/1351 1876/2050/1917
f 1686/1825/1726 1876/2050/1917 1338/1427/1351
f 1876/2050/1917 1686/1825/1726 1875/2049/1916
f 1685/1824/1725 1875/2049/1916 1686/1825/1726
f 1875/2049/1916 1685/1824/1725 1981/2182/1991
f 1684/1823/1724 1981/2182/1991 1685/1824/1725
f 1981/2182/1991 1684/1823/1724 1761/1903/1804
f 1737/1878/1779 1761/1903/1804 1684/1823/1724
f 1761/1903/1804 1737/1878/1779 1759/1901/1802
f 1736/1877/1778 1759/1901/1802 1737/1878/1779
f 1759/1901/1802 1736/1877/1778 1893/2071/1928
f 1735/1876/1777 1893/2071/1928 1736/1877/1778
f 1893/2071/1928 1735/1876/1777 1892/2070/1927
f 1734/1875/1776 1892/2070/1927 1735/1876/1777
f 1892/2070/1927 1734/1875/1776 1340/1429/1353
f 1733/1874/1775 1340/1429/1353 1734/1875/1776
f 1340/1429/1353 1733/1874/1775 1969/2163/1984
f 1732/1873/1774 1969/2163/1984 1733/1874/1775
f 1969/2163/1984 1732/1873/1774 1970/2164/1985
f 1731/1872/1773 1970/2164/1985 1732/1873/1774
f 1970/2164/1985 1731/1872/1773 1771/1913/1814
f 1730/1871/1772 1771/1913/1814 1731/1872/1773
f 1771/1913/1814 1730/1871/1772 1770/1912/1813
f 1914/2098/1942 1770/1912/1813 1730/1871/1772
f 1770/1912/1813 1914/2098/1942 1768/1910/1811
f 1871/2044/1912 1768/1910/1811 1914/2098/1942
f 1768/1910/1811 1871/2044/1912 1766/1908/1809
f 1872/2046/1913 1766/1908/1809 1871/2044/1912
f 1766/1908/1809 1872/2046/1913 1764/1906/1807
f 1982/2183/1992 1764/1906/1807 1872/2046/1913
f 1764/1906/1807 1982/2183/1992 1762/1904/1805
f 1981/2182/1991 1762/1904/1805 1982/2183/1992
f 1762/1904/1805 1981/2182/1991 1761/1903/1804
f 1816/2075/1854 1361/1453/1377 1715/1856/1757
f 1716/1857/1758 1715/1856/1757 1361/1453/1377
f 1361/1453/1377 1360/1452/1376 1716/1857/1758
f 1455/1563/1486 1407/1505/1429 1457/1565/1488
f 1664/1798/1434 1983/2184/1436 1665/1799/1707
f 1666/1800/1708 1665/1799/1707 1983/2184/1436
f 1983/2184/1436 1667/1801/1438 1666/1800/1708
f 1417/1519/1443 1415/1517/1441 1462/1570/1493
f 1461/1569/1492 1462/1570/1493 1415/1517/1441
f 1415/1517/1441 1414/1515/1439 1461/1569/1492
f 1805/1953/1454 1427/2185/1453 1806/1954/1845
f 1809/1957/1846 1806/1954/1845 1427/2185/1453
f 1427/2185/1453 1467/1958/1498 1809/1957/1846
f 1801/1947/1570 1984/2186/1568 1800/1945/1841
f 1798/1943/1840 1800/1945/1841 1984/2186/1568
f 1984/2186/1568 1534/1941/1564 1798/1943/1840
f 1910/1687/1599 1907/2089/1937 1628/1761/1670
f 1543/1663/1576 1628/1761/1670 1907/2089/1937
f 1907/2089/1937 1545/1665/1578 1543/1663/1576
f 1872/2046/1913 1873/2047/1914 1982/2183/1992
f 1875/2049/1916 1982/2183/1992 1873/2047/1914
f 1982/2183/1992 1875/2049/1916 1981/2182/1991
f 1720/1861/1762 1708/1849/1750 1559/1681/1593
f 1710/1851/1752 1559/1681/1593 1708/1849/1750
f 1559/1681/1593 1710/1851/1752 1477/1586/1509
f 1879/2056/1919 1428/1531/1455 1880/2057/1920
f 1430/1533/1457 1880/2057/1920 1428/1531/1455
f 1880/2057/1920 1430/1533/1457 1432/1535/1459
f 1985/2187/1308 1290/2109/1307 1958/2149/1976
f 1740/1881/1782 1958/2149/1976 1290/2109/1307
f 1290/2109/1307 1741/1882/1783 1740/1881/1782
f 1814/1966/1852 1661/1795/1704 1329/1968/1342
f 1203/2188/1219 1329/1968/1342 1661/1795/1704
f 1661/1795/1704 1204/2112/1220 1203/2188/1219
f 1527/1643/1366 1363/1457/1381 1986/2189/1364
f 1867/2039/1907 1986/2189/1364 1363/1457/1381
f 1986/2189/1364 1867/2039/1907 1866/2037/1508
f 1864/2034/1904 1963/2155/1980 1934/2032/1903
f 1987/2190/1955 1934/2032/1903 1963/2155/1980
f 1963/2155/1980 1964/2157/1629 1987/2190/1955
f 1643/2117/1685 1931/2119/1953 1988/2191/1522
f 1933/2121/1954 1988/2191/1522 1931/2119/1953
f 1988/2191/1522 1933/2121/1954 1493/1977/1523
f 1386/1484/1408 1772/1914/1815 1387/1485/1409
f 1773/1915/1816 1387/1485/1409 1772/1914/1815
f 1387/1485/1409 1773/1915/1816 1388/1486/1410
f 1716/1857/1758 1360/1452/1376 1717/1858/1759
f 1386/1484/1408 1717/1858/1759 1360/1452/1376
f 1717/1858/1759 1386/1484/1408 1718/1859/1760
f 1388/1486/1410 1718/1859/1760 1386/1484/1408
f 1718/1859/1760 1388/1486/1410 1719/1860/1761
f 1773/1915/1816 1719/1860/1761 1388/1486/1410
f 1719/1860/1761 1773/1915/1816 1720/1861/1762
f 1775/1917/1818 1720/1861/1762 1773/1915/1816
f 1720/1861/1762 1775/1917/1818 1708/1849/1750
f 1777/1919/1820 1708/1849/1750 1775/1917/1818
f 1708/1849/1750 1777/1919/1820 1709/1850/1751
f 1591/1718/1630 1709/1850/1751 1777/1919/1820
f 1709/1850/1751 1591/1718/1630 1937/2126/1958
f 1593/1720/1632 1937/2126/1958 1591/1718/1630
f 1937/2126/1958 1593/1720/1632 1936/2125/1957
f 1658/1792/1701 1936/2125/1957 1593/1720/1632
f 1936/2125/1957 1658/1792/1701 1600/1727/1639
f 1660/1794/1703 1600/1727/1639 1658/1792/1701
f 1600/1727/1639 1660/1794/1703 1602/1729/1641
f 1662/1796/1705 1602/1729/1641 1660/1794/1703
f 1602/1729/1641 1662/1796/1705 1714/1855/1756
f 1663/1797/1706 1714/1855/1756 1662/1796/1705
f 1714/1855/1756 1663/1797/1706 1879/2056/1919
f 1851/2019/1892 1879/2056/1919 1663/1797/1706
f 1879/2056/1919 1851/2019/1892 1428/1531/1455
f 1852/2020/1893 1428/1531/1455 1851/2019/1892
f 1428/1531/1455 1852/2020/1893 1429/1532/1456
f 1853/2021/1894 1429/1532/1456 1852/2020/1893
f 1429/1532/1456 1853/2021/1894 1371/1467/1391
f 1854/2022/1895 1371/1467/1391 1853/2021/1894
f 1371/1467/1391 1854/2022/1895 1370/1466/1390
f 1585/1711/1623 1370/1466/1390 1854/2022/1895
f 1370/1466/1390 1585/1711/1623 1368/1464/1388
f 1584/1710/1622 1368/1464/1388 1585/1711/1623
f 1368/1464/1388 1584/1710/1622 1897/2076/1932
f 1586/1712/1624 1897/2076/1932 1584/1710/1622
f 1897/2076/1932 1586/1712/1624 1967/2160/1983
f 1595/1722/1634 1967/2160/1983 1586/1712/1624
f 1967/2160/1983 1595/1722/1634 1966/2159/1982
f 1597/1724/1636 1966/2159/1982 1595/1722/1634
f 1966/2159/1982 1597/1724/1636 1850/2018/1891
f 1989/2116/1345 1850/2018/1891 1597/1724/1636
f 1989/2192/1345 1985/2187/1308 1850/2193/1891
f 1849/2194/1890 1850/2193/1891 1985/2187/1308
f 1985/2187/1308 1958/2149/1976 1849/2194/1890
f 1855/2023/1888 1849/2194/1890 1958/2149/1976
f 1958/2149/1976 1959/2150/1977 1855/2023/1888
f 1856/2024/1896 1855/2023/1888 1959/2150/1977
f 1959/2150/1977 1960/2151/1978 1856/2024/1896
f 1859/2027/1898 1856/2024/1896 1960/2151/1978
f 1960/2151/1978 1961/2152/1979 1859/2027/1898
f 1390/1488/1412 1859/2027/1898 1961/2152/1979
f 1961/2152/1979 1738/1879/1780 1390/1488/1412
f 1389/1487/1411 1390/1488/1412 1738/1879/1780
f 1738/1879/1780 1882/2059/1922 1389/1487/1411
f 1695/1835/1736 1389/1487/1411 1882/2059/1922
f 1882/2059/1922 1498/1612/1528 1695/1835/1736
f 1694/1834/1735 1695/1835/1736 1498/1612/1528
f 1498/1612/1528 1499/1613/1529 1694/1834/1735
f 1693/1833/1734 1694/1834/1735 1499/1613/1529
f 1499/1613/1529 1779/1921/1822 1693/1833/1734
f 1753/1895/1796 1693/1833/1734 1779/1921/1822
f 1779/1921/1822 1778/1920/1821 1753/1895/1796
f 1752/1894/1795 1753/1895/1796 1778/1920/1821
f 1778/1920/1821 1900/2079/1934 1752/1894/1795
f 1751/1893/1794 1752/1894/1795 1900/2079/1934
f 1900/2079/1934 1899/2078/1933 1751/1893/1794
f 1750/1892/1793 1751/1893/1794 1899/2078/1933
f 1899/2078/1933 1392/1490/1414 1750/1892/1793
f 1749/1891/1792 1750/1892/1793 1392/1490/1414
f 1392/1490/1414 1972/2167/1986 1749/1891/1792
f 1748/1890/1791 1749/1891/1792 1972/2167/1986
f 1972/2167/1986 1973/2168/1987 1748/1890/1791
f 1747/1889/1790 1748/1890/1791 1973/2168/1987
f 1973/2168/1987 1790/1932/1833 1747/1889/1790
f 1746/1888/1789 1747/1889/1790 1790/1932/1833
f 1790/1932/1833 1789/1931/1832 1746/1888/1789
f 1935/2124/1956 1746/1888/1789 1789/1931/1832
f 1789/1931/1832 1787/1929/1830 1935/2124/1956
f 1881/2058/1921 1935/2124/1956 1787/1929/1830
f 1787/1929/1830 1785/1927/1828 1881/2058/1921
f 1495/1609/1525 1881/2058/1921 1785/1927/1828
f 1785/1927/1828 1783/1925/1826 1495/1609/1525
f 1496/1610/1526 1495/1609/1525 1783/1925/1826
f 1783/1925/1826 1781/1923/1824 1496/1610/1526
f 1499/1613/1529 1496/1610/1526 1781/1923/1824
f 1781/1923/1824 1779/1921/1822 1499/1613/1529
f 1974/2169/1988 1975/2170/1989 1945/2135/1966
f 1946/2136/1967 1945/2135/1966 1975/2170/1989
f 1975/2170/1989 1870/2043/1911 1946/2136/1967
f 1404/1502/1426 1946/2136/1967 1870/2043/1911
f 1870/2043/1911 1405/1503/1427 1404/1502/1426
usemtl g1_mesh_21.001
f 1990/2195/1993 2109/2196/1994 2072/2197/1995
f 2277/2198/1996 1991/2199/1997 1992/2200/1998
f 1993/2201/1999 1992/2200/1998 1991/2199/1997
f 1991/2199/1997 2053/2202/2000 1993/2201/1999
f 1994/2203/2001 1993/2201/1999 2053/2202/2000
f 2053/2202/2000 1995/2204/2002 1994/2203/2001
f 2268/2205/2003 2267/2206/2004 1996/2207/2005
f 1997/2208/2006 1996/2207/2005 2267/2206/2004
f 1996/2207/2005 1997/2208/2006 1998/2209/2007
f 2162/2210/2008 1998/2209/2007 1997/2208/2006
f 1998/2209/2007 2162/2210/2008 2164/2211/2009
f 1999/2212/2010 2000/2213/2011 2001/2214/2012
f 2002/2215/2013 2001/2214/2012 2000/2213/2011
f 2001/2214/2012 2002/2215/2013 2003/2216/2014
f 2004/2217/2015 2003/2216/2014 2002/2215/2013
f 2003/2216/2014 2004/2217/2015 2005/2218/2016
f 2006/2219/2017 2007/2220/2018 2181/2221/2019
f 2182/2222/2020 2181/2221/2019 2007/2220/2018
f 2007/2220/2018 2008/2223/2021 2182/2222/2020
f 2108/2224/2022 2182/2222/2020 2008/2223/2021
f 2008/2223/2021 2009/2225/2023 2108/2224/2022
f 2010/2226/2024 2011/2227/2025 2012/2228/2026
f 2013/2229/2027 2012/2228/2026 2011/2227/2025
f 2012/2228/2026 2013/2229/2027 2014/2230/2028
f 2015/2231/2029 2014/2230/2028 2013/2229/2027
f 2014/2230/2028 2015/2231/2029 2016/2232/2030
f 2017/2233/2031 2018/2234/2032 2019/2235/2033
f 2020/2236/2034 2019/2235/2033 2018/2234/2032
f 2019/2235/2033 2020/2236/2034 2021/2237/2035
f 2022/2238/2036 2021/2237/2035 2020/2236/2034
f 2023/2239/2037 2024/2240/2038 2025/2241/2039
f 1999/2212/2010 2025/2241/2039 2024/2240/2038
f 2025/2241/2039 1999/2212/2010 2026/2242/2040
f 2001/2214/2012 2026/2242/2040 1999/2212/2010
f 2027/2243/2041 2028/2244/2042 2029/2245/2043
f 2030/2246/2044 2029/2245/2043 2028/2244/2042
f 2028/2244/2042 2031/2247/2045 2030/2246/2044
f 2032/2248/2046 2030/2246/2044 2031/2247/2045
f 2033/2249/2047 2034/2250/2048 2035/2251/2049
f 2036/2252/2050 2035/2251/2049 2034/2250/2048
f 2035/2251/2049 2036/2252/2050 2037/2253/2051
f 2038/2254/2052 2037/2253/2051 2036/2252/2050
f 2039/2255/2053 2040/2256/2054 2041/2257/2055
f 2042/2258/2056 2041/2257/2055 2040/2256/2054
f 2041/2257/2055 2042/2258/2056 2043/2259/2057
f 2044/2260/2058 2043/2259/2057 2042/2258/2056
f 2045/2261/2059 2046/2262/2060 2047/2263/2061
f 2048/2264/2062 2047/2263/2061 2046/2262/2060
f 2046/2262/2060 2049/2265/2063 2048/2264/2062
f 2050/2266/2064 2048/2264/2062 2049/2265/2063
f 2242/2267/2065 2051/2268/2066 2052/2269/2067
f 2166/2270/2068 2052/2269/2067 2051/2268/2066
f 2051/2268/2066 1995/2271/2002 2166/2270/2068
f 2053/2272/2000 2166/2270/2068 1995/2271/2002
f 2054/2273/2069 2055/2274/2070 2056/2275/2071
f 2057/2276/2072 2056/2275/2071 2055/2274/2070
f 2056/2275/2071 2057/2276/2072 2058/2277/2073
f 2059/2278/2074 2058/2277/2073 2057/2276/2072
f 2060/2279/2075 2061/2280/2076 2062/2281/2077
f 2063/2282/2078 2062/2281/2077 2061/2280/2076
f 2061/2280/2076 2064/2283/2079 2063/2282/2078
f 2065/2284/2080 2063/2282/2078 2064/2283/2079
f 2066/2285/2081 2067/2286/2082 2068/2287/2083
f 2069/2288/2084 2068/2287/2083 2067/2286/2082
f 2068/2287/2083 2069/2288/2084 2070/2289/2085
f 2071/2290/2086 2070/2289/2085 2069/2288/2084
f 1990/2291/1993 2072/2292/1995 2073/2293/2087
f 2074/2294/2088 2073/2293/2087 2072/2292/1995
f 2073/2293/2087 2074/2294/2088 2075/2295/2089
f 2076/2296/2090 2075/2295/2089 2074/2294/2088
f 2075/2295/2089 2076/2296/2090 2077/2297/2091
f 2078/2298/2092 2077/2297/2091 2076/2296/2090
f 2077/2297/2091 2078/2298/2092 2079/2299/2093
f 2080/2300/2094 2079/2299/2093 2078/2298/2092
f 2079/2299/2093 2080/2300/2094 2081/2301/2095
f 2082/2302/2096 2081/2301/2095 2080/2300/2094
f 2081/2301/2095 2082/2302/2096 2083/2303/2097
f 2084/2304/2098 2083/2303/2097 2082/2302/2096
f 2083/2303/2097 2084/2304/2098 2085/2305/2099
f 2086/2306/2100 2085/2305/2099 2084/2304/2098
f 2085/2305/2099 2086/2306/2100 2087/2307/2101
f 2046/2262/2060 2087/2307/2101 2086/2306/2100
f 2087/2307/2101 2046/2262/2060 2088/2308/2102
f 2045/2261/2059 2088/2308/2102 2046/2262/2060
f 2088/2308/2102 2045/2261/2059 2089/2309/2103
f 2040/2256/2054 2089/2309/2103 2045/2261/2059
f 2089/2309/2103 2040/2256/2054 2090/2310/2104
f 2039/2255/2053 2090/2310/2104 2040/2256/2054
f 2090/2310/2104 2039/2255/2053 2091/2311/2105
f 2092/2312/2106 2091/2311/2105 2039/2255/2053
f 2091/2311/2105 2092/2312/2106 2093/2313/2107
f 2094/2314/2108 2093/2313/2107 2092/2312/2106
f 2093/2313/2107 2094/2314/2108 2095/2315/2109
f 2096/2316/2110 2095/2315/2109 2094/2314/2108
f 2095/2315/2109 2096/2316/2110 2097/2317/2111
f 2098/2318/2112 2097/2317/2111 2096/2316/2110
f 2097/2317/2111 2098/2318/2112 2099/2319/2113
f 2100/2320/2114 2099/2319/2113 2098/2318/2112
f 2099/2319/2113 2100/2320/2114 2101/2321/2115
f 2102/2322/2116 2101/2321/2115 2100/2320/2114
f 2101/2321/2115 2102/2322/2116 2103/2323/2117
f 2104/2324/2118 2103/2323/2117 2102/2322/2116
f 2103/2323/2117 2104/2324/2118 2105/2325/2119
f 2106/2326/2120 2105/2325/2119 2104/2324/2118
f 2105/2325/2119 2106/2326/2120 2107/2327/2121
f 2108/2328/2022 2107/2327/2121 2106/2326/2120
f 2109/2329/1994 2110/2330/2122 2072/2331/1995
f 2111/2332/2123 2072/2331/1995 2110/2330/2122
f 2110/2330/2122 2112/2333/2124 2111/2332/2123
f 2113/2334/2125 2111/2332/2123 2112/2333/2124
f 2112/2333/2124 2114/2335/2126 2113/2334/2125
f 2115/2336/2127 2113/2334/2125 2114/2335/2126
f 2114/2335/2126 2116/2337/2128 2115/2336/2127
f 2117/2338/2129 2115/2336/2127 2116/2337/2128
f 2116/2337/2128 2032/2248/2046 2117/2338/2129
f 2118/2339/2130 2117/2338/2129 2032/2248/2046
f 2032/2248/2046 2031/2247/2045 2118/2339/2130
f 2119/2340/2131 2118/2339/2130 2031/2247/2045
f 2031/2247/2045 2028/2244/2042 2119/2340/2131
f 2010/2226/2024 2119/2340/2131 2028/2244/2042
f 2028/2244/2042 2120/2341/2132 2010/2226/2024
f 2011/2227/2025 2010/2226/2024 2120/2341/2132
f 2120/2341/2132 2121/2342/2133 2011/2227/2025
f 2013/2229/2027 2011/2227/2025 2121/2342/2133
f 2121/2342/2133 1994/2203/2001 2013/2229/2027
f 2015/2231/2029 2013/2229/2027 1994/2203/2001
f 1994/2203/2001 1995/2204/2002 2015/2231/2029
f 2016/2232/2030 2015/2231/2029 1995/2204/2002
f 1995/2204/2002 2256/2343/2134 2016/2232/2030
f 2122/2344/2135 2016/2232/2030 2256/2343/2134
f 2256/2343/2134 2054/2273/2069 2122/2344/2135
f 2123/2345/2136 2122/2344/2135 2054/2273/2069
f 2054/2273/2069 2056/2275/2071 2123/2345/2136
f 2124/2346/2137 2123/2345/2136 2056/2275/2071
f 2056/2275/2071 2058/2277/2073 2124/2346/2137
f 2125/2347/2138 2124/2346/2137 2058/2277/2073
f 2058/2277/2073 2059/2278/2074 2125/2347/2138
f 2126/2348/2139 2125/2347/2138 2059/2278/2074
f 2059/2278/2074 2127/2349/2140 2126/2348/2139
f 2128/2350/2141 2126/2348/2139 2127/2349/2140
f 2127/2349/2140 2179/2351/2142 2128/2350/2141
f 2178/2352/2143 2128/2350/2141 2179/2351/2142
f 2129/2353/2144 2130/2354/2145 2109/2329/1994
f 2110/2330/2122 2109/2329/1994 2130/2354/2145
f 2130/2354/2145 2131/2355/2146 2110/2330/2122
f 2132/2356/2147 2110/2330/2122 2131/2355/2146
f 2131/2355/2146 2133/2357/2148 2132/2356/2147
f 2114/2335/2126 2132/2356/2147 2133/2357/2148
f 2133/2357/2148 2005/2218/2016 2114/2335/2126
f 2116/2337/2128 2114/2335/2126 2005/2218/2016
f 2005/2218/2016 2004/2217/2015 2116/2337/2128
f 2032/2248/2046 2116/2337/2128 2004/2217/2015
f 2004/2217/2015 2002/2215/2013 2032/2248/2046
f 2030/2246/2044 2032/2248/2046 2002/2215/2013
f 2002/2215/2013 2000/2213/2011 2030/2246/2044
f 2029/2245/2043 2030/2246/2044 2000/2213/2011
f 2000/2213/2011 1999/2212/2010 2029/2245/2043
f 2027/2243/2041 2029/2245/2043 1999/2212/2010
f 1999/2212/2010 2024/2240/2038 2027/2243/2041
f 2121/2342/2133 2027/2243/2041 2024/2240/2038
f 2024/2240/2038 2023/2239/2037 2121/2342/2133
f 2121/2342/2133 2023/2239/2037 1993/2201/1999
f 2025/2241/2039 1993/2201/1999 2023/2239/2037
f 1993/2201/1999 2025/2241/2039 1992/2200/1998
f 2026/2242/2040 1992/2200/1998 2025/2241/2039
f 1992/2200/1998 2026/2242/2040 2134/2358/2149
f 2001/2214/2012 2134/2358/2149 2026/2242/2040
f 2134/2358/2149 2001/2214/2012 1996/2359/2005
f 2003/2216/2014 1996/2359/2005 2001/2214/2012
f 1996/2359/2005 2003/2216/2014 2135/2360/2150
f 2005/2218/2016 2135/2360/2150 2003/2216/2014
f 2135/2360/2150 2005/2218/2016 2133/2357/2148
f 2107/2327/2121 2136/2361/2151 2105/2325/2119
f 2071/2290/2086 2105/2325/2119 2136/2361/2151
f 2105/2325/2119 2071/2290/2086 2103/2323/2117
f 2069/2288/2084 2103/2323/2117 2071/2290/2086
f 2103/2323/2117 2069/2288/2084 2137/2362/2152
f 2067/2286/2082 2137/2362/2152 2069/2288/2084
f 2137/2362/2152 2067/2286/2082 2138/2363/2153
f 2066/2285/2081 2138/2363/2153 2067/2286/2082
f 2138/2363/2153 2066/2285/2081 2065/2284/2080
f 2139/2364/2154 2065/2284/2080 2066/2285/2081
f 2065/2284/2080 2139/2364/2154 2063/2282/2078
f 2140/2365/2155 2063/2282/2078 2139/2364/2154
f 2063/2282/2078 2140/2365/2155 2062/2281/2077
f 2141/2366/2156 2062/2281/2077 2140/2365/2155
f 2062/2281/2077 2141/2366/2156 2060/2279/2075
f 2142/2367/2157 2060/2279/2075 2141/2366/2156
f 2060/2279/2075 2142/2367/2157 2143/2368/2158
f 2144/2369/2159 2143/2368/2158 2142/2367/2157
f 2143/2368/2158 2144/2369/2159 2145/2370/2160
f 2146/2371/2161 2145/2370/2160 2144/2369/2159
f 2145/2370/2160 2146/2371/2161 2147/2372/2162
f 2148/2373/2163 2147/2372/2162 2146/2371/2161
f 2147/2372/2162 2148/2373/2163 2149/2374/2164
f 2111/2332/2123 2113/2334/2125 2150/2375/2165
f 2151/2376/2166 2150/2375/2165 2113/2334/2125
f 2113/2334/2125 2115/2336/2127 2151/2376/2166
f 2152/2377/2167 2151/2376/2166 2115/2336/2127
f 2115/2336/2127 2118/2339/2130 2152/2377/2167
f 2153/2378/2168 2152/2377/2167 2118/2339/2130
f 2118/2339/2130 2154/2379/2169 2153/2378/2168
f 2155/2380/2170 2153/2378/2168 2154/2379/2169
f 2154/2379/2169 2156/2381/2171 2155/2380/2170
f 2157/2382/2172 2155/2380/2170 2156/2381/2171
f 2156/2381/2171 2158/2383/2173 2157/2382/2172
f 2159/2384/2174 2157/2382/2172 2158/2383/2173
f 2158/2383/2173 2160/2385/2175 2159/2384/2174
f 2033/2249/2047 2159/2384/2174 2160/2385/2175
f 2160/2385/2175 2161/2386/2176 2033/2249/2047
f 2034/2250/2048 2033/2249/2047 2161/2386/2176
f 2161/2386/2176 2043/2387/2057 2034/2250/2048
f 2036/2252/2050 2034/2250/2048 2043/2387/2057
f 2043/2387/2057 2248/2388/2177 2036/2252/2050
f 2249/2389/2178 2036/2252/2050 2248/2388/2177
f 2162/2390/2008 2163/2391/2179 2164/2392/2009
f 2277/2393/1996 2164/2392/2009 2163/2391/2179
f 2163/2391/2179 2165/2394/2180 2277/2393/1996
f 2166/2395/2068 2277/2393/1996 2165/2394/2180
f 2165/2394/2180 2167/2396/2181 2166/2395/2068
f 2052/2397/2067 2166/2395/2068 2167/2396/2181
f 2167/2396/2181 2168/2398/2182 2052/2397/2067
f 2169/2399/2183 2052/2397/2067 2168/2398/2182
f 2168/2398/2182 2170/2400/2184 2169/2399/2183
f 2171/2401/2185 2169/2399/2183 2170/2400/2184
f 2170/2400/2184 2172/2402/2186 2171/2401/2185
f 2173/2403/2187 2171/2401/2185 2172/2402/2186
f 2172/2402/2186 2174/2404/2188 2173/2403/2187
f 2175/2405/2189 2173/2403/2187 2174/2404/2188
f 2174/2404/2188 2176/2406/2190 2175/2405/2189
f 2008/2223/2021 2175/2405/2189 2176/2406/2190
f 2176/2406/2190 2177/2407/2191 2008/2223/2021
f 2009/2225/2023 2008/2223/2021 2177/2407/2191
f 2041/2257/2055 2178/2408/2143 2039/2255/2053
f 2179/2409/2142 2039/2255/2053 2178/2408/2143
f 2039/2255/2053 2179/2409/2142 2092/2312/2106
f 2127/2410/2140 2092/2312/2106 2179/2409/2142
f 2092/2312/2106 2127/2410/2140 2094/2314/2108
f 2247/2411/2192 2094/2314/2108 2127/2410/2140
f 2094/2314/2108 2247/2411/2192 2096/2316/2110
f 2246/2412/2193 2096/2316/2110 2247/2411/2192
f 2096/2316/2110 2246/2412/2193 2098/2318/2112
f 2180/2413/2194 2098/2318/2112 2246/2412/2193
f 2098/2318/2112 2180/2413/2194 2100/2320/2114
f 2273/2414/2195 2100/2320/2114 2180/2413/2194
f 2100/2320/2114 2273/2414/2195 2102/2322/2116
f 2238/2415/2196 2102/2322/2116 2273/2414/2195
f 2102/2322/2116 2238/2415/2196 2104/2324/2118
f 2181/2416/2019 2104/2324/2118 2238/2415/2196
f 2104/2324/2118 2181/2416/2019 2182/2417/2020
f 1997/2418/2006 2278/2419/2197 2162/2390/2008
f 2183/2420/2198 2162/2390/2008 2278/2419/2197
f 2162/2390/2008 2183/2420/2198 2184/2421/2199
f 2185/2422/2200 2184/2421/2199 2183/2420/2198
f 2184/2421/2199 2185/2422/2200 2186/2423/2201
f 2187/2424/2202 2186/2423/2201 2185/2422/2200
f 2186/2423/2201 2187/2424/2202 2188/2425/2203
f 2018/2234/2032 2188/2425/2203 2187/2424/2202
f 2188/2425/2203 2018/2234/2032 2189/2426/2204
f 2017/2233/2031 2189/2426/2204 2018/2234/2032
f 2189/2426/2204 2017/2233/2031 2190/2427/2205
f 2019/2235/2033 2190/2427/2205 2017/2233/2031
f 2190/2427/2205 2019/2235/2033 2191/2428/2206
f 2021/2237/2035 2191/2428/2206 2019/2235/2033
f 2191/2428/2206 2021/2237/2035 2192/2429/2207
f 2193/2430/2208 2194/2431/2209 2195/2432/2210
f 2147/2372/2162 2195/2432/2210 2194/2431/2209
f 2194/2431/2209 2085/2305/2099 2147/2372/2162
f 2145/2370/2160 2147/2372/2162 2085/2305/2099
f 2085/2305/2099 2087/2307/2101 2145/2370/2160
f 2143/2368/2158 2145/2370/2160 2087/2307/2101
f 2087/2307/2101 2196/2433/2211 2143/2368/2158
f 2060/2279/2075 2143/2368/2158 2196/2433/2211
f 2196/2433/2211 2197/2434/2212 2060/2279/2075
f 2061/2280/2076 2060/2279/2075 2197/2434/2212
f 2197/2434/2212 2090/2310/2104 2061/2280/2076
f 2091/2311/2105 2061/2280/2076 2090/2310/2104
f 2086/2306/2100 2084/2304/2098 2049/2265/2063
f 2080/2300/2094 2049/2265/2063 2084/2304/2098
f 2049/2265/2063 2080/2300/2094 2050/2266/2064
f 2078/2298/2092 2050/2266/2064 2080/2300/2094
f 2050/2266/2064 2078/2298/2092 2198/2435/2213
f 2076/2296/2090 2198/2435/2213 2078/2298/2092
f 2198/2435/2213 2076/2296/2090 2199/2436/2214
f 2074/2294/2088 2199/2436/2214 2076/2296/2090
f 2199/2436/2214 2074/2294/2088 2200/2437/2215
f 2072/2292/1995 2200/2437/2215 2074/2294/2088
f 2200/2437/2215 2072/2292/1995 2111/2438/2123
f 2193/2430/2208 2201/2439/2216 2194/2431/2209
f 2083/2303/2097 2194/2431/2209 2201/2439/2216
f 2201/2439/2216 2202/2440/2217 2083/2303/2097
f 2081/2301/2095 2083/2303/2097 2202/2440/2217
f 2202/2440/2217 2203/2441/2218 2081/2301/2095
f 2079/2299/2093 2081/2301/2095 2203/2441/2218
f 2203/2441/2218 2204/2442/2219 2079/2299/2093
f 2077/2297/2091 2079/2299/2093 2204/2442/2219
f 2204/2442/2219 2205/2443/2220 2077/2297/2091
f 2075/2295/2089 2077/2297/2091 2205/2443/2220
f 2205/2443/2220 2073/2293/2087 2075/2295/2089
f 2206/2444/2221 2216/2445/2222 2207/2446/2223
f 2208/2447/2224 2207/2446/2223 2216/2445/2222
f 2207/2446/2223 2208/2447/2224 2209/2448/2225
f 2205/2443/2220 2209/2448/2225 2208/2447/2224
f 2209/2448/2225 2205/2443/2220 2210/2449/2226
f 2204/2442/2219 2210/2449/2226 2205/2443/2220
f 2210/2449/2226 2204/2442/2219 2211/2450/2227
f 2203/2441/2218 2211/2450/2227 2204/2442/2219
f 2211/2450/2227 2203/2441/2218 2212/2451/2228
f 2202/2440/2217 2212/2451/2228 2203/2441/2218
f 2212/2451/2228 2202/2440/2217 2213/2452/2229
f 2033/2249/2047 2035/2251/2049 2159/2384/2174
f 2155/2380/2170 2159/2384/2174 2035/2251/2049
f 2035/2251/2049 2214/2453/2230 2155/2380/2170
f 2153/2378/2168 2155/2380/2170 2214/2453/2230
f 2214/2453/2230 2037/2253/2051 2153/2378/2168
f 2152/2377/2167 2153/2378/2168 2037/2253/2051
f 2037/2253/2051 2038/2254/2052 2152/2377/2167
f 2151/2376/2166 2152/2377/2167 2038/2254/2052
f 2038/2254/2052 2036/2252/2050 2151/2376/2166
f 2249/2389/2178 2151/2376/2166 2036/2252/2050
f 2206/2454/2221 2215/2455/2231 2216/2456/2222
f 2217/2457/2232 2216/2456/2222 2215/2455/2231
f 2215/2455/2231 2218/2458/2233 2217/2457/2232
f 2219/2459/2234 2217/2457/2232 2218/2458/2233
f 2218/2458/2233 2220/2460/2235 2219/2459/2234
f 2109/2196/1994 2219/2459/2234 2220/2460/2235
f 2220/2460/2235 2221/2461/2236 2109/2196/1994
f 2129/2462/2144 2109/2196/1994 2221/2461/2236
f 2221/2461/2236 2183/2420/2198 2129/2462/2144
f 2278/2419/2197 2129/2462/2144 2183/2420/2198
f 2177/2407/2191 2176/2406/2190 2192/2429/2207
f 2191/2428/2206 2192/2429/2207 2176/2406/2190
f 2176/2406/2190 2174/2404/2188 2191/2428/2206
f 2190/2427/2205 2191/2428/2206 2174/2404/2188
f 2174/2404/2188 2172/2402/2186 2190/2427/2205
f 2222/2463/2237 2190/2427/2205 2172/2402/2186
f 2172/2402/2186 2170/2400/2184 2222/2463/2237
f 2223/2464/2238 2222/2463/2237 2170/2400/2184
f 2170/2400/2184 2224/2465/2239 2223/2464/2238
f 2188/2425/2203 2223/2464/2238 2224/2465/2239
f 2136/2361/2151 2225/2466/2240 2071/2290/2086
f 2226/2467/2241 2071/2290/2086 2225/2466/2240
f 2071/2290/2086 2226/2467/2241 2070/2289/2085
f 2227/2468/2242 2070/2289/2085 2226/2467/2241
f 2070/2289/2085 2227/2468/2242 2068/2287/2083
f 2228/2469/2243 2068/2287/2083 2227/2468/2242
f 2068/2287/2083 2228/2469/2243 2066/2285/2081
f 2229/2470/2244 2066/2285/2081 2228/2469/2243
f 2066/2285/2081 2229/2470/2244 2139/2364/2154
f 2140/2365/2155 2139/2364/2154 2229/2470/2244
f 2230/2471/2245 2231/2472/2246 2215/2455/2231
f 2232/2473/2247 2215/2455/2231 2231/2472/2246
f 2215/2455/2231 2232/2473/2247 2218/2458/2233
f 2233/2474/2248 2218/2458/2233 2232/2473/2247
f 2218/2458/2233 2233/2474/2248 2220/2460/2235
f 2234/2475/2249 2220/2460/2235 2233/2474/2248
f 2220/2460/2235 2234/2475/2249 2221/2461/2236
f 2185/2422/2200 2221/2461/2236 2234/2475/2249
f 2221/2461/2236 2185/2422/2200 2183/2420/2198
f 2043/2387/2057 2161/2386/2176 2041/2476/2055
f 2178/2352/2143 2041/2476/2055 2161/2386/2176
f 2161/2386/2176 2160/2385/2175 2178/2352/2143
f 2128/2350/2141 2178/2352/2143 2160/2385/2175
f 2160/2385/2175 2158/2383/2173 2128/2350/2141
f 2126/2348/2139 2128/2350/2141 2158/2383/2173
f 2158/2383/2173 2235/2477/2250 2126/2348/2139
f 2125/2347/2138 2126/2348/2139 2235/2477/2250
f 2235/2477/2250 2124/2346/2137 2125/2347/2138
f 2199/2436/2214 2236/2478/2251 2198/2435/2213
f 2050/2266/2064 2198/2435/2213 2236/2478/2251
f 2236/2478/2251 2237/2479/2252 2050/2266/2064
f 2048/2264/2062 2050/2266/2064 2237/2479/2252
f 2237/2479/2252 2044/2260/2058 2048/2264/2062
f 2047/2263/2061 2048/2264/2062 2044/2260/2058
f 2044/2260/2058 2042/2258/2056 2047/2263/2061
f 2045/2261/2059 2047/2263/2061 2042/2258/2056
f 2042/2258/2056 2040/2256/2054 2045/2261/2059
f 2181/2221/2019 2238/2480/2196 2006/2219/2017
f 2239/2481/2253 2006/2219/2017 2238/2480/2196
f 2006/2219/2017 2239/2481/2253 2173/2403/2187
f 2274/2482/2254 2173/2403/2187 2239/2481/2253
f 2173/2403/2187 2274/2482/2254 2171/2401/2185
f 2240/2483/2255 2171/2401/2185 2274/2482/2254
f 2171/2401/2185 2240/2483/2255 2169/2399/2183
f 2241/2484/2256 2169/2399/2183 2240/2483/2255
f 2169/2399/2183 2241/2484/2256 2242/2485/2065
f 2255/2486/2257 2243/2487/2258 2054/2273/2069
f 2244/2488/2259 2054/2273/2069 2243/2487/2258
f 2054/2273/2069 2244/2488/2259 2055/2274/2070
f 2245/2489/2260 2055/2274/2070 2244/2488/2259
f 2055/2274/2070 2245/2489/2260 2057/2276/2072
f 2246/2490/2193 2057/2276/2072 2245/2489/2260
f 2057/2276/2072 2246/2490/2193 2059/2278/2074
f 2247/2491/2192 2059/2278/2074 2246/2490/2193
f 2059/2278/2074 2247/2491/2192 2127/2349/2140
f 2103/2323/2117 2137/2362/2152 2101/2321/2115
f 2099/2319/2113 2101/2321/2115 2137/2362/2152
f 2137/2362/2152 2138/2363/2153 2099/2319/2113
f 2097/2317/2111 2099/2319/2113 2138/2363/2153
f 2138/2363/2153 2065/2284/2080 2097/2317/2111
f 2095/2315/2109 2097/2317/2111 2065/2284/2080
f 2065/2284/2080 2064/2283/2079 2095/2315/2109
f 2093/2313/2107 2095/2315/2109 2064/2283/2079
f 2064/2283/2079 2091/2311/2105 2093/2313/2107
f 2043/2259/2057 2044/2260/2058 2248/2492/2177
f 2249/2493/2178 2248/2492/2177 2044/2260/2058
f 2044/2260/2058 2237/2479/2252 2249/2493/2178
f 2250/2494/2261 2249/2493/2178 2237/2479/2252
f 2237/2479/2252 2236/2478/2251 2250/2494/2261
f 2111/2438/2123 2250/2494/2261 2236/2478/2251
f 2236/2478/2251 2199/2436/2214 2111/2438/2123
f 2200/2437/2215 2111/2438/2123 2199/2436/2214
f 2231/2472/2246 2251/2495/2262 2232/2473/2247
f 2020/2236/2034 2232/2473/2247 2251/2495/2262
f 2232/2473/2247 2020/2236/2034 2233/2474/2248
f 2018/2234/2032 2233/2474/2248 2020/2236/2034
f 2233/2474/2248 2018/2234/2032 2234/2475/2249
f 2187/2424/2202 2234/2475/2249 2018/2234/2032
f 2234/2475/2249 2187/2424/2202 2185/2422/2200
f 2118/2339/2130 2119/2340/2131 2154/2379/2169
f 2252/2496/2263 2154/2379/2169 2119/2340/2131
f 2119/2340/2131 2010/2226/2024 2252/2496/2263
f 2124/2346/2137 2252/2496/2263 2010/2226/2024
f 2010/2226/2024 2012/2228/2026 2124/2346/2137
f 2123/2345/2136 2124/2346/2137 2012/2228/2026
f 2012/2228/2026 2122/2344/2135 2123/2345/2136
f 2242/2267/2065 2241/2497/2256 2253/2498/2264
f 2254/2499/2265 2253/2498/2264 2241/2497/2256
f 2253/2498/2264 2254/2499/2265 2051/2268/2066
f 2243/2500/2258 2051/2268/2066 2254/2499/2265
f 2051/2268/2066 2243/2500/2258 1995/2271/2002
f 2255/2501/2257 1995/2271/2002 2243/2500/2258
f 1995/2271/2002 2255/2501/2257 2256/2502/2134
f 2257/2503/2266 2258/2504/2267 2259/2505/2268
f 2260/2506/2269 2259/2505/2268 2258/2504/2267
f 2258/2504/2267 2261/2507/2270 2260/2506/2269
f 2262/2508/2271 2260/2506/2269 2261/2507/2270
f 2261/2507/2270 2263/2509/2272 2262/2508/2271
f 2264/2510/2273 2262/2508/2271 2263/2509/2272
f 2263/2509/2272 2265/2511/2274 2264/2510/2273
f 2129/2353/2144 2266/2512/2275 2130/2354/2145
f 2131/2355/2146 2130/2354/2145 2266/2512/2275
f 2266/2512/2275 2267/2513/2004 2131/2355/2146
f 2133/2357/2148 2131/2355/2146 2267/2513/2004
f 2267/2513/2004 2268/2514/2003 2133/2357/2148
f 2135/2360/2150 2133/2357/2148 2268/2514/2003
f 2146/2371/2161 2144/2369/2159 2258/2504/2267
f 2142/2367/2157 2258/2504/2267 2144/2369/2159
f 2258/2504/2267 2142/2367/2157 2261/2507/2270
f 2141/2366/2156 2261/2507/2270 2142/2367/2157
f 2261/2507/2270 2141/2366/2156 2229/2470/2244
f 2140/2365/2155 2229/2470/2244 2141/2366/2156
f 2269/2515/2276 2209/2448/2225 2270/2516/2277
f 2271/2517/2278 2270/2516/2277 2209/2448/2225
f 2209/2448/2225 2210/2449/2226 2271/2517/2278
f 2272/2518/2279 2271/2517/2278 2210/2449/2226
f 2210/2449/2226 2211/2450/2227 2272/2518/2279
f 2212/2451/2228 2272/2518/2279 2211/2450/2227
f 2162/2390/2008 2184/2421/2199 2163/2391/2179
f 2186/2423/2201 2163/2391/2179 2184/2421/2199
f 2163/2391/2179 2186/2423/2201 2165/2394/2180
f 2224/2465/2239 2165/2394/2180 2186/2423/2201
f 2165/2394/2180 2224/2465/2239 2167/2396/2181
f 2168/2398/2182 2167/2396/2181 2224/2465/2239
f 2273/2519/2195 2245/2489/2260 2274/2520/2254
f 2240/2521/2255 2274/2520/2254 2245/2489/2260
f 2245/2489/2260 2244/2488/2259 2240/2521/2255
f 2275/2522/2280 2240/2521/2255 2244/2488/2259
f 2244/2488/2259 2243/2487/2258 2275/2522/2280
f 2254/2523/2265 2275/2522/2280 2243/2487/2258
f 2216/2456/2222 2217/2457/2232 2276/2524/2281
f 2219/2459/2234 2276/2524/2281 2217/2457/2232
f 2276/2524/2281 2219/2459/2234 1990/2195/1993
f 2109/2196/1994 1990/2195/1993 2219/2459/2234
f 2276/2525/2281 1990/2291/1993 2208/2447/2224
f 2073/2293/2087 2208/2447/2224 1990/2291/1993
f 2208/2447/2224 2073/2293/2087 2205/2443/2220
f 2164/2211/2009 2277/2526/1996 1998/2209/2007
f 1992/2527/1998 1998/2209/2007 2277/2526/1996
f 1998/2209/2007 1992/2527/1998 2134/2528/2149
f 2129/2353/2144 2278/2529/2197 2279/2530/2282
f 1997/2531/2006 2279/2530/2282 2278/2529/2197
f 2279/2530/2282 1997/2531/2006 2267/2513/2004
f 2154/2379/2169 2252/2496/2263 2156/2381/2171
f 2235/2477/2250 2156/2381/2171 2252/2496/2263
f 2252/2496/2263 2124/2346/2137 2235/2477/2250
f 2189/2426/2204 2190/2427/2205 2188/2425/2203
f 2222/2463/2237 2188/2425/2203 2190/2427/2205
f 2188/2425/2203 2222/2463/2237 2223/2464/2238
f 2087/2307/2101 2088/2308/2102 2196/2433/2211
f 2089/2309/2103 2196/2433/2211 2088/2308/2102
f 2196/2433/2211 2089/2309/2103 2090/2310/2104
f 2202/2440/2217 2201/2439/2216 2280/2532/2283
f 2281/2533/2284 2280/2532/2283 2201/2439/2216
f 2201/2439/2216 2193/2430/2208 2281/2533/2284
f 2261/2507/2270 2229/2470/2244 2263/2509/2272
f 2228/2469/2243 2263/2509/2272 2229/2470/2244
f 2263/2509/2272 2228/2469/2243 2265/2511/2274
f 2226/2467/2241 2282/2534/2285 2227/2468/2242
f 2283/2535/2286 2227/2468/2242 2282/2534/2285
f 2227/2468/2242 2283/2535/2286 2228/2469/2243
f 2173/2403/2187 2175/2405/2189 2006/2219/2017
f 2007/2220/2018 2006/2219/2017 2175/2405/2189
f 2175/2405/2189 2008/2223/2021 2007/2220/2018
f 2277/2198/1996 2284/2536/2287 1991/2199/1997
f 2053/2202/2000 1991/2199/1997 2284/2536/2287
f 2277/2537/1996 2166/2270/2068 2284/2538/2287
f 2053/2272/2000 2284/2538/2287 2166/2270/2068
f 2028/2244/2042 2027/2243/2041 2120/2341/2132
f 2121/2342/2133 2120/2341/2132 2027/2243/2041
f 2148/2373/2163 2146/2371/2161 2257/2503/2266
f 2258/2504/2267 2257/2503/2266 2146/2371/2161
f 2272/2518/2279 2212/2451/2228 2285/2539/2288
f 2213/2452/2229 2285/2539/2288 2212/2451/2228
f 2206/2444/2221 2207/2446/2223 2269/2515/2276
f 2209/2448/2225 2269/2515/2276 2207/2446/2223
f 2111/2438/2123 2150/2540/2165 2250/2494/2261
f 2249/2493/2178 2250/2494/2261 2150/2540/2165
f 2110/2330/2122 2132/2356/2147 2112/2333/2124
f 2114/2335/2126 2112/2333/2124 2132/2356/2147
f 2129/2353/2144 2279/2530/2282 2266/2512/2275
f 2267/2513/2004 2266/2512/2275 2279/2530/2282
f 2274/2482/2254 2239/2481/2253 2273/2541/2195
f 2238/2480/2196 2273/2541/2195 2239/2481/2253
f 2240/2521/2255 2275/2522/2280 2241/2542/2256
f 2254/2523/2265 2241/2542/2256 2275/2522/2280
f 2012/2228/2026 2014/2230/2028 2122/2344/2135
f 2016/2232/2030 2122/2344/2135 2014/2230/2028
f 2108/2328/2022 2106/2326/2120 2182/2417/2020
f 2104/2324/2118 2182/2417/2020 2106/2326/2120
f 2216/2445/2222 2276/2525/2281 2208/2447/2224
f 1993/2201/1999 1994/2203/2001 2121/2342/2133
f 1996/2207/2005 1998/2209/2007 2134/2528/2149
f 2268/2205/2003 1996/2207/2005 2135/2543/2150
f 2117/2338/2129 2118/2339/2130 2115/2336/2127
f 2159/2384/2174 2155/2380/2170 2157/2382/2172
f 2037/2253/2051 2214/2453/2230 2035/2251/2049
f 2086/2306/2100 2049/2265/2063 2046/2262/2060
f 2085/2305/2099 2194/2431/2209 2083/2303/2097
f 2215/2455/2231 2206/2454/2221 2230/2471/2245
f 2150/2375/2165 2151/2376/2166 2249/2389/2178
f 2020/2236/2034 2251/2495/2262 2022/2238/2036
f 2186/2423/2201 2188/2425/2203 2224/2465/2239
f 2197/2434/2212 2196/2433/2211 2090/2310/2104
f 2195/2432/2210 2147/2372/2162 2149/2374/2164
f 2084/2304/2098 2082/2302/2096 2080/2300/2094
f 2169/2399/2183 2242/2485/2065 2052/2397/2067
f 2051/2268/2066 2242/2267/2065 2253/2498/2264
f 2255/2486/2257 2054/2273/2069 2256/2343/2134
f 2156/2381/2171 2235/2477/2250 2158/2383/2173
f 2180/2413/2194 2246/2412/2193 2273/2414/2195
f 2245/2489/2260 2273/2519/2195 2246/2490/2193
f 2224/2465/2239 2170/2400/2184 2168/2398/2182
f 2091/2311/2105 2064/2283/2079 2061/2280/2076
usemtl g1_mesh_-18.002
f 2350/2544/2289 2501/2545/2290 2294/2546/2291
f 2286/2547/2292 2294/2546/2291 2501/2545/2290
f 2501/2545/2290 2287/2548/2293 2286/2547/2292
f 2288/2549/2294 2286/2547/2292 2287/2548/2293
f 2287/2548/2293 2500/2550/2295 2288/2549/2294
f 2289/2551/2296 2288/2549/2294 2500/2550/2295
f 2424/2552/2297 2290/2553/2298 2291/2554/2299
f 2292/2555/2300 2291/2554/2299 2290/2553/2298
f 2291/2554/2299 2292/2555/2300 2293/2556/2301
f 2294/2557/2291 2293/2556/2301 2292/2555/2300
f 2293/2556/2301 2294/2557/2291 2286/2558/2292
f 2295/2559/2302 2296/2560/2303 2297/2561/2304
f 2298/2562/2305 2297/2561/2304 2296/2560/2303
f 2296/2560/2303 2299/2563/2306 2298/2562/2305
f 2300/2564/2307 2298/2562/2305 2299/2563/2306
f 2299/2563/2306 2301/2565/2308 2300/2564/2307
f 2302/2566/2309 2298/2562/2305 2303/2567/2310
f 2304/2568/2311 2303/2567/2310 2298/2562/2305
f 2298/2562/2305 2300/2564/2307 2304/2568/2311
f 2305/2569/2312 2304/2568/2311 2300/2564/2307
f 2300/2564/2307 2306/2570/2313 2305/2569/2312
f 2307/2571/2314 2308/2572/2315 2309/2573/2316
f 2288/2549/2294 2309/2573/2316 2308/2572/2315
f 2308/2572/2315 2310/2574/2317 2288/2549/2294
f 2286/2547/2292 2288/2549/2294 2310/2574/2317
f 2310/2574/2317 2396/2575/2318 2286/2547/2292
f 2308/2576/2315 2311/2577/2319 2312/2578/2320
f 2483/2579/2321 2312/2578/2320 2311/2577/2319
f 2311/2577/2319 2313/2580/2322 2483/2579/2321
f 2503/2581/2323 2483/2579/2321 2313/2580/2322
f 2313/2580/2322 2314/2582/2324 2503/2581/2323
f 2315/2583/2325 2316/2584/2326 2317/2585/2327
f 2318/2586/2328 2317/2585/2327 2316/2584/2326
f 2316/2584/2326 2319/2587/2329 2318/2586/2328
f 2320/2588/2330 2318/2586/2328 2319/2587/2329
f 2319/2587/2329 2321/2589/2331 2320/2588/2330
f 2322/2590/2332 2323/2591/2333 2324/2592/2334
f 2325/2593/2335 2324/2592/2334 2323/2591/2333
f 2324/2592/2334 2325/2593/2335 2326/2594/2336
f 2327/2595/2337 2326/2594/2336 2325/2593/2335
f 2328/2596/2338 2329/2597/2339 2330/2598/2340
f 2331/2599/2341 2330/2598/2340 2329/2597/2339
f 2329/2597/2339 2332/2600/2342 2331/2599/2341
f 2333/2601/2343 2331/2599/2341 2332/2600/2342
f 2424/2602/2297 2334/2603/2344 2335/2604/2345
f 2336/2605/2346 2335/2604/2345 2334/2603/2344
f 2335/2604/2345 2336/2605/2346 2337/2606/2347
f 2338/2607/2348 2337/2606/2347 2336/2605/2346
f 2339/2608/2349 2340/2609/2350 2341/2610/2351
f 2342/2611/2352 2341/2610/2351 2340/2609/2350
f 2341/2610/2351 2342/2611/2352 2343/2612/2353
f 2344/2613/2354 2343/2612/2353 2342/2611/2352
f 2345/2614/2355 2346/2615/2356 2347/2616/2357
f 2348/2617/2358 2347/2616/2357 2346/2615/2356
f 2346/2615/2356 2349/2618/2359 2348/2617/2358
f 2350/2619/2289 2348/2617/2358 2349/2618/2359
f 2351/2620/2360 2352/2621/2361 2353/2622/2362
f 2354/2623/2363 2353/2622/2362 2352/2621/2361
f 2353/2622/2362 2354/2623/2363 2355/2624/2364
f 2356/2625/2365 2355/2624/2364 2354/2623/2363
f 2357/2626/2366 2314/2627/2324 2358/2628/2367
f 2359/2629/2368 2358/2628/2367 2314/2627/2324
f 2314/2627/2324 2369/2630/2369 2359/2629/2368
f 2360/2631/2370 2361/2632/2371 2301/2565/2308
f 2362/2633/2372 2301/2565/2308 2361/2632/2371
f 2301/2565/2308 2362/2633/2372 2300/2564/2307
f 2363/2634/2373 2300/2564/2307 2362/2633/2372
f 2300/2564/2307 2363/2634/2373 2306/2570/2313
f 2364/2635/2374 2306/2570/2313 2363/2634/2373
f 2317/2585/2327 2365/2636/2375 2315/2583/2325
f 2366/2637/2376 2315/2583/2325 2365/2636/2375
f 2315/2583/2325 2366/2637/2376 2348/2617/2358
f 2367/2638/2377 2348/2617/2358 2366/2637/2376
f 2348/2617/2358 2367/2638/2377 2347/2616/2357
f 2402/2639/2378 2347/2616/2357 2367/2638/2377
f 2347/2616/2357 2402/2639/2378 2345/2614/2355
f 2368/2640/2379 2345/2614/2355 2402/2639/2378
f 2345/2614/2355 2368/2640/2379 2369/2641/2369
f 2370/2642/2380 2369/2641/2369 2368/2640/2379
f 2401/2643/2381 2371/2644/2382 2372/2645/2383
f 2373/2646/2384 2372/2645/2383 2371/2644/2382
f 2371/2644/2382 2374/2647/2385 2373/2646/2384
f 2375/2648/2386 2373/2646/2384 2374/2647/2385
f 2374/2647/2385 2376/2649/2387 2375/2648/2386
f 2377/2650/2388 2375/2648/2386 2376/2649/2387
f 2376/2649/2387 2378/2651/2389 2377/2650/2388
f 2379/2652/2390 2377/2650/2388 2378/2651/2389
f 2378/2651/2389 2380/2653/2391 2379/2652/2390
f 2401/2643/2381 2496/2654/2392 2371/2644/2382
f 2366/2655/2376 2371/2644/2382 2496/2654/2392
f 2371/2644/2382 2366/2655/2376 2374/2647/2385
f 2381/2656/2393 2374/2647/2385 2366/2655/2376
f 2374/2647/2385 2381/2656/2393 2376/2649/2387
f 2382/2657/2394 2376/2649/2387 2381/2656/2393
f 2376/2649/2387 2382/2657/2394 2378/2651/2389
f 2383/2658/2395 2378/2651/2389 2382/2657/2394
f 2378/2651/2389 2383/2658/2395 2380/2653/2391
f 2334/2603/2344 2424/2602/2297 2384/2659/2396
f 2385/2660/2397 2384/2659/2396 2424/2602/2297
f 2424/2602/2297 2386/2661/2398 2385/2660/2397
f 2387/2662/2399 2385/2660/2397 2386/2661/2398
f 2386/2661/2398 2388/2663/2400 2387/2662/2399
f 2389/2664/2401 2387/2662/2399 2388/2663/2400
f 2388/2663/2400 2390/2665/2402 2389/2664/2401
f 2391/2666/2403 2389/2664/2401 2390/2665/2402
f 2390/2665/2402 2392/2667/2404 2391/2666/2403
f 2498/2668/2405 2499/2669/2406 2393/2670/2407
f 2394/2671/2408 2393/2670/2407 2499/2669/2406
f 2393/2670/2407 2394/2671/2408 2491/2672/2409
f 2395/2673/2410 2491/2672/2409 2394/2671/2408
f 2491/2672/2409 2395/2673/2410 2396/2674/2318
f 2397/2675/2411 2396/2674/2318 2395/2673/2410
f 2396/2674/2318 2397/2675/2411 2398/2676/2412
f 2468/2677/2413 2398/2676/2412 2397/2675/2411
f 2398/2676/2412 2468/2677/2413 2399/2678/2414
f 2372/2679/2383 2400/2680/2415 2401/2681/2381
f 2402/2682/2378 2401/2681/2381 2400/2680/2415
f 2400/2680/2415 2403/2683/2416 2402/2682/2378
f 2368/2684/2379 2402/2682/2378 2403/2683/2416
f 2403/2683/2416 2404/2685/2417 2368/2684/2379
f 2405/2686/2418 2368/2684/2379 2404/2685/2417
f 2404/2685/2417 2406/2687/2419 2405/2686/2418
f 2467/2688/2420 2405/2686/2418 2406/2687/2419
f 2406/2687/2419 2466/2689/2421 2467/2688/2420
f 2349/2618/2359 2346/2615/2356 2407/2690/2422
f 2408/2691/2423 2407/2690/2422 2346/2615/2356
f 2346/2615/2356 2345/2614/2355 2408/2691/2423
f 2409/2692/2424 2408/2691/2423 2345/2614/2355
f 2345/2614/2355 2410/2693/2425 2409/2692/2424
f 2411/2694/2426 2409/2692/2424 2410/2693/2425
f 2410/2693/2425 2313/2580/2322 2411/2694/2426
f 2412/2695/2427 2411/2694/2426 2313/2580/2322
f 2313/2580/2322 2311/2577/2319 2412/2695/2427
f 2413/2696/2428 2414/2697/2429 2415/2698/2430
f 2416/2699/2431 2415/2698/2430 2414/2697/2429
f 2414/2697/2429 2417/2700/2432 2416/2699/2431
f 2418/2701/2433 2416/2699/2431 2417/2700/2432
f 2417/2700/2432 2419/2702/2434 2418/2701/2433
f 2418/2701/2433 2419/2702/2434 2420/2703/2435
f 2421/2704/2436 2420/2703/2435 2419/2702/2434
f 2420/2703/2435 2421/2704/2436 2422/2705/2437
f 2423/2706/2438 2422/2705/2437 2421/2704/2436
f 2512/2707/2439 2424/2708/2297 2425/2709/2440
f 2456/2710/2441 2425/2709/2440 2424/2708/2297
f 2425/2709/2440 2456/2710/2441 2426/2711/2442
f 2399/2712/2414 2426/2711/2442 2456/2710/2441
f 2426/2711/2442 2399/2712/2414 2427/2713/2443
f 2428/2714/2444 2427/2713/2443 2399/2712/2414
f 2427/2713/2443 2428/2714/2444 2509/2715/2445
f 2429/2716/2446 2509/2715/2445 2428/2714/2444
f 2370/2642/2380 2405/2717/2418 2359/2629/2368
f 2430/2718/2447 2359/2629/2368 2405/2717/2418
f 2359/2629/2368 2430/2718/2447 2431/2719/2448
f 2432/2720/2449 2431/2719/2448 2430/2718/2447
f 2431/2719/2448 2432/2720/2449 2433/2721/2450
f 2434/2722/2451 2433/2721/2450 2432/2720/2449
f 2433/2721/2450 2434/2722/2451 2435/2723/2452
f 2436/2724/2453 2435/2723/2452 2434/2722/2451
f 2379/2652/2390 2437/2725/2454 2377/2650/2388
f 2342/2611/2352 2377/2650/2388 2437/2725/2454
f 2377/2650/2388 2342/2611/2352 2375/2648/2386
f 2340/2609/2350 2375/2648/2386 2342/2611/2352
f 2375/2648/2386 2340/2609/2350 2373/2646/2384
f 2339/2608/2349 2373/2646/2384 2340/2609/2350
f 2373/2646/2384 2339/2608/2349 2372/2645/2383
f 2438/2726/2455 2439/2727/2456 2322/2590/2332
f 2440/2728/2457 2322/2590/2332 2439/2727/2456
f 2322/2590/2332 2440/2728/2457 2323/2591/2333
f 2441/2729/2458 2323/2591/2333 2440/2728/2457
f 2323/2591/2333 2441/2729/2458 2325/2593/2335
f 2442/2730/2459 2325/2593/2335 2441/2729/2458
f 2325/2593/2335 2442/2730/2459 2327/2595/2337
f 2348/2617/2358 2350/2619/2289 2315/2583/2325
f 2316/2584/2326 2315/2583/2325 2350/2619/2289
f 2350/2619/2289 2443/2731/2460 2316/2584/2326
f 2319/2587/2329 2316/2584/2326 2443/2731/2460
f 2443/2731/2460 2444/2732/2461 2319/2587/2329
f 2321/2589/2331 2319/2587/2329 2444/2732/2461
f 2444/2732/2461 2445/2733/2462 2321/2589/2331
f 2413/2696/2428 2446/2734/2463 2414/2697/2429
f 2417/2700/2432 2414/2697/2429 2446/2734/2463
f 2446/2734/2463 2356/2625/2365 2417/2700/2432
f 2419/2702/2434 2417/2700/2432 2356/2625/2365
f 2356/2625/2365 2354/2623/2363 2419/2702/2434
f 2421/2704/2436 2419/2702/2434 2354/2623/2363
f 2354/2623/2363 2447/2735/2464 2421/2704/2436
f 2493/2736/2465 2448/2737/2466 2509/2715/2445
f 2427/2713/2443 2509/2715/2445 2448/2737/2466
f 2448/2737/2466 2449/2738/2467 2427/2713/2443
f 2425/2709/2440 2427/2713/2443 2449/2738/2467
f 2449/2738/2467 2450/2739/2468 2425/2709/2440
f 2512/2707/2439 2425/2709/2440 2450/2739/2468
f 2403/2683/2416 2451/2740/2469 2404/2685/2417
f 2452/2741/2470 2404/2685/2417 2451/2740/2469
f 2451/2740/2469 2453/2742/2471 2452/2741/2470
f 2454/2743/2472 2452/2741/2470 2453/2742/2471
f 2453/2742/2471 2455/2744/2473 2454/2743/2472
f 2429/2745/2446 2454/2743/2472 2455/2744/2473
f 2424/2552/2297 2291/2554/2299 2456/2746/2441
f 2399/2678/2414 2456/2746/2441 2291/2554/2299
f 2291/2554/2299 2293/2556/2301 2399/2678/2414
f 2398/2676/2412 2399/2678/2414 2293/2556/2301
f 2293/2556/2301 2286/2558/2292 2398/2676/2412
f 2396/2674/2318 2398/2676/2412 2286/2558/2292
f 2405/2717/2418 2467/2747/2420 2457/2748/2474
f 2458/2749/2475 2457/2748/2474 2467/2747/2420
f 2457/2748/2474 2458/2749/2475 2434/2722/2451
f 2459/2750/2476 2434/2722/2451 2458/2749/2475
f 2434/2722/2451 2459/2750/2476 2436/2724/2453
f 2460/2751/2477 2436/2724/2453 2459/2750/2476
f 2359/2629/2368 2369/2630/2369 2370/2642/2380
f 2448/2737/2466 2461/2752/2478 2449/2738/2467
f 2462/2753/2479 2449/2738/2467 2461/2752/2478
f 2449/2738/2467 2462/2753/2479 2450/2739/2468
f 2404/2685/2417 2452/2741/2470 2406/2687/2419
f 2454/2743/2472 2406/2687/2419 2452/2741/2470
f 2406/2687/2419 2454/2743/2472 2429/2745/2446
f 2405/2717/2418 2457/2748/2474 2430/2718/2447
f 2432/2720/2449 2430/2718/2447 2457/2748/2474
f 2457/2748/2474 2434/2722/2451 2432/2720/2449
f 2362/2633/2372 2361/2632/2371 2463/2754/2480
f 2464/2755/2481 2463/2754/2480 2361/2632/2371
f 2361/2632/2371 2465/2756/2482 2464/2755/2481
f 2466/2757/2421 2428/2714/2444 2467/2758/2420
f 2499/2759/2406 2467/2758/2420 2428/2714/2444
f 2428/2714/2444 2468/2760/2413 2499/2759/2406
f 2469/2761/2483 2470/2762/2484 2471/2763/2485
f 2472/2764/2486 2471/2763/2485 2470/2762/2484
f 2470/2762/2484 2473/2765/2487 2472/2764/2486
f 2474/2766/2488 2475/2767/2489 2476/2768/2490
f 2413/2696/2428 2476/2768/2490 2475/2767/2489
f 2475/2767/2489 2446/2734/2463 2413/2696/2428
f 2477/2769/2491 2478/2770/2492 2479/2771/2493
f 2480/2772/2494 2479/2771/2493 2478/2770/2492
f 2478/2770/2492 2326/2594/2336 2480/2772/2494
f 2345/2614/2355 2369/2641/2369 2410/2693/2425
f 2313/2580/2322 2410/2693/2425 2369/2641/2369
f 2369/2641/2369 2314/2582/2324 2313/2580/2322
f 2314/2627/2324 2357/2626/2366 2503/2773/2323
f 2481/2774/2495 2503/2773/2323 2357/2626/2366
f 2357/2626/2366 2482/2775/2496 2481/2774/2495
f 2308/2572/2315 2312/2776/2320 2310/2574/2317
f 2483/2777/2321 2310/2574/2317 2312/2776/2320
f 2310/2574/2317 2483/2777/2321 2503/2778/2323
f 2397/2675/2411 2395/2673/2410 2468/2677/2413
f 2499/2669/2406 2468/2677/2413 2395/2673/2410
f 2395/2673/2410 2394/2671/2408 2499/2669/2406
f 2437/2725/2454 2484/2779/2497 2342/2611/2352
f 2344/2613/2354 2342/2611/2352 2484/2779/2497
f 2296/2560/2303 2360/2631/2370 2299/2563/2306
f 2301/2565/2308 2299/2563/2306 2360/2631/2370
f 2309/2573/2316 2288/2549/2294 2485/2780/2498
f 2289/2551/2296 2485/2780/2498 2288/2549/2294
f 2408/2691/2423 2409/2692/2424 2486/2781/2499
f 2411/2694/2426 2486/2781/2499 2409/2692/2424
f 2350/2782/2289 2294/2557/2291 2487/2783/2500
f 2292/2555/2300 2487/2783/2500 2294/2557/2291
f 2418/2701/2433 2420/2703/2435 2488/2784/2501
f 2422/2705/2437 2488/2784/2501 2420/2703/2435
f 2442/2730/2459 2489/2785/2502 2327/2595/2337
f 2327/2595/2337 2489/2785/2502 2490/2786/2503
f 2503/2778/2323 2491/2787/2409 2310/2574/2317
f 2396/2575/2318 2310/2574/2317 2491/2787/2409
f 2298/2562/2305 2302/2566/2309 2297/2561/2304
f 2492/2788/2504 2493/2789/2465 2494/2790/2505
f 2405/2686/2418 2370/2642/2380 2368/2684/2379
f 2478/2770/2492 2324/2592/2334 2326/2594/2336
f 2393/2670/2407 2491/2672/2409 2495/2791/2506
f 2402/2682/2378 2496/2792/2392 2401/2681/2381
f 2366/2655/2376 2496/2654/2392 2367/2793/2377
f 2496/2794/2392 2402/2639/2378 2367/2638/2377
f 2338/2607/2348 2336/2605/2346 2497/2795/2507
f 2498/2796/2405 2467/2688/2420 2499/2797/2406
f 2350/2619/2289 2500/2798/2295 2501/2799/2290
f 2352/2621/2361 2447/2735/2464 2354/2623/2363
f 2473/2765/2487 2470/2762/2484 2307/2800/2314
f 2289/2801/2296 2502/2802/2508 2485/2803/2498
f 2423/2706/2438 2421/2704/2436 2447/2735/2464
f 2491/2804/2409 2503/2805/2323 2495/2806/2506
f 2466/2757/2421 2429/2716/2446 2428/2714/2444
f 2429/2745/2446 2466/2689/2421 2406/2687/2419
f 2425/2709/2440 2426/2711/2442 2427/2713/2443
f 2428/2714/2444 2399/2712/2414 2468/2760/2413
f 2501/2545/2290 2500/2550/2295 2287/2548/2293
f 2504/2807/2509 2497/2795/2507 2505/2808/2510
f 2336/2605/2346 2505/2808/2510 2497/2795/2507
f 2505/2808/2510 2336/2605/2346 2506/2809/2511
f 2334/2603/2344 2506/2809/2511 2336/2605/2346
f 2506/2809/2511 2334/2603/2344 2507/2810/2512
f 2384/2659/2396 2507/2810/2512 2334/2603/2344
f 2507/2810/2512 2384/2659/2396 2372/2679/2383
f 2385/2660/2397 2372/2679/2383 2384/2659/2396
f 2372/2679/2383 2385/2660/2397 2400/2680/2415
f 2387/2662/2399 2400/2680/2415 2385/2660/2397
f 2400/2680/2415 2387/2662/2399 2403/2683/2416
f 2389/2664/2401 2403/2683/2416 2387/2662/2399
f 2403/2683/2416 2389/2664/2401 2451/2740/2469
f 2391/2666/2403 2451/2740/2469 2389/2664/2401
f 2451/2740/2469 2391/2666/2403 2453/2742/2471
f 2392/2667/2404 2453/2742/2471 2391/2666/2403
f 2453/2742/2471 2392/2667/2404 2455/2744/2473
f 2508/2811/2513 2455/2744/2473 2392/2667/2404
f 2455/2744/2473 2508/2811/2513 2429/2745/2446
f 2494/2790/2505 2429/2745/2446 2508/2811/2513
f 2429/2745/2446 2494/2790/2505 2509/2812/2445
f 2493/2789/2465 2509/2812/2445 2494/2790/2505
f 2307/2800/2314 2470/2762/2484 2308/2576/2315
f 2311/2577/2319 2308/2576/2315 2470/2762/2484
f 2470/2762/2484 2469/2761/2483 2311/2577/2319
f 2412/2695/2427 2311/2577/2319 2469/2761/2483
f 2469/2761/2483 2474/2766/2488 2412/2695/2427
f 2411/2694/2426 2412/2695/2427 2474/2766/2488
f 2474/2766/2488 2476/2768/2490 2411/2694/2426
f 2486/2781/2499 2411/2694/2426 2476/2768/2490
f 2476/2768/2490 2413/2696/2428 2486/2781/2499
f 2408/2691/2423 2486/2781/2499 2413/2696/2428
f 2413/2696/2428 2415/2698/2430 2408/2691/2423
f 2407/2690/2422 2408/2691/2423 2415/2698/2430
f 2415/2698/2430 2416/2699/2431 2407/2690/2422
f 2349/2618/2359 2407/2690/2422 2416/2699/2431
f 2416/2699/2431 2418/2701/2433 2349/2618/2359
f 2350/2619/2289 2349/2618/2359 2418/2701/2433
f 2418/2701/2433 2488/2784/2501 2350/2619/2289
f 2500/2798/2295 2350/2619/2289 2488/2784/2501
f 2488/2784/2501 2510/2813/2514 2500/2798/2295
f 2289/2801/2296 2500/2798/2295 2510/2813/2514
f 2510/2813/2514 2511/2814/2515 2289/2801/2296
f 2502/2802/2508 2289/2801/2296 2511/2814/2515
f 2460/2751/2477 2438/2726/2455 2436/2724/2453
f 2322/2590/2332 2436/2724/2453 2438/2726/2455
f 2436/2724/2453 2322/2590/2332 2435/2723/2452
f 2324/2592/2334 2435/2723/2452 2322/2590/2332
f 2435/2723/2452 2324/2592/2334 2433/2721/2450
f 2478/2770/2492 2433/2721/2450 2324/2592/2334
f 2433/2721/2450 2478/2770/2492 2431/2719/2448
f 2477/2769/2491 2431/2719/2448 2478/2770/2492
f 2431/2719/2448 2477/2769/2491 2359/2629/2368
f 2479/2771/2493 2359/2629/2368 2477/2769/2491
f 2359/2629/2368 2479/2771/2493 2358/2628/2367
f 2480/2772/2494 2358/2628/2367 2479/2771/2493
f 2358/2628/2367 2480/2772/2494 2357/2626/2366
f 2326/2594/2336 2357/2626/2366 2480/2772/2494
f 2357/2626/2366 2326/2594/2336 2482/2775/2496
f 2327/2595/2337 2482/2775/2496 2326/2594/2336
f 2482/2775/2496 2327/2595/2337 2481/2774/2495
f 2490/2786/2503 2481/2774/2495 2327/2595/2337
f 2512/2815/2439 2295/2559/2302 2424/2602/2297
f 2386/2661/2398 2424/2602/2297 2295/2559/2302
f 2295/2559/2302 2297/2561/2304 2386/2661/2398
f 2388/2663/2400 2386/2661/2398 2297/2561/2304
f 2297/2561/2304 2302/2566/2309 2388/2663/2400
f 2390/2665/2402 2388/2663/2400 2302/2566/2309
f 2302/2566/2309 2303/2567/2310 2390/2665/2402
f 2392/2667/2404 2390/2665/2402 2303/2567/2310
f 2303/2567/2310 2328/2596/2338 2392/2667/2404
f 2508/2811/2513 2392/2667/2404 2328/2596/2338
f 2328/2596/2338 2330/2598/2340 2508/2811/2513
f 2494/2790/2505 2508/2811/2513 2330/2598/2340
f 2330/2598/2340 2331/2599/2341 2494/2790/2505
f 2492/2788/2504 2494/2790/2505 2331/2599/2341
f 2331/2599/2341 2333/2601/2343 2492/2788/2504
f 2295/2559/2302 2512/2815/2439 2296/2560/2303
f 2465/2756/2482 2296/2560/2303 2512/2815/2439
f 2296/2560/2303 2465/2756/2482 2360/2631/2370
f 2361/2632/2371 2360/2631/2370 2465/2756/2482
